sample	timestamp	elapsed_ms	device	read_iops	write_iops	discard_iops	flush_iops	read_merged_per_sec	write_merged_per_sec	discard_merged_per_sec	read_bytes_per_sec	write_bytes_per_sec	discard_bytes_per_sec	read_await_ms	write_await_ms	discard_await_ms	flush_await_ms	avg_read_request_bytes	avg_write_request_bytes	avg_discard_request_bytes	io_in_progress	io_util_pct	avg_queue_size
0	2026-09-13T03:48:14.83311432Z	0	loop0	0.000000	0.000000	0.000000	0.000000	0.000000	0.000000	0.000000	0.000000	0.000000	0.000000	0.000000	0.000000	0.000000	0.000000	0.000000	0.000000	0.000000	0	0.000000	0.000000
0	2026-09-13T03:48:14.83311432Z	0	loop1	0.000000	0.000000	0.000000	0.000000	0.000000	0.000000	0.000000	0.000000	0.000000	0.000000	0.000000	0.000000	0.000000	0.000000	0.000000	0.000000	0.000000	0	0.000000	0.000000
0	2026-09-13T03:48:14.83311432Z	0	loop10	0.000000	0.000000	0.000000	0.000000	0.000000	0.000000	0.000000	0.000000	0.000000	0.000000	0.000000	0.000000	0.000000	0.000000	0.000000	0.000000	0.000000	0	0.000000	0.000000
0	2026-09-13T03:48:14.83311432Z	0	loop11	0.000000	0.000000	0.000000	0.000000	0.000000	0.000000	0.000000	0.000000	0.000000	0.000000	0.000000	0.000000	0.000000	0.000000	0.000000	0.000000	0.000000	0	0.000000	0.000000
0	2026-09-13T03:48:14.83311432Z	0	loop2	0.000000	0.000000	0.000000	0.000000	0.000000	0.000000	0.000000	0.000000	0.000000	0.000000	0.000000	0.000000	0.000000	0.000000	0.000000	0.000000	0.000000	0	0.000000	0.000000
0	2026-09-13T03:48:14.83311432Z	0	loop3	0.000000	0.000000	0.000000	0.000000	0.000000	0.000000	0.000000	0.000000	0.000000	0.000000	0.000000	0.000000	0.000000	0.000000	0.000000	0.000000	0.000000	0	0.000000	0.000000
0	2026-09-13T03:48:14.83311432Z	0	loop4	0.000000	0.000000	0.000000	0.000000	0.000000	0.000000	0.000000	0.000000	0.000000	0.000000	0.000000	0.000000	0.000000	0.000000	0.000000	0.000000	0.000000	0	0.000000	0.000000
0	2026-09-13T03:48:14.83311432Z	0	loop5	0.000000	0.000000	0.000000	0.000000	0.000000	0.000000	0.000000	0.000000	0.000000	0.000000	0.000000	0.000000	0.000000	0.000000	0.000000	0.000000	0.000000	0	0.000000	0.000000
0	2026-09-13T03:48:14.83311432Z	0	loop6	0.000000	0.000000	0.000000	0.000000	0.000000	0.000000	0.000000	0.000000	0.000000	0.000000	0.000000	0.000000	0.000000	0.000000	0.000000	0.000000	0.000000	0	0.000000	0.000000
0	2026-09-13T03:48:14.83311432Z	0	loop7	0.000000	0.000000	0.000000	0.000000	0.000000	0.000000	0.000000	0.000000	0.000000	0.000000	0.000000	0.000000	0.000000	0.000000	0.000000	0.000000	0.000000	0	0.000000	0.000000
0	2026-09-13T03:48:14.83311432Z	0	loop8	0.000000	0.000000	0.000000	0.000000	0.000000	0.000000	0.000000	0.000000	0.000000	0.000000	0.000000	0.000000	0.000000	0.000000	0.000000	0.000000	0.000000	0	0.000000	0.000000
0	2026-09-13T03:48:14.83311432Z	0	loop9	0.000000	0.000000	0.000000	0.000000	0.000000	0.000000	0.000000	0.000000	0.000000	0.000000	0.000000	0.000000	0.000000	0.000000	0.000000	0.000000	0.000000	0	0.000000	0.000000
0	2026-09-13T03:48:14.83311432Z	0	nvme0n1	0.000000	0.000000	0.000000	0.000000	0.000000	0.000000	0.000000	0.000000	0.000000	0.000000	0.000000	0.000000	0.000000	0.000000	0.000000	0.000000	0.000000	0	0.000000	0.000000
1	2026-09-13T03:48:15.844033067Z	1010	loop0	0.000000	0.000000	0.000000	0.000000	0.000000	0.000000	0.000000	0.000000	0.000000	0.000000	0.000000	0.000000	0.000000	0.000000	0.000000	0.000000	0.000000	0	0.000000	0.000000
1	2026-09-13T03:48:15.844033067Z	1010	loop1	0.000000	0.000000	0.000000	0.000000	0.000000	0.000000	0.000000	0.000000	0.000000	0.000000	0.000000	0.000000	0.000000	0.000000	0.000000	0.000000	0.000000	0	0.000000	0.000000
1	2026-09-13T03:48:15.844033067Z	1010	loop10	0.000000	0.000000	0.000000	0.000000	0.000000	0.000000	0.000000	0.000000	0.000000	0.000000	0.000000	0.000000	0.000000	0.000000	0.000000	0.000000	0.000000	0	0.000000	0.000000
1	2026-09-13T03:48:15.844033067Z	1010	loop11	0.000000	0.000000	0.000000	0.000000	0.000000	0.000000	0.000000	0.000000	0.000000	0.000000	0.000000	0.000000	0.000000	0.000000	0.000000	0.000000	0.000000	0	0.000000	0.000000
1	2026-09-13T03:48:15.844033067Z	1010	loop2	0.000000	0.000000	0.000000	0.000000	0.000000	0.000000	0.000000	0.000000	0.000000	0.000000	0.000000	0.000000	0.000000	0.000000	0.000000	0.000000	0.000000	0	0.000000	0.000000
1	2026-09-13T03:48:15.844033067Z	1010	loop3	0.000000	0.000000	0.000000	0.000000	0.000000	0.000000	0.000000	0.000000	0.000000	0.000000	0.000000	0.000000	0.000000	0.000000	0.000000	0.000000	0.000000	0	0.000000	0.000000
1	2026-09-13T03:48:15.844033067Z	1010	loop4	0.000000	0.000000	0.000000	0.000000	0.000000	0.000000	0.000000	0.000000	0.000000	0.000000	0.000000	0.000000	0.000000	0.000000	0.000000	0.000000	0.000000	0	0.000000	0.000000
1	2026-09-13T03:48:15.844033067Z	1010	loop5	0.000000	0.000000	0.000000	0.000000	0.000000	0.000000	0.000000	0.000000	0.000000	0.000000	0.000000	0.000000	0.000000	0.000000	0.000000	0.000000	0.000000	0	0.000000	0.000000
1	2026-09-13T03:48:15.844033067Z	1010	loop6	0.000000	0.000000	0.000000	0.000000	0.000000	0.000000	0.000000	0.000000	0.000000	0.000000	0.000000	0.000000	0.000000	0.000000	0.000000	0.000000	0.000000	0	0.000000	0.000000
1	2026-09-13T03:48:15.844033067Z	1010	loop7	0.000000	0.000000	0.000000	0.000000	0.000000	0.000000	0.000000	0.000000	0.000000	0.000000	0.000000	0.000000	0.000000	0.000000	0.000000	0.000000	0.000000	0	0.000000	0.000000
1	2026-09-13T03:48:15.844033067Z	1010	loop8	0.000000	0.000000	0.000000	0.000000	0.000000	0.000000	0.000000	0.000000	0.000000	0.000000	0.000000	0.000000	0.000000	0.000000	0.000000	0.000000	0.000000	0	0.000000	0.000000
1	2026-09-13T03:48:15.844033067Z	1010	loop9	0.000000	0.000000	0.000000	0.000000	0.000000	0.000000	0.000000	0.000000	0.000000	0.000000	0.000000	0.000000	0.000000	0.000000	0.000000	0.000000	0.000000	0	0.000000	0.000000
1	2026-09-13T03:48:15.844033067Z	1010	nvme0n1	0.000000	0.000000	0.000000	0.000000	0.000000	0.000000	0.000000	0.000000	0.000000	0.000000	0.000000	0.000000	0.000000	0.000000	0.000000	0.000000	0.000000	0	0.000000	0.000000
2	2026-09-13T03:48:16.844029899Z	2010	loop0	0.000000	0.000000	0.000000	0.000000	0.000000	0.000000	0.000000	0.000000	0.000000	0.000000	0.000000	0.000000	0.000000	0.000000	0.000000	0.000000	0.000000	0	0.000000	0.000000
2	2026-09-13T03:48:16.844029899Z	2010	loop1	0.000000	0.000000	0.000000	0.000000	0.000000	0.000000	0.000000	0.000000	0.000000	0.000000	0.000000	0.000000	0.000000	0.000000	0.000000	0.000000	0.000000	0	0.000000	0.000000
2	2026-09-13T03:48:16.844029899Z	2010	loop10	0.000000	0.000000	0.000000	0.000000	0.000000	0.000000	0.000000	0.000000	0.000000	0.000000	0.000000	0.000000	0.000000	0.000000	0.000000	0.000000	0.000000	0	0.000000	0.000000
2	2026-09-13T03:48:16.844029899Z	2010	loop11	0.000000	0.000000	0.000000	0.000000	0.000000	0.000000	0.000000	0.000000	0.000000	0.000000	0.000000	0.000000	0.000000	0.000000	0.000000	0.000000	0.000000	0	0.000000	0.000000
2	2026-09-13T03:48:16.844029899Z	2010	loop2	0.000000	0.000000	0.000000	0.000000	0.000000	0.000000	0.000000	0.000000	0.000000	0.000000	0.000000	0.000000	0.000000	0.000000	0.000000	0.000000	0.000000	0	0.000000	0.000000
2	2026-09-13T03:48:16.844029899Z	2010	loop3	0.000000	0.000000	0.000000	0.000000	0.000000	0.000000	0.000000	0.000000	0.000000	0.000000	0.000000	0.000000	0.000000	0.000000	0.000000	0.000000	0.000000	0	0.000000	0.000000
2	2026-09-13T03:48:16.844029899Z	2010	loop4	0.000000	0.000000	0.000000	0.000000	0.000000	0.000000	0.000000	0.000000	0.000000	0.000000	0.000000	0.000000	0.000000	0.000000	0.000000	0.000000	0.000000	0	0.000000	0.000000
2	2026-09-13T03:48:16.844029899Z	2010	loop5	0.000000	0.000000	0.000000	0.000000	0.000000	0.000000	0.000000	0.000000	0.000000	0.000000	0.000000	0.000000	0.000000	0.000000	0.000000	0.000000	0.000000	0	0.000000	0.000000
2	2026-09-13T03:48:16.844029899Z	2010	loop6	0.000000	0.000000	0.000000	0.000000	0.000000	0.000000	0.000000	0.000000	0.000000	0.000000	0.000000	0.000000	0.000000	0.000000	0.000000	0.000000	0.000000	0	0.000000	0.000000
2	2026-09-13T03:48:16.844029899Z	2010	loop7	0.000000	0.000000	0.000000	0.000000	0.000000	0.000000	0.000000	0.000000	0.000000	0.000000	0.000000	0.000000	0.000000	0.000000	0.000000	0.000000	0.000000	0	0.000000	0.000000
2	2026-09-13T03:48:16.844029899Z	2010	loop8	0.000000	0.000000	0.000000	0.000000	0.000000	0.000000	0.000000	0.000000	0.000000	0.000000	0.000000	0.000000	0.000000	0.000000	0.000000	0.000000	0.000000	0	0.000000	0.000000
2	2026-09-13T03:48:16.844029899Z	2010	loop9	0.000000	0.000000	0.000000	0.000000	0.000000	0.000000	0.000000	0.000000	0.000000	0.000000	0.000000	0.000000	0.000000	0.000000	0.000000	0.000000	0.000000	0	0.000000	0.000000
2	2026-09-13T03:48:16.844029899Z	2010	nvme0n1	0.000000	0.000000	0.000000	0.000000	0.000000	0.000000	0.000000	0.000000	0.000000	0.000000	0.000000	0.000000	0.000000	0.000000	0.000000	0.000000	0.000000	0	0.000000	0.000000
3	2026-09-13T03:48:17.844263424Z	3011	loop0	0.000000	0.000000	0.000000	0.000000	0.000000	0.000000	0.000000	0.000000	0.000000	0.000000	0.000000	0.000000	0.000000	0.000000	0.000000	0.000000	0.000000	0	0.000000	0.000000
3	2026-09-13T03:48:17.844263424Z	3011	loop1	0.000000	0.000000	0.000000	0.000000	0.000000	0.000000	0.000000	0.000000	0.000000	0.000000	0.000000	0.000000	0.000000	0.000000	0.000000	0.000000	0.000000	0	0.000000	0.000000
3	2026-09-13T03:48:17.844263424Z	3011	loop10	0.000000	0.000000	0.000000	0.000000	0.000000	0.000000	0.000000	0.000000	0.000000	0.000000	0.000000	0.000000	0.000000	0.000000	0.000000	0.000000	0.000000	0	0.000000	0.000000
3	2026-09-13T03:48:17.844263424Z	3011	loop11	0.000000	0.000000	0.000000	0.000000	0.000000	0.000000	0.000000	0.000000	0.000000	0.000000	0.000000	0.000000	0.000000	0.000000	0.000000	0.000000	0.000000	0	0.000000	0.000000
3	2026-09-13T03:48:17.844263424Z	3011	loop2	0.000000	0.000000	0.000000	0.000000	0.000000	0.000000	0.000000	0.000000	0.000000	0.000000	0.000000	0.000000	0.000000	0.000000	0.000000	0.000000	0.000000	0	0.000000	0.000000
3	2026-09-13T03:48:17.844263424Z	3011	loop3	0.000000	0.000000	0.000000	0.000000	0.000000	0.000000	0.000000	0.000000	0.000000	0.000000	0.000000	0.000000	0.000000	0.000000	0.000000	0.000000	0.000000	0	0.000000	0.000000
3	2026-09-13T03:48:17.844263424Z	3011	loop4	0.000000	0.000000	0.000000	0.000000	0.000000	0.000000	0.000000	0.000000	0.000000	0.000000	0.000000	0.000000	0.000000	0.000000	0.000000	0.000000	0.000000	0	0.000000	0.000000
3	2026-09-13T03:48:17.844263424Z	3011	loop5	0.000000	0.000000	0.000000	0.000000	0.000000	0.000000	0.000000	0.000000	0.000000	0.000000	0.000000	0.000000	0.000000	0.000000	0.000000	0.000000	0.000000	0	0.000000	0.000000
3	2026-09-13T03:48:17.844263424Z	3011	loop6	0.000000	0.000000	0.000000	0.000000	0.000000	0.000000	0.000000	0.000000	0.000000	0.000000	0.000000	0.000000	0.000000	0.000000	0.000000	0.000000	0.000000	0	0.000000	0.000000
3	2026-09-13T03:48:17.844263424Z	3011	loop7	0.000000	0.000000	0.000000	0.000000	0.000000	0.000000	0.000000	0.000000	0.000000	0.000000	0.000000	0.000000	0.000000	0.000000	0.000000	0.000000	0.000000	0	0.000000	0.000000
3	2026-09-13T03:48:17.844263424Z	3011	loop8	0.000000	0.000000	0.000000	0.000000	0.000000	0.000000	0.000000	0.000000	0.000000	0.000000	0.000000	0.000000	0.000000	0.000000	0.000000	0.000000	0.000000	0	0.000000	0.000000
3	2026-09-13T03:48:17.844263424Z	3011	loop9	0.000000	0.000000	0.000000	0.000000	0.000000	0.000000	0.000000	0.000000	0.000000	0.000000	0.000000	0.000000	0.000000	0.000000	0.000000	0.000000	0.000000	0	0.000000	0.000000
3	2026-09-13T03:48:17.844263424Z	3011	nvme0n1	0.000000	2.999300	0.000000	0.000000	0.000000	0.000000	0.000000	0.000000	12285.131127	0.000000	0.000000	1.000000	0.000000	0.000000	0.000000	4096.000000	0.000000	0	0.399907	0.002999
4	2026-09-13T03:48:18.844879577Z	4011	loop0	0.000000	0.000000	0.000000	0.000000	0.000000	0.000000	0.000000	0.000000	0.000000	0.000000	0.000000	0.000000	0.000000	0.000000	0.000000	0.000000	0.000000	0	0.000000	0.000000
4	2026-09-13T03:48:18.844879577Z	4011	loop1	0.000000	0.000000	0.000000	0.000000	0.000000	0.000000	0.000000	0.000000	0.000000	0.000000	0.000000	0.000000	0.000000	0.000000	0.000000	0.000000	0.000000	0	0.000000	0.000000
4	2026-09-13T03:48:18.844879577Z	4011	loop10	0.000000	0.000000	0.000000	0.000000	0.000000	0.000000	0.000000	0.000000	0.000000	0.000000	0.000000	0.000000	0.000000	0.000000	0.000000	0.000000	0.000000	0	0.000000	0.000000
4	2026-09-13T03:48:18.844879577Z	4011	loop11	0.000000	0.000000	0.000000	0.000000	0.000000	0.000000	0.000000	0.000000	0.000000	0.000000	0.000000	0.000000	0.000000	0.000000	0.000000	0.000000	0.000000	0	0.000000	0.000000
4	2026-09-13T03:48:18.844879577Z	4011	loop2	0.000000	0.000000	0.000000	0.000000	0.000000	0.000000	0.000000	0.000000	0.000000	0.000000	0.000000	0.000000	0.000000	0.000000	0.000000	0.000000	0.000000	0	0.000000	0.000000
4	2026-09-13T03:48:18.844879577Z	4011	loop3	0.000000	0.000000	0.000000	0.000000	0.000000	0.000000	0.000000	0.000000	0.000000	0.000000	0.000000	0.000000	0.000000	0.000000	0.000000	0.000000	0.000000	0	0.000000	0.000000
4	2026-09-13T03:48:18.844879577Z	4011	loop4	0.000000	0.000000	0.000000	0.000000	0.000000	0.000000	0.000000	0.000000	0.000000	0.000000	0.000000	0.000000	0.000000	0.000000	0.000000	0.000000	0.000000	0	0.000000	0.000000
4	2026-09-13T03:48:18.844879577Z	4011	loop5	0.000000	0.000000	0.000000	0.000000	0.000000	0.000000	0.000000	0.000000	0.000000	0.000000	0.000000	0.000000	0.000000	0.000000	0.000000	0.000000	0.000000	0	0.000000	0.000000
4	2026-09-13T03:48:18.844879577Z	4011	loop6	0.000000	0.000000	0.000000	0.000000	0.000000	0.000000	0.000000	0.000000	0.000000	0.000000	0.000000	0.000000	0.000000	0.000000	0.000000	0.000000	0.000000	0	0.000000	0.000000
4	2026-09-13T03:48:18.844879577Z	4011	loop7	0.000000	0.000000	0.000000	0.000000	0.000000	0.000000	0.000000	0.000000	0.000000	0.000000	0.000000	0.000000	0.000000	0.000000	0.000000	0.000000	0.000000	0	0.000000	0.000000
4	2026-09-13T03:48:18.844879577Z	4011	loop8	0.000000	0.000000	0.000000	0.000000	0.000000	0.000000	0.000000	0.000000	0.000000	0.000000	0.000000	0.000000	0.000000	0.000000	0.000000	0.000000	0.000000	0	0.000000	0.000000
4	2026-09-13T03:48:18.844879577Z	4011	loop9	0.000000	0.000000	0.000000	0.000000	0.000000	0.000000	0.000000	0.000000	0.000000	0.000000	0.000000	0.000000	0.000000	0.000000	0.000000	0.000000	0.000000	0	0.000000	0.000000
4	2026-09-13T03:48:18.844879577Z	4011	nvme0n1	0.000000	10.993226	0.000000	0.000000	0.000000	24.984606	0.000000	0.000000	2104047.582666	0.000000	0.000000	2.727273	0.000000	0.000000	0.000000	191394.909091	0.000000	0	1.599015	0.029982
5	2026-09-13T03:48:19.844758394Z	5011	loop0	0.000000	0.000000	0.000000	0.000000	0.000000	0.000000	0.000000	0.000000	0.000000	0.000000	0.000000	0.000000	0.000000	0.000000	0.000000	0.000000	0.000000	0	0.000000	0.000000
5	2026-09-13T03:48:19.844758394Z	5011	loop1	0.000000	0.000000	0.000000	0.000000	0.000000	0.000000	0.000000	0.000000	0.000000	0.000000	0.000000	0.000000	0.000000	0.000000	0.000000	0.000000	0.000000	0	0.000000	0.000000
5	2026-09-13T03:48:19.844758394Z	5011	loop10	0.000000	0.000000	0.000000	0.000000	0.000000	0.000000	0.000000	0.000000	0.000000	0.000000	0.000000	0.000000	0.000000	0.000000	0.000000	0.000000	0.000000	0	0.000000	0.000000
5	2026-09-13T03:48:19.844758394Z	5011	loop11	0.000000	0.000000	0.000000	0.000000	0.000000	0.000000	0.000000	0.000000	0.000000	0.000000	0.000000	0.000000	0.000000	0.000000	0.000000	0.000000	0.000000	0	0.000000	0.000000
5	2026-09-13T03:48:19.844758394Z	5011	loop2	0.000000	0.000000	0.000000	0.000000	0.000000	0.000000	0.000000	0.000000	0.000000	0.000000	0.000000	0.000000	0.000000	0.000000	0.000000	0.000000	0.000000	0	0.000000	0.000000
5	2026-09-13T03:48:19.844758394Z	5011	loop3	0.000000	0.000000	0.000000	0.000000	0.000000	0.000000	0.000000	0.000000	0.000000	0.000000	0.000000	0.000000	0.000000	0.000000	0.000000	0.000000	0.000000	0	0.000000	0.000000
5	2026-09-13T03:48:19.844758394Z	5011	loop4	0.000000	0.000000	0.000000	0.000000	0.000000	0.000000	0.000000	0.000000	0.000000	0.000000	0.000000	0.000000	0.000000	0.000000	0.000000	0.000000	0.000000	0	0.000000	0.000000
5	2026-09-13T03:48:19.844758394Z	5011	loop5	0.000000	0.000000	0.000000	0.000000	0.000000	0.000000	0.000000	0.000000	0.000000	0.000000	0.000000	0.000000	0.000000	0.000000	0.000000	0.000000	0.000000	0	0.000000	0.000000
5	2026-09-13T03:48:19.844758394Z	5011	loop6	0.000000	0.000000	0.000000	0.000000	0.000000	0.000000	0.000000	0.000000	0.000000	0.000000	0.000000	0.000000	0.000000	0.000000	0.000000	0.000000	0.000000	0	0.000000	0.000000
5	2026-09-13T03:48:19.844758394Z	5011	loop7	0.000000	0.000000	0.000000	0.000000	0.000000	0.000000	0.000000	0.000000	0.000000	0.000000	0.000000	0.000000	0.000000	0.000000	0.000000	0.000000	0.000000	0	0.000000	0.000000
5	2026-09-13T03:48:19.844758394Z	5011	loop8	0.000000	0.000000	0.000000	0.000000	0.000000	0.000000	0.000000	0.000000	0.000000	0.000000	0.000000	0.000000	0.000000	0.000000	0.000000	0.000000	0.000000	0	0.000000	0.000000
5	2026-09-13T03:48:19.844758394Z	5011	loop9	0.000000	0.000000	0.000000	0.000000	0.000000	0.000000	0.000000	0.000000	0.000000	0.000000	0.000000	0.000000	0.000000	0.000000	0.000000	0.000000	0.000000	0	0.000000	0.000000
5	2026-09-13T03:48:19.844758394Z	5011	nvme0n1	0.000000	0.000000	0.000000	0.000000	0.000000	0.000000	0.000000	0.000000	0.000000	0.000000	0.000000	0.000000	0.000000	0.000000	0.000000	0.000000	0.000000	0	0.000000	0.000000
6	2026-09-13T03:48:20.84455938Z	6011	loop0	0.000000	0.000000	0.000000	0.000000	0.000000	0.000000	0.000000	0.000000	0.000000	0.000000	0.000000	0.000000	0.000000	0.000000	0.000000	0.000000	0.000000	0	0.000000	0.000000
6	2026-09-13T03:48:20.84455938Z	6011	loop1	0.000000	0.000000	0.000000	0.000000	0.000000	0.000000	0.000000	0.000000	0.000000	0.000000	0.000000	0.000000	0.000000	0.000000	0.000000	0.000000	0.000000	0	0.000000	0.000000
6	2026-09-13T03:48:20.84455938Z	6011	loop10	0.000000	0.000000	0.000000	0.000000	0.000000	0.000000	0.000000	0.000000	0.000000	0.000000	0.000000	0.000000	0.000000	0.000000	0.000000	0.000000	0.000000	0	0.000000	0.000000
6	2026-09-13T03:48:20.84455938Z	6011	loop11	0.000000	0.000000	0.000000	0.000000	0.000000	0.000000	0.000000	0.000000	0.000000	0.000000	0.000000	0.000000	0.000000	0.000000	0.000000	0.000000	0.000000	0	0.000000	0.000000
6	2026-09-13T03:48:20.84455938Z	6011	loop2	0.000000	0.000000	0.000000	0.000000	0.000000	0.000000	0.000000	0.000000	0.000000	0.000000	0.000000	0.000000	0.000000	0.000000	0.000000	0.000000	0.000000	0	0.000000	0.000000
6	2026-09-13T03:48:20.84455938Z	6011	loop3	0.000000	0.000000	0.000000	0.000000	0.000000	0.000000	0.000000	0.000000	0.000000	0.000000	0.000000	0.000000	0.000000	0.000000	0.000000	0.000000	0.000000	0	0.000000	0.000000
6	2026-09-13T03:48:20.84455938Z	6011	loop4	0.000000	0.000000	0.000000	0.000000	0.000000	0.000000	0.000000	0.000000	0.000000	0.000000	0.000000	0.000000	0.000000	0.000000	0.000000	0.000000	0.000000	0	0.000000	0.000000
6	2026-09-13T03:48:20.84455938Z	6011	loop5	0.000000	0.000000	0.000000	0.000000	0.000000	0.000000	0.000000	0.000000	0.000000	0.000000	0.000000	0.000000	0.000000	0.000000	0.000000	0.000000	0.000000	0	0.000000	0.000000
6	2026-09-13T03:48:20.84455938Z	6011	loop6	0.000000	0.000000	0.000000	0.000000	0.000000	0.000000	0.000000	0.000000	0.000000	0.000000	0.000000	0.000000	0.000000	0.000000	0.000000	0.000000	0.000000	0	0.000000	0.000000
6	2026-09-13T03:48:20.84455938Z	6011	loop7	0.000000	0.000000	0.000000	0.000000	0.000000	0.000000	0.000000	0.000000	0.000000	0.000000	0.000000	0.000000	0.000000	0.000000	0.000000	0.000000	0.000000	0	0.000000	0.000000
6	2026-09-13T03:48:20.84455938Z	6011	loop8	0.000000	0.000000	0.000000	0.000000	0.000000	0.000000	0.000000	0.000000	0.000000	0.000000	0.000000	0.000000	0.000000	0.000000	0.000000	0.000000	0.000000	0	0.000000	0.000000
6	2026-09-13T03:48:20.84455938Z	6011	loop9	0.000000	0.000000	0.000000	0.000000	0.000000	0.000000	0.000000	0.000000	0.000000	0.000000	0.000000	0.000000	0.000000	0.000000	0.000000	0.000000	0.000000	0	0.000000	0.000000
6	2026-09-13T03:48:20.84455938Z	6011	nvme0n1	0.000000	0.000000	0.000000	0.000000	0.000000	0.000000	0.000000	0.000000	0.000000	0.000000	0.000000	0.000000	0.000000	0.000000	0.000000	0.000000	0.000000	0	0.000000	0.000000
7	2026-09-13T03:48:21.844075114Z	7010	loop0	0.000000	0.000000	0.000000	0.000000	0.000000	0.000000	0.000000	0.000000	0.000000	0.000000	0.000000	0.000000	0.000000	0.000000	0.000000	0.000000	0.000000	0	0.000000	0.000000
7	2026-09-13T03:48:21.844075114Z	7010	loop1	0.000000	0.000000	0.000000	0.000000	0.000000	0.000000	0.000000	0.000000	0.000000	0.000000	0.000000	0.000000	0.000000	0.000000	0.000000	0.000000	0.000000	0	0.000000	0.000000
7	2026-09-13T03:48:21.844075114Z	7010	loop10	0.000000	0.000000	0.000000	0.000000	0.000000	0.000000	0.000000	0.000000	0.000000	0.000000	0.000000	0.000000	0.000000	0.000000	0.000000	0.000000	0.000000	0	0.000000	0.000000
7	2026-09-13T03:48:21.844075114Z	7010	loop11	0.000000	0.000000	0.000000	0.000000	0.000000	0.000000	0.000000	0.000000	0.000000	0.000000	0.000000	0.000000	0.000000	0.000000	0.000000	0.000000	0.000000	0	0.000000	0.000000
7	2026-09-13T03:48:21.844075114Z	7010	loop2	0.000000	0.000000	0.000000	0.000000	0.000000	0.000000	0.000000	0.000000	0.000000	0.000000	0.000000	0.000000	0.000000	0.000000	0.000000	0.000000	0.000000	0	0.000000	0.000000
7	2026-09-13T03:48:21.844075114Z	7010	loop3	0.000000	0.000000	0.000000	0.000000	0.000000	0.000000	0.000000	0.000000	0.000000	0.000000	0.000000	0.000000	0.000000	0.000000	0.000000	0.000000	0.000000	0	0.000000	0.000000
7	2026-09-13T03:48:21.844075114Z	7010	loop4	0.000000	0.000000	0.000000	0.000000	0.000000	0.000000	0.000000	0.000000	0.000000	0.000000	0.000000	0.000000	0.000000	0.000000	0.000000	0.000000	0.000000	0	0.000000	0.000000
7	2026-09-13T03:48:21.844075114Z	7010	loop5	0.000000	0.000000	0.000000	0.000000	0.000000	0.000000	0.000000	0.000000	0.000000	0.000000	0.000000	0.000000	0.000000	0.000000	0.000000	0.000000	0.000000	0	0.000000	0.000000
7	2026-09-13T03:48:21.844075114Z	7010	loop6	0.000000	0.000000	0.000000	0.000000	0.000000	0.000000	0.000000	0.000000	0.000000	0.000000	0.000000	0.000000	0.000000	0.000000	0.000000	0.000000	0.000000	0	0.000000	0.000000
7	2026-09-13T03:48:21.844075114Z	7010	loop7	0.000000	0.000000	0.000000	0.000000	0.000000	0.000000	0.000000	0.000000	0.000000	0.000000	0.000000	0.000000	0.000000	0.000000	0.000000	0.000000	0.000000	0	0.000000	0.000000
7	2026-09-13T03:48:21.844075114Z	7010	loop8	0.000000	0.000000	0.000000	0.000000	0.000000	0.000000	0.000000	0.000000	0.000000	0.000000	0.000000	0.000000	0.000000	0.000000	0.000000	0.000000	0.000000	0	0.000000	0.000000
7	2026-09-13T03:48:21.844075114Z	7010	loop9	0.000000	0.000000	0.000000	0.000000	0.000000	0.000000	0.000000	0.000000	0.000000	0.000000	0.000000	0.000000	0.000000	0.000000	0.000000	0.000000	0.000000	0	0.000000	0.000000
7	2026-09-13T03:48:21.844075114Z	7010	nvme0n1	0.000000	0.000000	0.000000	0.000000	0.000000	0.000000	0.000000	0.000000	0.000000	0.000000	0.000000	0.000000	0.000000	0.000000	0.000000	0.000000	0.000000	0	0.000000	0.000000
8	2026-09-13T03:48:22.844076059Z	8010	loop0	0.000000	0.000000	0.000000	0.000000	0.000000	0.000000	0.000000	0.000000	0.000000	0.000000	0.000000	0.000000	0.000000	0.000000	0.000000	0.000000	0.000000	0	0.000000	0.000000
8	2026-09-13T03:48:22.844076059Z	8010	loop1	0.000000	0.000000	0.000000	0.000000	0.000000	0.000000	0.000000	0.000000	0.000000	0.000000	0.000000	0.000000	0.000000	0.000000	0.000000	0.000000	0.000000	0	0.000000	0.000000
8	2026-09-13T03:48:22.844076059Z	8010	loop10	0.000000	0.000000	0.000000	0.000000	0.000000	0.000000	0.000000	0.000000	0.000000	0.000000	0.000000	0.000000	0.000000	0.000000	0.000000	0.000000	0.000000	0	0.000000	0.000000
8	2026-09-13T03:48:22.844076059Z	8010	loop11	0.000000	0.000000	0.000000	0.000000	0.000000	0.000000	0.000000	0.000000	0.000000	0.000000	0.000000	0.000000	0.000000	0.000000	0.000000	0.000000	0.000000	0	0.000000	0.000000
8	2026-09-13T03:48:22.844076059Z	8010	loop2	0.000000	0.000000	0.000000	0.000000	0.000000	0.000000	0.000000	0.000000	0.000000	0.000000	0.000000	0.000000	0.000000	0.000000	0.000000	0.000000	0.000000	0	0.000000	0.000000
8	2026-09-13T03:48:22.844076059Z	8010	loop3	0.000000	0.000000	0.000000	0.000000	0.000000	0.000000	0.000000	0.000000	0.000000	0.000000	0.000000	0.000000	0.000000	0.000000	0.000000	0.000000	0.000000	0	0.000000	0.000000
8	2026-09-13T03:48:22.844076059Z	8010	loop4	0.000000	0.000000	0.000000	0.000000	0.000000	0.000000	0.000000	0.000000	0.000000	0.000000	0.000000	0.000000	0.000000	0.000000	0.000000	0.000000	0.000000	0	0.000000	0.000000
8	2026-09-13T03:48:22.844076059Z	8010	loop5	0.000000	0.000000	0.000000	0.000000	0.000000	0.000000	0.000000	0.000000	0.000000	0.000000	0.000000	0.000000	0.000000	0.000000	0.000000	0.000000	0.000000	0	0.000000	0.000000
8	2026-09-13T03:48:22.844076059Z	8010	loop6	0.000000	0.000000	0.000000	0.000000	0.000000	0.000000	0.000000	0.000000	0.000000	0.000000	0.000000	0.000000	0.000000	0.000000	0.000000	0.000000	0.000000	0	0.000000	0.000000
8	2026-09-13T03:48:22.844076059Z	8010	loop7	0.000000	0.000000	0.000000	0.000000	0.000000	0.000000	0.000000	0.000000	0.000000	0.000000	0.000000	0.000000	0.000000	0.000000	0.000000	0.000000	0.000000	0	0.000000	0.000000
8	2026-09-13T03:48:22.844076059Z	8010	loop8	0.000000	0.000000	0.000000	0.000000	0.000000	0.000000	0.000000	0.000000	0.000000	0.000000	0.000000	0.000000	0.000000	0.000000	0.000000	0.000000	0.000000	0	0.000000	0.000000
8	2026-09-13T03:48:22.844076059Z	8010	loop9	0.000000	0.000000	0.000000	0.000000	0.000000	0.000000	0.000000	0.000000	0.000000	0.000000	0.000000	0.000000	0.000000	0.000000	0.000000	0.000000	0.000000	0	0.000000	0.000000
8	2026-09-13T03:48:22.844076059Z	8010	nvme0n1	0.000000	0.000000	0.000000	0.000000	0.000000	0.000000	0.000000	0.000000	0.000000	0.000000	0.000000	0.000000	0.000000	0.000000	0.000000	0.000000	0.000000	0	0.000000	0.000000
9	2026-09-13T03:48:23.844076438Z	9010	loop0	0.000000	0.000000	0.000000	0.000000	0.000000	0.000000	0.000000	0.000000	0.000000	0.000000	0.000000	0.000000	0.000000	0.000000	0.000000	0.000000	0.000000	0	0.000000	0.000000
9	2026-09-13T03:48:23.844076438Z	9010	loop1	0.000000	0.000000	0.000000	0.000000	0.000000	0.000000	0.000000	0.000000	0.000000	0.000000	0.000000	0.000000	0.000000	0.000000	0.000000	0.000000	0.000000	0	0.000000	0.000000
9	2026-09-13T03:48:23.844076438Z	9010	loop10	0.000000	0.000000	0.000000	0.000000	0.000000	0.000000	0.000000	0.000000	0.000000	0.000000	0.000000	0.000000	0.000000	0.000000	0.000000	0.000000	0.000000	0	0.000000	0.000000
9	2026-09-13T03:48:23.844076438Z	9010	loop11	0.000000	0.000000	0.000000	0.000000	0.000000	0.000000	0.000000	0.000000	0.000000	0.000000	0.000000	0.000000	0.000000	0.000000	0.000000	0.000000	0.000000	0	0.000000	0.000000
9	2026-09-13T03:48:23.844076438Z	9010	loop2	0.000000	0.000000	0.000000	0.000000	0.000000	0.000000	0.000000	0.000000	0.000000	0.000000	0.000000	0.000000	0.000000	0.000000	0.000000	0.000000	0.000000	0	0.000000	0.000000
9	2026-09-13T03:48:23.844076438Z	9010	loop3	0.000000	0.000000	0.000000	0.000000	0.000000	0.000000	0.000000	0.000000	0.000000	0.000000	0.000000	0.000000	0.000000	0.000000	0.000000	0.000000	0.000000	0	0.000000	0.000000
9	2026-09-13T03:48:23.844076438Z	9010	loop4	0.000000	0.000000	0.000000	0.000000	0.000000	0.000000	0.000000	0.000000	0.000000	0.000000	0.000000	0.000000	0.000000	0.000000	0.000000	0.000000	0.000000	0	0.000000	0.000000
9	2026-09-13T03:48:23.844076438Z	9010	loop5	0.000000	0.000000	0.000000	0.000000	0.000000	0.000000	0.000000	0.000000	0.000000	0.000000	0.000000	0.000000	0.000000	0.000000	0.000000	0.000000	0.000000	0	0.000000	0.000000
9	2026-09-13T03:48:23.844076438Z	9010	loop6	0.000000	0.000000	0.000000	0.000000	0.000000	0.000000	0.000000	0.000000	0.000000	0.000000	0.000000	0.000000	0.000000	0.000000	0.000000	0.000000	0.000000	0	0.000000	0.000000
9	2026-09-13T03:48:23.844076438Z	9010	loop7	0.000000	0.000000	0.000000	0.000000	0.000000	0.000000	0.000000	0.000000	0.000000	0.000000	0.000000	0.000000	0.000000	0.000000	0.000000	0.000000	0.000000	0	0.000000	0.000000
9	2026-09-13T03:48:23.844076438Z	9010	loop8	0.000000	0.000000	0.000000	0.000000	0.000000	0.000000	0.000000	0.000000	0.000000	0.000000	0.000000	0.000000	0.000000	0.000000	0.000000	0.000000	0.000000	0	0.000000	0.000000
9	2026-09-13T03:48:23.844076438Z	9010	loop9	0.000000	0.000000	0.000000	0.000000	0.000000	0.000000	0.000000	0.000000	0.000000	0.000000	0.000000	0.000000	0.000000	0.000000	0.000000	0.000000	0.000000	0	0.000000	0.000000
9	2026-09-13T03:48:23.844076438Z	9010	nvme0n1	0.000000	1.999999	0.000000	0.000000	0.000000	4.999998	0.000000	0.000000	28671.988818	0.000000	0.000000	1.000000	0.000000	0.000000	0.000000	14336.000000	0.000000	0	0.400000	0.002000
10	2026-09-13T03:48:24.844073386Z	10010	loop0	0.000000	0.000000	0.000000	0.000000	0.000000	0.000000	0.000000	0.000000	0.000000	0.000000	0.000000	0.000000	0.000000	0.000000	0.000000	0.000000	0.000000	0	0.000000	0.000000
10	2026-09-13T03:48:24.844073386Z	10010	loop1	0.000000	0.000000	0.000000	0.000000	0.000000	0.000000	0.000000	0.000000	0.000000	0.000000	0.000000	0.000000	0.000000	0.000000	0.000000	0.000000	0.000000	0	0.000000	0.000000
10	2026-09-13T03:48:24.844073386Z	10010	loop10	0.000000	0.000000	0.000000	0.000000	0.000000	0.000000	0.000000	0.000000	0.000000	0.000000	0.000000	0.000000	0.000000	0.000000	0.000000	0.000000	0.000000	0	0.000000	0.000000
10	2026-09-13T03:48:24.844073386Z	10010	loop11	0.000000	0.000000	0.000000	0.000000	0.000000	0.000000	0.000000	0.000000	0.000000	0.000000	0.000000	0.000000	0.000000	0.000000	0.000000	0.000000	0.000000	0	0.000000	0.000000
10	2026-09-13T03:48:24.844073386Z	10010	loop2	0.000000	0.000000	0.000000	0.000000	0.000000	0.000000	0.000000	0.000000	0.000000	0.000000	0.000000	0.000000	0.000000	0.000000	0.000000	0.000000	0.000000	0	0.000000	0.000000
10	2026-09-13T03:48:24.844073386Z	10010	loop3	0.000000	0.000000	0.000000	0.000000	0.000000	0.000000	0.000000	0.000000	0.000000	0.000000	0.000000	0.000000	0.000000	0.000000	0.000000	0.000000	0.000000	0	0.000000	0.000000
10	2026-09-13T03:48:24.844073386Z	10010	loop4	0.000000	0.000000	0.000000	0.000000	0.000000	0.000000	0.000000	0.000000	0.000000	0.000000	0.000000	0.000000	0.000000	0.000000	0.000000	0.000000	0.000000	0	0.000000	0.000000
10	2026-09-13T03:48:24.844073386Z	10010	loop5	0.000000	0.000000	0.000000	0.000000	0.000000	0.000000	0.000000	0.000000	0.000000	0.000000	0.000000	0.000000	0.000000	0.000000	0.000000	0.000000	0.000000	0	0.000000	0.000000
10	2026-09-13T03:48:24.844073386Z	10010	loop6	0.000000	0.000000	0.000000	0.000000	0.000000	0.000000	0.000000	0.000000	0.000000	0.000000	0.000000	0.000000	0.000000	0.000000	0.000000	0.000000	0.000000	0	0.000000	0.000000
10	2026-09-13T03:48:24.844073386Z	10010	loop7	0.000000	0.000000	0.000000	0.000000	0.000000	0.000000	0.000000	0.000000	0.000000	0.000000	0.000000	0.000000	0.000000	0.000000	0.000000	0.000000	0.000000	0	0.000000	0.000000
10	2026-09-13T03:48:24.844073386Z	10010	loop8	0.000000	0.000000	0.000000	0.000000	0.000000	0.000000	0.000000	0.000000	0.000000	0.000000	0.000000	0.000000	0.000000	0.000000	0.000000	0.000000	0.000000	0	0.000000	0.000000
10	2026-09-13T03:48:24.844073386Z	10010	loop9	0.000000	0.000000	0.000000	0.000000	0.000000	0.000000	0.000000	0.000000	0.000000	0.000000	0.000000	0.000000	0.000000	0.000000	0.000000	0.000000	0.000000	0	0.000000	0.000000
10	2026-09-13T03:48:24.844073386Z	10010	nvme0n1	0.000000	0.000000	0.000000	0.000000	0.000000	0.000000	0.000000	0.000000	0.000000	0.000000	0.000000	0.000000	0.000000	0.000000	0.000000	0.000000	0.000000	0	0.000000	0.000000
11	2026-09-13T03:48:25.844076348Z	11010	loop0	0.000000	0.000000	0.000000	0.000000	0.000000	0.000000	0.000000	0.000000	0.000000	0.000000	0.000000	0.000000	0.000000	0.000000	0.000000	0.000000	0.000000	0	0.000000	0.000000
11	2026-09-13T03:48:25.844076348Z	11010	loop1	0.000000	0.000000	0.000000	0.000000	0.000000	0.000000	0.000000	0.000000	0.000000	0.000000	0.000000	0.000000	0.000000	0.000000	0.000000	0.000000	0.000000	0	0.000000	0.000000
11	2026-09-13T03:48:25.844076348Z	11010	loop10	0.000000	0.000000	0.000000	0.000000	0.000000	0.000000	0.000000	0.000000	0.000000	0.000000	0.000000	0.000000	0.000000	0.000000	0.000000	0.000000	0.000000	0	0.000000	0.000000
11	2026-09-13T03:48:25.844076348Z	11010	loop11	0.000000	0.000000	0.000000	0.000000	0.000000	0.000000	0.000000	0.000000	0.000000	0.000000	0.000000	0.000000	0.000000	0.000000	0.000000	0.000000	0.000000	0	0.000000	0.000000
11	2026-09-13T03:48:25.844076348Z	11010	loop2	0.000000	0.000000	0.000000	0.000000	0.000000	0.000000	0.000000	0.000000	0.000000	0.000000	0.000000	0.000000	0.000000	0.000000	0.000000	0.000000	0.000000	0	0.000000	0.000000
11	2026-09-13T03:48:25.844076348Z	11010	loop3	0.000000	0.000000	0.000000	0.000000	0.000000	0.000000	0.000000	0.000000	0.000000	0.000000	0.000000	0.000000	0.000000	0.000000	0.000000	0.000000	0.000000	0	0.000000	0.000000
11	2026-09-13T03:48:25.844076348Z	11010	loop4	0.000000	0.000000	0.000000	0.000000	0.000000	0.000000	0.000000	0.000000	0.000000	0.000000	0.000000	0.000000	0.000000	0.000000	0.000000	0.000000	0.000000	0	0.000000	0.000000
11	2026-09-13T03:48:25.844076348Z	11010	loop5	0.000000	0.000000	0.000000	0.000000	0.000000	0.000000	0.000000	0.000000	0.000000	0.000000	0.000000	0.000000	0.000000	0.000000	0.000000	0.000000	0.000000	0	0.000000	0.000000
11	2026-09-13T03:48:25.844076348Z	11010	loop6	0.000000	0.000000	0.000000	0.000000	0.000000	0.000000	0.000000	0.000000	0.000000	0.000000	0.000000	0.000000	0.000000	0.000000	0.000000	0.000000	0.000000	0	0.000000	0.000000
11	2026-09-13T03:48:25.844076348Z	11010	loop7	0.000000	0.000000	0.000000	0.000000	0.000000	0.000000	0.000000	0.000000	0.000000	0.000000	0.000000	0.000000	0.000000	0.000000	0.000000	0.000000	0.000000	0	0.000000	0.000000
11	2026-09-13T03:48:25.844076348Z	11010	loop8	0.000000	0.000000	0.000000	0.000000	0.000000	0.000000	0.000000	0.000000	0.000000	0.000000	0.000000	0.000000	0.000000	0.000000	0.000000	0.000000	0.000000	0	0.000000	0.000000
11	2026-09-13T03:48:25.844076348Z	11010	loop9	0.000000	0.000000	0.000000	0.000000	0.000000	0.000000	0.000000	0.000000	0.000000	0.000000	0.000000	0.000000	0.000000	0.000000	0.000000	0.000000	0.000000	0	0.000000	0.000000
11	2026-09-13T03:48:25.844076348Z	11010	nvme0n1	0.000000	0.000000	0.000000	0.000000	0.000000	0.000000	0.000000	0.000000	0.000000	0.000000	0.000000	0.000000	0.000000	0.000000	0.000000	0.000000	0.000000	0	0.000000	0.000000
12	2026-09-13T03:48:26.844073943Z	12010	loop0	0.000000	0.000000	0.000000	0.000000	0.000000	0.000000	0.000000	0.000000	0.000000	0.000000	0.000000	0.000000	0.000000	0.000000	0.000000	0.000000	0.000000	0	0.000000	0.000000
12	2026-09-13T03:48:26.844073943Z	12010	loop1	0.000000	0.000000	0.000000	0.000000	0.000000	0.000000	0.000000	0.000000	0.000000	0.000000	0.000000	0.000000	0.000000	0.000000	0.000000	0.000000	0.000000	0	0.000000	0.000000
12	2026-09-13T03:48:26.844073943Z	12010	loop10	0.000000	0.000000	0.000000	0.000000	0.000000	0.000000	0.000000	0.000000	0.000000	0.000000	0.000000	0.000000	0.000000	0.000000	0.000000	0.000000	0.000000	0	0.000000	0.000000
12	2026-09-13T03:48:26.844073943Z	12010	loop11	0.000000	0.000000	0.000000	0.000000	0.000000	0.000000	0.000000	0.000000	0.000000	0.000000	0.000000	0.000000	0.000000	0.000000	0.000000	0.000000	0.000000	0	0.000000	0.000000
12	2026-09-13T03:48:26.844073943Z	12010	loop2	0.000000	0.000000	0.000000	0.000000	0.000000	0.000000	0.000000	0.000000	0.000000	0.000000	0.000000	0.000000	0.000000	0.000000	0.000000	0.000000	0.000000	0	0.000000	0.000000
12	2026-09-13T03:48:26.844073943Z	12010	loop3	0.000000	0.000000	0.000000	0.000000	0.000000	0.000000	0.000000	0.000000	0.000000	0.000000	0.000000	0.000000	0.000000	0.000000	0.000000	0.000000	0.000000	0	0.000000	0.000000
12	2026-09-13T03:48:26.844073943Z	12010	loop4	0.000000	0.000000	0.000000	0.000000	0.000000	0.000000	0.000000	0.000000	0.000000	0.000000	0.000000	0.000000	0.000000	0.000000	0.000000	0.000000	0.000000	0	0.000000	0.000000
12	2026-09-13T03:48:26.844073943Z	12010	loop5	0.000000	0.000000	0.000000	0.000000	0.000000	0.000000	0.000000	0.000000	0.000000	0.000000	0.000000	0.000000	0.000000	0.000000	0.000000	0.000000	0.000000	0	0.000000	0.000000
12	2026-09-13T03:48:26.844073943Z	12010	loop6	0.000000	0.000000	0.000000	0.000000	0.000000	0.000000	0.000000	0.000000	0.000000	0.000000	0.000000	0.000000	0.000000	0.000000	0.000000	0.000000	0.000000	0	0.000000	0.000000
12	2026-09-13T03:48:26.844073943Z	12010	loop7	0.000000	0.000000	0.000000	0.000000	0.000000	0.000000	0.000000	0.000000	0.000000	0.000000	0.000000	0.000000	0.000000	0.000000	0.000000	0.000000	0.000000	0	0.000000	0.000000
12	2026-09-13T03:48:26.844073943Z	12010	loop8	0.000000	0.000000	0.000000	0.000000	0.000000	0.000000	0.000000	0.000000	0.000000	0.000000	0.000000	0.000000	0.000000	0.000000	0.000000	0.000000	0.000000	0	0.000000	0.000000
12	2026-09-13T03:48:26.844073943Z	12010	loop9	0.000000	0.000000	0.000000	0.000000	0.000000	0.000000	0.000000	0.000000	0.000000	0.000000	0.000000	0.000000	0.000000	0.000000	0.000000	0.000000	0.000000	0	0.000000	0.000000
12	2026-09-13T03:48:26.844073943Z	12010	nvme0n1	0.000000	0.000000	0.000000	0.000000	0.000000	0.000000	0.000000	0.000000	0.000000	0.000000	0.000000	0.000000	0.000000	0.000000	0.000000	0.000000	0.000000	0	0.000000	0.000000
13	2026-09-13T03:48:27.844092785Z	13010	loop0	0.000000	0.000000	0.000000	0.000000	0.000000	0.000000	0.000000	0.000000	0.000000	0.000000	0.000000	0.000000	0.000000	0.000000	0.000000	0.000000	0.000000	0	0.000000	0.000000
13	2026-09-13T03:48:27.844092785Z	13010	loop1	0.000000	0.000000	0.000000	0.000000	0.000000	0.000000	0.000000	0.000000	0.000000	0.000000	0.000000	0.000000	0.000000	0.000000	0.000000	0.000000	0.000000	0	0.000000	0.000000
13	2026-09-13T03:48:27.844092785Z	13010	loop10	0.000000	0.000000	0.000000	0.000000	0.000000	0.000000	0.000000	0.000000	0.000000	0.000000	0.000000	0.000000	0.000000	0.000000	0.000000	0.000000	0.000000	0	0.000000	0.000000
13	2026-09-13T03:48:27.844092785Z	13010	loop11	0.000000	0.000000	0.000000	0.000000	0.000000	0.000000	0.000000	0.000000	0.000000	0.000000	0.000000	0.000000	0.000000	0.000000	0.000000	0.000000	0.000000	0	0.000000	0.000000
13	2026-09-13T03:48:27.844092785Z	13010	loop2	0.000000	0.000000	0.000000	0.000000	0.000000	0.000000	0.000000	0.000000	0.000000	0.000000	0.000000	0.000000	0.000000	0.000000	0.000000	0.000000	0.000000	0	0.000000	0.000000
13	2026-09-13T03:48:27.844092785Z	13010	loop3	0.000000	0.000000	0.000000	0.000000	0.000000	0.000000	0.000000	0.000000	0.000000	0.000000	0.000000	0.000000	0.000000	0.000000	0.000000	0.000000	0.000000	0	0.000000	0.000000
13	2026-09-13T03:48:27.844092785Z	13010	loop4	0.000000	0.000000	0.000000	0.000000	0.000000	0.000000	0.000000	0.000000	0.000000	0.000000	0.000000	0.000000	0.000000	0.000000	0.000000	0.000000	0.000000	0	0.000000	0.000000
13	2026-09-13T03:48:27.844092785Z	13010	loop5	0.000000	0.000000	0.000000	0.000000	0.000000	0.000000	0.000000	0.000000	0.000000	0.000000	0.000000	0.000000	0.000000	0.000000	0.000000	0.000000	0.000000	0	0.000000	0.000000
13	2026-09-13T03:48:27.844092785Z	13010	loop6	0.000000	0.000000	0.000000	0.000000	0.000000	0.000000	0.000000	0.000000	0.000000	0.000000	0.000000	0.000000	0.000000	0.000000	0.000000	0.000000	0.000000	0	0.000000	0.000000
13	2026-09-13T03:48:27.844092785Z	13010	loop7	0.000000	0.000000	0.000000	0.000000	0.000000	0.000000	0.000000	0.000000	0.000000	0.000000	0.000000	0.000000	0.000000	0.000000	0.000000	0.000000	0.000000	0	0.000000	0.000000
13	2026-09-13T03:48:27.844092785Z	13010	loop8	0.000000	0.000000	0.000000	0.000000	0.000000	0.000000	0.000000	0.000000	0.000000	0.000000	0.000000	0.000000	0.000000	0.000000	0.000000	0.000000	0.000000	0	0.000000	0.000000
13	2026-09-13T03:48:27.844092785Z	13010	loop9	0.000000	0.000000	0.000000	0.000000	0.000000	0.000000	0.000000	0.000000	0.000000	0.000000	0.000000	0.000000	0.000000	0.000000	0.000000	0.000000	0.000000	0	0.000000	0.000000
13	2026-09-13T03:48:27.844092785Z	13010	nvme0n1	0.000000	0.000000	0.000000	0.000000	0.000000	0.000000	0.000000	0.000000	0.000000	0.000000	0.000000	0.000000	0.000000	0.000000	0.000000	0.000000	0.000000	0	0.000000	0.000000
14	2026-09-13T03:48:28.844557539Z	14011	loop0	0.000000	0.000000	0.000000	0.000000	0.000000	0.000000	0.000000	0.000000	0.000000	0.000000	0.000000	0.000000	0.000000	0.000000	0.000000	0.000000	0.000000	0	0.000000	0.000000
14	2026-09-13T03:48:28.844557539Z	14011	loop1	0.000000	0.000000	0.000000	0.000000	0.000000	0.000000	0.000000	0.000000	0.000000	0.000000	0.000000	0.000000	0.000000	0.000000	0.000000	0.000000	0.000000	0	0.000000	0.000000
14	2026-09-13T03:48:28.844557539Z	14011	loop10	0.000000	0.000000	0.000000	0.000000	0.000000	0.000000	0.000000	0.000000	0.000000	0.000000	0.000000	0.000000	0.000000	0.000000	0.000000	0.000000	0.000000	0	0.000000	0.000000
14	2026-09-13T03:48:28.844557539Z	14011	loop11	0.000000	0.000000	0.000000	0.000000	0.000000	0.000000	0.000000	0.000000	0.000000	0.000000	0.000000	0.000000	0.000000	0.000000	0.000000	0.000000	0.000000	0	0.000000	0.000000
14	2026-09-13T03:48:28.844557539Z	14011	loop2	0.000000	0.000000	0.000000	0.000000	0.000000	0.000000	0.000000	0.000000	0.000000	0.000000	0.000000	0.000000	0.000000	0.000000	0.000000	0.000000	0.000000	0	0.000000	0.000000
14	2026-09-13T03:48:28.844557539Z	14011	loop3	0.000000	0.000000	0.000000	0.000000	0.000000	0.000000	0.000000	0.000000	0.000000	0.000000	0.000000	0.000000	0.000000	0.000000	0.000000	0.000000	0.000000	0	0.000000	0.000000
14	2026-09-13T03:48:28.844557539Z	14011	loop4	0.000000	0.000000	0.000000	0.000000	0.000000	0.000000	0.000000	0.000000	0.000000	0.000000	0.000000	0.000000	0.000000	0.000000	0.000000	0.000000	0.000000	0	0.000000	0.000000
14	2026-09-13T03:48:28.844557539Z	14011	loop5	0.000000	0.000000	0.000000	0.000000	0.000000	0.000000	0.000000	0.000000	0.000000	0.000000	0.000000	0.000000	0.000000	0.000000	0.000000	0.000000	0.000000	0	0.000000	0.000000
14	2026-09-13T03:48:28.844557539Z	14011	loop6	0.000000	0.000000	0.000000	0.000000	0.000000	0.000000	0.000000	0.000000	0.000000	0.000000	0.000000	0.000000	0.000000	0.000000	0.000000	0.000000	0.000000	0	0.000000	0.000000
14	2026-09-13T03:48:28.844557539Z	14011	loop7	0.000000	0.000000	0.000000	0.000000	0.000000	0.000000	0.000000	0.000000	0.000000	0.000000	0.000000	0.000000	0.000000	0.000000	0.000000	0.000000	0.000000	0	0.000000	0.000000
14	2026-09-13T03:48:28.844557539Z	14011	loop8	0.000000	0.000000	0.000000	0.000000	0.000000	0.000000	0.000000	0.000000	0.000000	0.000000	0.000000	0.000000	0.000000	0.000000	0.000000	0.000000	0.000000	0	0.000000	0.000000
14	2026-09-13T03:48:28.844557539Z	14011	loop9	0.000000	0.000000	0.000000	0.000000	0.000000	0.000000	0.000000	0.000000	0.000000	0.000000	0.000000	0.000000	0.000000	0.000000	0.000000	0.000000	0.000000	0	0.000000	0.000000
14	2026-09-13T03:48:28.844557539Z	14011	nvme0n1	0.000000	1.999071	0.000000	0.000000	0.000000	0.999535	0.000000	0.000000	12282.291768	0.000000	0.000000	0.500000	0.000000	0.000000	0.000000	6144.000000	0.000000	0	0.399814	0.001999
15	2026-09-13T03:48:29.844155126Z	15011	loop0	0.000000	0.000000	0.000000	0.000000	0.000000	0.000000	0.000000	0.000000	0.000000	0.000000	0.000000	0.000000	0.000000	0.000000	0.000000	0.000000	0.000000	0	0.000000	0.000000
15	2026-09-13T03:48:29.844155126Z	15011	loop1	0.000000	0.000000	0.000000	0.000000	0.000000	0.000000	0.000000	0.000000	0.000000	0.000000	0.000000	0.000000	0.000000	0.000000	0.000000	0.000000	0.000000	0	0.000000	0.000000
15	2026-09-13T03:48:29.844155126Z	15011	loop10	0.000000	0.000000	0.000000	0.000000	0.000000	0.000000	0.000000	0.000000	0.000000	0.000000	0.000000	0.000000	0.000000	0.000000	0.000000	0.000000	0.000000	0	0.000000	0.000000
15	2026-09-13T03:48:29.844155126Z	15011	loop11	0.000000	0.000000	0.000000	0.000000	0.000000	0.000000	0.000000	0.000000	0.000000	0.000000	0.000000	0.000000	0.000000	0.000000	0.000000	0.000000	0.000000	0	0.000000	0.000000
15	2026-09-13T03:48:29.844155126Z	15011	loop2	0.000000	0.000000	0.000000	0.000000	0.000000	0.000000	0.000000	0.000000	0.000000	0.000000	0.000000	0.000000	0.000000	0.000000	0.000000	0.000000	0.000000	0	0.000000	0.000000
15	2026-09-13T03:48:29.844155126Z	15011	loop3	0.000000	0.000000	0.000000	0.000000	0.000000	0.000000	0.000000	0.000000	0.000000	0.000000	0.000000	0.000000	0.000000	0.000000	0.000000	0.000000	0.000000	0	0.000000	0.000000
15	2026-09-13T03:48:29.844155126Z	15011	loop4	0.000000	0.000000	0.000000	0.000000	0.000000	0.000000	0.000000	0.000000	0.000000	0.000000	0.000000	0.000000	0.000000	0.000000	0.000000	0.000000	0.000000	0	0.000000	0.000000
15	2026-09-13T03:48:29.844155126Z	15011	loop5	0.000000	0.000000	0.000000	0.000000	0.000000	0.000000	0.000000	0.000000	0.000000	0.000000	0.000000	0.000000	0.000000	0.000000	0.000000	0.000000	0.000000	0	0.000000	0.000000
15	2026-09-13T03:48:29.844155126Z	15011	loop6	0.000000	0.000000	0.000000	0.000000	0.000000	0.000000	0.000000	0.000000	0.000000	0.000000	0.000000	0.000000	0.000000	0.000000	0.000000	0.000000	0.000000	0	0.000000	0.000000
15	2026-09-13T03:48:29.844155126Z	15011	loop7	0.000000	0.000000	0.000000	0.000000	0.000000	0.000000	0.000000	0.000000	0.000000	0.000000	0.000000	0.000000	0.000000	0.000000	0.000000	0.000000	0.000000	0	0.000000	0.000000
15	2026-09-13T03:48:29.844155126Z	15011	loop8	0.000000	0.000000	0.000000	0.000000	0.000000	0.000000	0.000000	0.000000	0.000000	0.000000	0.000000	0.000000	0.000000	0.000000	0.000000	0.000000	0.000000	0	0.000000	0.000000
15	2026-09-13T03:48:29.844155126Z	15011	loop9	0.000000	0.000000	0.000000	0.000000	0.000000	0.000000	0.000000	0.000000	0.000000	0.000000	0.000000	0.000000	0.000000	0.000000	0.000000	0.000000	0.000000	0	0.000000	0.000000
15	2026-09-13T03:48:29.844155126Z	15011	nvme0n1	0.000000	0.000000	0.000000	0.000000	0.000000	0.000000	0.000000	0.000000	0.000000	0.000000	0.000000	0.000000	0.000000	0.000000	0.000000	0.000000	0.000000	0	0.000000	0.000000
16	2026-09-13T03:48:30.844760857Z	16011	loop0	0.000000	0.000000	0.000000	0.000000	0.000000	0.000000	0.000000	0.000000	0.000000	0.000000	0.000000	0.000000	0.000000	0.000000	0.000000	0.000000	0.000000	0	0.000000	0.000000
16	2026-09-13T03:48:30.844760857Z	16011	loop1	0.000000	0.000000	0.000000	0.000000	0.000000	0.000000	0.000000	0.000000	0.000000	0.000000	0.000000	0.000000	0.000000	0.000000	0.000000	0.000000	0.000000	0	0.000000	0.000000
16	2026-09-13T03:48:30.844760857Z	16011	loop10	0.000000	0.000000	0.000000	0.000000	0.000000	0.000000	0.000000	0.000000	0.000000	0.000000	0.000000	0.000000	0.000000	0.000000	0.000000	0.000000	0.000000	0	0.000000	0.000000
16	2026-09-13T03:48:30.844760857Z	16011	loop11	0.000000	0.000000	0.000000	0.000000	0.000000	0.000000	0.000000	0.000000	0.000000	0.000000	0.000000	0.000000	0.000000	0.000000	0.000000	0.000000	0.000000	0	0.000000	0.000000
16	2026-09-13T03:48:30.844760857Z	16011	loop2	0.000000	0.000000	0.000000	0.000000	0.000000	0.000000	0.000000	0.000000	0.000000	0.000000	0.000000	0.000000	0.000000	0.000000	0.000000	0.000000	0.000000	0	0.000000	0.000000
16	2026-09-13T03:48:30.844760857Z	16011	loop3	0.000000	0.000000	0.000000	0.000000	0.000000	0.000000	0.000000	0.000000	0.000000	0.000000	0.000000	0.000000	0.000000	0.000000	0.000000	0.000000	0.000000	0	0.000000	0.000000
16	2026-09-13T03:48:30.844760857Z	16011	loop4	0.000000	0.000000	0.000000	0.000000	0.000000	0.000000	0.000000	0.000000	0.000000	0.000000	0.000000	0.000000	0.000000	0.000000	0.000000	0.000000	0.000000	0	0.000000	0.000000
16	2026-09-13T03:48:30.844760857Z	16011	loop5	0.000000	0.000000	0.000000	0.000000	0.000000	0.000000	0.000000	0.000000	0.000000	0.000000	0.000000	0.000000	0.000000	0.000000	0.000000	0.000000	0.000000	0	0.000000	0.000000
16	2026-09-13T03:48:30.844760857Z	16011	loop6	0.000000	0.000000	0.000000	0.000000	0.000000	0.000000	0.000000	0.000000	0.000000	0.000000	0.000000	0.000000	0.000000	0.000000	0.000000	0.000000	0.000000	0	0.000000	0.000000
16	2026-09-13T03:48:30.844760857Z	16011	loop7	0.000000	0.000000	0.000000	0.000000	0.000000	0.000000	0.000000	0.000000	0.000000	0.000000	0.000000	0.000000	0.000000	0.000000	0.000000	0.000000	0.000000	0	0.000000	0.000000
16	2026-09-13T03:48:30.844760857Z	16011	loop8	0.000000	0.000000	0.000000	0.000000	0.000000	0.000000	0.000000	0.000000	0.000000	0.000000	0.000000	0.000000	0.000000	0.000000	0.000000	0.000000	0.000000	0	0.000000	0.000000
16	2026-09-13T03:48:30.844760857Z	16011	loop9	0.000000	0.000000	0.000000	0.000000	0.000000	0.000000	0.000000	0.000000	0.000000	0.000000	0.000000	0.000000	0.000000	0.000000	0.000000	0.000000	0.000000	0	0.000000	0.000000
16	2026-09-13T03:48:30.844760857Z	16011	nvme0n1	0.000000	0.000000	0.000000	0.000000	0.000000	0.000000	0.000000	0.000000	0.000000	0.000000	0.000000	0.000000	0.000000	0.000000	0.000000	0.000000	0.000000	0	0.000000	0.000000
17	2026-09-13T03:48:31.844393208Z	17011	loop0	0.000000	0.000000	0.000000	0.000000	0.000000	0.000000	0.000000	0.000000	0.000000	0.000000	0.000000	0.000000	0.000000	0.000000	0.000000	0.000000	0.000000	0	0.000000	0.000000
17	2026-09-13T03:48:31.844393208Z	17011	loop1	0.000000	0.000000	0.000000	0.000000	0.000000	0.000000	0.000000	0.000000	0.000000	0.000000	0.000000	0.000000	0.000000	0.000000	0.000000	0.000000	0.000000	0	0.000000	0.000000
17	2026-09-13T03:48:31.844393208Z	17011	loop10	0.000000	0.000000	0.000000	0.000000	0.000000	0.000000	0.000000	0.000000	0.000000	0.000000	0.000000	0.000000	0.000000	0.000000	0.000000	0.000000	0.000000	0	0.000000	0.000000
17	2026-09-13T03:48:31.844393208Z	17011	loop11	0.000000	0.000000	0.000000	0.000000	0.000000	0.000000	0.000000	0.000000	0.000000	0.000000	0.000000	0.000000	0.000000	0.000000	0.000000	0.000000	0.000000	0	0.000000	0.000000
17	2026-09-13T03:48:31.844393208Z	17011	loop2	0.000000	0.000000	0.000000	0.000000	0.000000	0.000000	0.000000	0.000000	0.000000	0.000000	0.000000	0.000000	0.000000	0.000000	0.000000	0.000000	0.000000	0	0.000000	0.000000
17	2026-09-13T03:48:31.844393208Z	17011	loop3	0.000000	0.000000	0.000000	0.000000	0.000000	0.000000	0.000000	0.000000	0.000000	0.000000	0.000000	0.000000	0.000000	0.000000	0.000000	0.000000	0.000000	0	0.000000	0.000000
17	2026-09-13T03:48:31.844393208Z	17011	loop4	0.000000	0.000000	0.000000	0.000000	0.000000	0.000000	0.000000	0.000000	0.000000	0.000000	0.000000	0.000000	0.000000	0.000000	0.000000	0.000000	0.000000	0	0.000000	0.000000
17	2026-09-13T03:48:31.844393208Z	17011	loop5	0.000000	0.000000	0.000000	0.000000	0.000000	0.000000	0.000000	0.000000	0.000000	0.000000	0.000000	0.000000	0.000000	0.000000	0.000000	0.000000	0.000000	0	0.000000	0.000000
17	2026-09-13T03:48:31.844393208Z	17011	loop6	0.000000	0.000000	0.000000	0.000000	0.000000	0.000000	0.000000	0.000000	0.000000	0.000000	0.000000	0.000000	0.000000	0.000000	0.000000	0.000000	0.000000	0	0.000000	0.000000
17	2026-09-13T03:48:31.844393208Z	17011	loop7	0.000000	0.000000	0.000000	0.000000	0.000000	0.000000	0.000000	0.000000	0.000000	0.000000	0.000000	0.000000	0.000000	0.000000	0.000000	0.000000	0.000000	0	0.000000	0.000000
17	2026-09-13T03:48:31.844393208Z	17011	loop8	0.000000	0.000000	0.000000	0.000000	0.000000	0.000000	0.000000	0.000000	0.000000	0.000000	0.000000	0.000000	0.000000	0.000000	0.000000	0.000000	0.000000	0	0.000000	0.000000
17	2026-09-13T03:48:31.844393208Z	17011	loop9	0.000000	0.000000	0.000000	0.000000	0.000000	0.000000	0.000000	0.000000	0.000000	0.000000	0.000000	0.000000	0.000000	0.000000	0.000000	0.000000	0.000000	0	0.000000	0.000000
17	2026-09-13T03:48:31.844393208Z	17011	nvme0n1	0.000000	0.000000	0.000000	0.000000	0.000000	0.000000	0.000000	0.000000	0.000000	0.000000	0.000000	0.000000	0.000000	0.000000	0.000000	0.000000	0.000000	0	0.000000	0.000000
18	2026-09-13T03:48:32.844082219Z	18010	loop0	0.000000	0.000000	0.000000	0.000000	0.000000	0.000000	0.000000	0.000000	0.000000	0.000000	0.000000	0.000000	0.000000	0.000000	0.000000	0.000000	0.000000	0	0.000000	0.000000
18	2026-09-13T03:48:32.844082219Z	18010	loop1	0.000000	0.000000	0.000000	0.000000	0.000000	0.000000	0.000000	0.000000	0.000000	0.000000	0.000000	0.000000	0.000000	0.000000	0.000000	0.000000	0.000000	0	0.000000	0.000000
18	2026-09-13T03:48:32.844082219Z	18010	loop10	0.000000	0.000000	0.000000	0.000000	0.000000	0.000000	0.000000	0.000000	0.000000	0.000000	0.000000	0.000000	0.000000	0.000000	0.000000	0.000000	0.000000	0	0.000000	0.000000
18	2026-09-13T03:48:32.844082219Z	18010	loop11	0.000000	0.000000	0.000000	0.000000	0.000000	0.000000	0.000000	0.000000	0.000000	0.000000	0.000000	0.000000	0.000000	0.000000	0.000000	0.000000	0.000000	0	0.000000	0.000000
18	2026-09-13T03:48:32.844082219Z	18010	loop2	0.000000	0.000000	0.000000	0.000000	0.000000	0.000000	0.000000	0.000000	0.000000	0.000000	0.000000	0.000000	0.000000	0.000000	0.000000	0.000000	0.000000	0	0.000000	0.000000
18	2026-09-13T03:48:32.844082219Z	18010	loop3	0.000000	0.000000	0.000000	0.000000	0.000000	0.000000	0.000000	0.000000	0.000000	0.000000	0.000000	0.000000	0.000000	0.000000	0.000000	0.000000	0.000000	0	0.000000	0.000000
18	2026-09-13T03:48:32.844082219Z	18010	loop4	0.000000	0.000000	0.000000	0.000000	0.000000	0.000000	0.000000	0.000000	0.000000	0.000000	0.000000	0.000000	0.000000	0.000000	0.000000	0.000000	0.000000	0	0.000000	0.000000
18	2026-09-13T03:48:32.844082219Z	18010	loop5	0.000000	0.000000	0.000000	0.000000	0.000000	0.000000	0.000000	0.000000	0.000000	0.000000	0.000000	0.000000	0.000000	0.000000	0.000000	0.000000	0.000000	0	0.000000	0.000000
18	2026-09-13T03:48:32.844082219Z	18010	loop6	0.000000	0.000000	0.000000	0.000000	0.000000	0.000000	0.000000	0.000000	0.000000	0.000000	0.000000	0.000000	0.000000	0.000000	0.000000	0.000000	0.000000	0	0.000000	0.000000
18	2026-09-13T03:48:32.844082219Z	18010	loop7	0.000000	0.000000	0.000000	0.000000	0.000000	0.000000	0.000000	0.000000	0.000000	0.000000	0.000000	0.000000	0.000000	0.000000	0.000000	0.000000	0.000000	0	0.000000	0.000000
18	2026-09-13T03:48:32.844082219Z	18010	loop8	0.000000	0.000000	0.000000	0.000000	0.000000	0.000000	0.000000	0.000000	0.000000	0.000000	0.000000	0.000000	0.000000	0.000000	0.000000	0.000000	0.000000	0	0.000000	0.000000
18	2026-09-13T03:48:32.844082219Z	18010	loop9	0.000000	0.000000	0.000000	0.000000	0.000000	0.000000	0.000000	0.000000	0.000000	0.000000	0.000000	0.000000	0.000000	0.000000	0.000000	0.000000	0.000000	0	0.000000	0.000000
18	2026-09-13T03:48:32.844082219Z	18010	nvme0n1	0.000000	0.000000	0.000000	0.000000	0.000000	0.000000	0.000000	0.000000	0.000000	0.000000	0.000000	0.000000	0.000000	0.000000	0.000000	0.000000	0.000000	0	0.000000	0.000000
19	2026-09-13T03:48:33.844921034Z	19011	loop0	0.000000	0.000000	0.000000	0.000000	0.000000	0.000000	0.000000	0.000000	0.000000	0.000000	0.000000	0.000000	0.000000	0.000000	0.000000	0.000000	0.000000	0	0.000000	0.000000
19	2026-09-13T03:48:33.844921034Z	19011	loop1	0.000000	0.000000	0.000000	0.000000	0.000000	0.000000	0.000000	0.000000	0.000000	0.000000	0.000000	0.000000	0.000000	0.000000	0.000000	0.000000	0.000000	0	0.000000	0.000000
19	2026-09-13T03:48:33.844921034Z	19011	loop10	0.000000	0.000000	0.000000	0.000000	0.000000	0.000000	0.000000	0.000000	0.000000	0.000000	0.000000	0.000000	0.000000	0.000000	0.000000	0.000000	0.000000	0	0.000000	0.000000
19	2026-09-13T03:48:33.844921034Z	19011	loop11	0.000000	0.000000	0.000000	0.000000	0.000000	0.000000	0.000000	0.000000	0.000000	0.000000	0.000000	0.000000	0.000000	0.000000	0.000000	0.000000	0.000000	0	0.000000	0.000000
19	2026-09-13T03:48:33.844921034Z	19011	loop2	0.000000	0.000000	0.000000	0.000000	0.000000	0.000000	0.000000	0.000000	0.000000	0.000000	0.000000	0.000000	0.000000	0.000000	0.000000	0.000000	0.000000	0	0.000000	0.000000
19	2026-09-13T03:48:33.844921034Z	19011	loop3	0.000000	0.000000	0.000000	0.000000	0.000000	0.000000	0.000000	0.000000	0.000000	0.000000	0.000000	0.000000	0.000000	0.000000	0.000000	0.000000	0.000000	0	0.000000	0.000000
19	2026-09-13T03:48:33.844921034Z	19011	loop4	0.000000	0.000000	0.000000	0.000000	0.000000	0.000000	0.000000	0.000000	0.000000	0.000000	0.000000	0.000000	0.000000	0.000000	0.000000	0.000000	0.000000	0	0.000000	0.000000
19	2026-09-13T03:48:33.844921034Z	19011	loop5	0.000000	0.000000	0.000000	0.000000	0.000000	0.000000	0.000000	0.000000	0.000000	0.000000	0.000000	0.000000	0.000000	0.000000	0.000000	0.000000	0.000000	0	0.000000	0.000000
19	2026-09-13T03:48:33.844921034Z	19011	loop6	0.000000	0.000000	0.000000	0.000000	0.000000	0.000000	0.000000	0.000000	0.000000	0.000000	0.000000	0.000000	0.000000	0.000000	0.000000	0.000000	0.000000	0	0.000000	0.000000
19	2026-09-13T03:48:33.844921034Z	19011	loop7	0.000000	0.000000	0.000000	0.000000	0.000000	0.000000	0.000000	0.000000	0.000000	0.000000	0.000000	0.000000	0.000000	0.000000	0.000000	0.000000	0.000000	0	0.000000	0.000000
19	2026-09-13T03:48:33.844921034Z	19011	loop8	0.000000	0.000000	0.000000	0.000000	0.000000	0.000000	0.000000	0.000000	0.000000	0.000000	0.000000	0.000000	0.000000	0.000000	0.000000	0.000000	0.000000	0	0.000000	0.000000
19	2026-09-13T03:48:33.844921034Z	19011	loop9	0.000000	0.000000	0.000000	0.000000	0.000000	0.000000	0.000000	0.000000	0.000000	0.000000	0.000000	0.000000	0.000000	0.000000	0.000000	0.000000	0.000000	0	0.000000	0.000000
19	2026-09-13T03:48:33.844921034Z	19011	nvme0n1	0.000000	1.998324	0.000000	0.000000	0.000000	0.999162	0.000000	0.000000	12277.701268	0.000000	0.000000	1.000000	0.000000	0.000000	0.000000	6144.000000	0.000000	0	0.399665	0.000999
20	2026-09-13T03:48:34.844544249Z	20011	loop0	0.000000	0.000000	0.000000	0.000000	0.000000	0.000000	0.000000	0.000000	0.000000	0.000000	0.000000	0.000000	0.000000	0.000000	0.000000	0.000000	0.000000	0	0.000000	0.000000
20	2026-09-13T03:48:34.844544249Z	20011	loop1	0.000000	0.000000	0.000000	0.000000	0.000000	0.000000	0.000000	0.000000	0.000000	0.000000	0.000000	0.000000	0.000000	0.000000	0.000000	0.000000	0.000000	0	0.000000	0.000000
20	2026-09-13T03:48:34.844544249Z	20011	loop10	0.000000	0.000000	0.000000	0.000000	0.000000	0.000000	0.000000	0.000000	0.000000	0.000000	0.000000	0.000000	0.000000	0.000000	0.000000	0.000000	0.000000	0	0.000000	0.000000
20	2026-09-13T03:48:34.844544249Z	20011	loop11	0.000000	0.000000	0.000000	0.000000	0.000000	0.000000	0.000000	0.000000	0.000000	0.000000	0.000000	0.000000	0.000000	0.000000	0.000000	0.000000	0.000000	0	0.000000	0.000000
20	2026-09-13T03:48:34.844544249Z	20011	loop2	0.000000	0.000000	0.000000	0.000000	0.000000	0.000000	0.000000	0.000000	0.000000	0.000000	0.000000	0.000000	0.000000	0.000000	0.000000	0.000000	0.000000	0	0.000000	0.000000
20	2026-09-13T03:48:34.844544249Z	20011	loop3	0.000000	0.000000	0.000000	0.000000	0.000000	0.000000	0.000000	0.000000	0.000000	0.000000	0.000000	0.000000	0.000000	0.000000	0.000000	0.000000	0.000000	0	0.000000	0.000000
20	2026-09-13T03:48:34.844544249Z	20011	loop4	0.000000	0.000000	0.000000	0.000000	0.000000	0.000000	0.000000	0.000000	0.000000	0.000000	0.000000	0.000000	0.000000	0.000000	0.000000	0.000000	0.000000	0	0.000000	0.000000
20	2026-09-13T03:48:34.844544249Z	20011	loop5	0.000000	0.000000	0.000000	0.000000	0.000000	0.000000	0.000000	0.000000	0.000000	0.000000	0.000000	0.000000	0.000000	0.000000	0.000000	0.000000	0.000000	0	0.000000	0.000000
20	2026-09-13T03:48:34.844544249Z	20011	loop6	0.000000	0.000000	0.000000	0.000000	0.000000	0.000000	0.000000	0.000000	0.000000	0.000000	0.000000	0.000000	0.000000	0.000000	0.000000	0.000000	0.000000	0	0.000000	0.000000
20	2026-09-13T03:48:34.844544249Z	20011	loop7	0.000000	0.000000	0.000000	0.000000	0.000000	0.000000	0.000000	0.000000	0.000000	0.000000	0.000000	0.000000	0.000000	0.000000	0.000000	0.000000	0.000000	0	0.000000	0.000000
20	2026-09-13T03:48:34.844544249Z	20011	loop8	0.000000	0.000000	0.000000	0.000000	0.000000	0.000000	0.000000	0.000000	0.000000	0.000000	0.000000	0.000000	0.000000	0.000000	0.000000	0.000000	0.000000	0	0.000000	0.000000
20	2026-09-13T03:48:34.844544249Z	20011	loop9	0.000000	0.000000	0.000000	0.000000	0.000000	0.000000	0.000000	0.000000	0.000000	0.000000	0.000000	0.000000	0.000000	0.000000	0.000000	0.000000	0.000000	0	0.000000	0.000000
20	2026-09-13T03:48:34.844544249Z	20011	nvme0n1	0.000000	0.000000	0.000000	0.000000	0.000000	0.000000	0.000000	0.000000	0.000000	0.000000	0.000000	0.000000	0.000000	0.000000	0.000000	0.000000	0.000000	0	0.000000	0.000000
21	2026-09-13T03:48:35.844128977Z	21011	loop0	0.000000	0.000000	0.000000	0.000000	0.000000	0.000000	0.000000	0.000000	0.000000	0.000000	0.000000	0.000000	0.000000	0.000000	0.000000	0.000000	0.000000	0	0.000000	0.000000
21	2026-09-13T03:48:35.844128977Z	21011	loop1	0.000000	0.000000	0.000000	0.000000	0.000000	0.000000	0.000000	0.000000	0.000000	0.000000	0.000000	0.000000	0.000000	0.000000	0.000000	0.000000	0.000000	0	0.000000	0.000000
21	2026-09-13T03:48:35.844128977Z	21011	loop10	0.000000	0.000000	0.000000	0.000000	0.000000	0.000000	0.000000	0.000000	0.000000	0.000000	0.000000	0.000000	0.000000	0.000000	0.000000	0.000000	0.000000	0	0.000000	0.000000
21	2026-09-13T03:48:35.844128977Z	21011	loop11	0.000000	0.000000	0.000000	0.000000	0.000000	0.000000	0.000000	0.000000	0.000000	0.000000	0.000000	0.000000	0.000000	0.000000	0.000000	0.000000	0.000000	0	0.000000	0.000000
21	2026-09-13T03:48:35.844128977Z	21011	loop2	0.000000	0.000000	0.000000	0.000000	0.000000	0.000000	0.000000	0.000000	0.000000	0.000000	0.000000	0.000000	0.000000	0.000000	0.000000	0.000000	0.000000	0	0.000000	0.000000
21	2026-09-13T03:48:35.844128977Z	21011	loop3	0.000000	0.000000	0.000000	0.000000	0.000000	0.000000	0.000000	0.000000	0.000000	0.000000	0.000000	0.000000	0.000000	0.000000	0.000000	0.000000	0.000000	0	0.000000	0.000000
21	2026-09-13T03:48:35.844128977Z	21011	loop4	0.000000	0.000000	0.000000	0.000000	0.000000	0.000000	0.000000	0.000000	0.000000	0.000000	0.000000	0.000000	0.000000	0.000000	0.000000	0.000000	0.000000	0	0.000000	0.000000
21	2026-09-13T03:48:35.844128977Z	21011	loop5	0.000000	0.000000	0.000000	0.000000	0.000000	0.000000	0.000000	0.000000	0.000000	0.000000	0.000000	0.000000	0.000000	0.000000	0.000000	0.000000	0.000000	0	0.000000	0.000000
21	2026-09-13T03:48:35.844128977Z	21011	loop6	0.000000	0.000000	0.000000	0.000000	0.000000	0.000000	0.000000	0.000000	0.000000	0.000000	0.000000	0.000000	0.000000	0.000000	0.000000	0.000000	0.000000	0	0.000000	0.000000
21	2026-09-13T03:48:35.844128977Z	21011	loop7	0.000000	0.000000	0.000000	0.000000	0.000000	0.000000	0.000000	0.000000	0.000000	0.000000	0.000000	0.000000	0.000000	0.000000	0.000000	0.000000	0.000000	0	0.000000	0.000000
21	2026-09-13T03:48:35.844128977Z	21011	loop8	0.000000	0.000000	0.000000	0.000000	0.000000	0.000000	0.000000	0.000000	0.000000	0.000000	0.000000	0.000000	0.000000	0.000000	0.000000	0.000000	0.000000	0	0.000000	0.000000
21	2026-09-13T03:48:35.844128977Z	21011	loop9	0.000000	0.000000	0.000000	0.000000	0.000000	0.000000	0.000000	0.000000	0.000000	0.000000	0.000000	0.000000	0.000000	0.000000	0.000000	0.000000	0.000000	0	0.000000	0.000000
21	2026-09-13T03:48:35.844128977Z	21011	nvme0n1	0.000000	0.000000	0.000000	0.000000	0.000000	0.000000	0.000000	0.000000	0.000000	0.000000	0.000000	0.000000	0.000000	0.000000	0.000000	0.000000	0.000000	0	0.000000	0.000000
22	2026-09-13T03:48:36.84475552Z	22011	loop0	0.000000	0.000000	0.000000	0.000000	0.000000	0.000000	0.000000	0.000000	0.000000	0.000000	0.000000	0.000000	0.000000	0.000000	0.000000	0.000000	0.000000	0	0.000000	0.000000
22	2026-09-13T03:48:36.84475552Z	22011	loop1	0.000000	0.000000	0.000000	0.000000	0.000000	0.000000	0.000000	0.000000	0.000000	0.000000	0.000000	0.000000	0.000000	0.000000	0.000000	0.000000	0.000000	0	0.000000	0.000000
22	2026-09-13T03:48:36.84475552Z	22011	loop10	0.000000	0.000000	0.000000	0.000000	0.000000	0.000000	0.000000	0.000000	0.000000	0.000000	0.000000	0.000000	0.000000	0.000000	0.000000	0.000000	0.000000	0	0.000000	0.000000
22	2026-09-13T03:48:36.84475552Z	22011	loop11	0.000000	0.000000	0.000000	0.000000	0.000000	0.000000	0.000000	0.000000	0.000000	0.000000	0.000000	0.000000	0.000000	0.000000	0.000000	0.000000	0.000000	0	0.000000	0.000000
22	2026-09-13T03:48:36.84475552Z	22011	loop2	0.000000	0.000000	0.000000	0.000000	0.000000	0.000000	0.000000	0.000000	0.000000	0.000000	0.000000	0.000000	0.000000	0.000000	0.000000	0.000000	0.000000	0	0.000000	0.000000
22	2026-09-13T03:48:36.84475552Z	22011	loop3	0.000000	0.000000	0.000000	0.000000	0.000000	0.000000	0.000000	0.000000	0.000000	0.000000	0.000000	0.000000	0.000000	0.000000	0.000000	0.000000	0.000000	0	0.000000	0.000000
22	2026-09-13T03:48:36.84475552Z	22011	loop4	0.000000	0.000000	0.000000	0.000000	0.000000	0.000000	0.000000	0.000000	0.000000	0.000000	0.000000	0.000000	0.000000	0.000000	0.000000	0.000000	0.000000	0	0.000000	0.000000
22	2026-09-13T03:48:36.84475552Z	22011	loop5	0.000000	0.000000	0.000000	0.000000	0.000000	0.000000	0.000000	0.000000	0.000000	0.000000	0.000000	0.000000	0.000000	0.000000	0.000000	0.000000	0.000000	0	0.000000	0.000000
22	2026-09-13T03:48:36.84475552Z	22011	loop6	0.000000	0.000000	0.000000	0.000000	0.000000	0.000000	0.000000	0.000000	0.000000	0.000000	0.000000	0.000000	0.000000	0.000000	0.000000	0.000000	0.000000	0	0.000000	0.000000
22	2026-09-13T03:48:36.84475552Z	22011	loop7	0.000000	0.000000	0.000000	0.000000	0.000000	0.000000	0.000000	0.000000	0.000000	0.000000	0.000000	0.000000	0.000000	0.000000	0.000000	0.000000	0.000000	0	0.000000	0.000000
22	2026-09-13T03:48:36.84475552Z	22011	loop8	0.000000	0.000000	0.000000	0.000000	0.000000	0.000000	0.000000	0.000000	0.000000	0.000000	0.000000	0.000000	0.000000	0.000000	0.000000	0.000000	0.000000	0	0.000000	0.000000
22	2026-09-13T03:48:36.84475552Z	22011	loop9	0.000000	0.000000	0.000000	0.000000	0.000000	0.000000	0.000000	0.000000	0.000000	0.000000	0.000000	0.000000	0.000000	0.000000	0.000000	0.000000	0.000000	0	0.000000	0.000000
22	2026-09-13T03:48:36.84475552Z	22011	nvme0n1	0.000000	0.000000	0.000000	0.000000	0.000000	0.000000	0.000000	0.000000	0.000000	0.000000	0.000000	0.000000	0.000000	0.000000	0.000000	0.000000	0.000000	0	0.000000	0.000000
23	2026-09-13T03:48:37.844077768Z	23010	loop0	0.000000	0.000000	0.000000	0.000000	0.000000	0.000000	0.000000	0.000000	0.000000	0.000000	0.000000	0.000000	0.000000	0.000000	0.000000	0.000000	0.000000	0	0.000000	0.000000
23	2026-09-13T03:48:37.844077768Z	23010	loop1	0.000000	0.000000	0.000000	0.000000	0.000000	0.000000	0.000000	0.000000	0.000000	0.000000	0.000000	0.000000	0.000000	0.000000	0.000000	0.000000	0.000000	0	0.000000	0.000000
23	2026-09-13T03:48:37.844077768Z	23010	loop10	0.000000	0.000000	0.000000	0.000000	0.000000	0.000000	0.000000	0.000000	0.000000	0.000000	0.000000	0.000000	0.000000	0.000000	0.000000	0.000000	0.000000	0	0.000000	0.000000
23	2026-09-13T03:48:37.844077768Z	23010	loop11	0.000000	0.000000	0.000000	0.000000	0.000000	0.000000	0.000000	0.000000	0.000000	0.000000	0.000000	0.000000	0.000000	0.000000	0.000000	0.000000	0.000000	0	0.000000	0.000000
23	2026-09-13T03:48:37.844077768Z	23010	loop2	0.000000	0.000000	0.000000	0.000000	0.000000	0.000000	0.000000	0.000000	0.000000	0.000000	0.000000	0.000000	0.000000	0.000000	0.000000	0.000000	0.000000	0	0.000000	0.000000
23	2026-09-13T03:48:37.844077768Z	23010	loop3	0.000000	0.000000	0.000000	0.000000	0.000000	0.000000	0.000000	0.000000	0.000000	0.000000	0.000000	0.000000	0.000000	0.000000	0.000000	0.000000	0.000000	0	0.000000	0.000000
23	2026-09-13T03:48:37.844077768Z	23010	loop4	0.000000	0.000000	0.000000	0.000000	0.000000	0.000000	0.000000	0.000000	0.000000	0.000000	0.000000	0.000000	0.000000	0.000000	0.000000	0.000000	0.000000	0	0.000000	0.000000
23	2026-09-13T03:48:37.844077768Z	23010	loop5	0.000000	0.000000	0.000000	0.000000	0.000000	0.000000	0.000000	0.000000	0.000000	0.000000	0.000000	0.000000	0.000000	0.000000	0.000000	0.000000	0.000000	0	0.000000	0.000000
23	2026-09-13T03:48:37.844077768Z	23010	loop6	0.000000	0.000000	0.000000	0.000000	0.000000	0.000000	0.000000	0.000000	0.000000	0.000000	0.000000	0.000000	0.000000	0.000000	0.000000	0.000000	0.000000	0	0.000000	0.000000
23	2026-09-13T03:48:37.844077768Z	23010	loop7	0.000000	0.000000	0.000000	0.000000	0.000000	0.000000	0.000000	0.000000	0.000000	0.000000	0.000000	0.000000	0.000000	0.000000	0.000000	0.000000	0.000000	0	0.000000	0.000000
23	2026-09-13T03:48:37.844077768Z	23010	loop8	0.000000	0.000000	0.000000	0.000000	0.000000	0.000000	0.000000	0.000000	0.000000	0.000000	0.000000	0.000000	0.000000	0.000000	0.000000	0.000000	0.000000	0	0.000000	0.000000
23	2026-09-13T03:48:37.844077768Z	23010	loop9	0.000000	0.000000	0.000000	0.000000	0.000000	0.000000	0.000000	0.000000	0.000000	0.000000	0.000000	0.000000	0.000000	0.000000	0.000000	0.000000	0.000000	0	0.000000	0.000000
23	2026-09-13T03:48:37.844077768Z	23010	nvme0n1	0.000000	0.000000	0.000000	0.000000	0.000000	0.000000	0.000000	0.000000	0.000000	0.000000	0.000000	0.000000	0.000000	0.000000	0.000000	0.000000	0.000000	0	0.000000	0.000000
24	2026-09-13T03:48:38.844072932Z	24010	loop0	0.000000	0.000000	0.000000	0.000000	0.000000	0.000000	0.000000	0.000000	0.000000	0.000000	0.000000	0.000000	0.000000	0.000000	0.000000	0.000000	0.000000	0	0.000000	0.000000
24	2026-09-13T03:48:38.844072932Z	24010	loop1	0.000000	0.000000	0.000000	0.000000	0.000000	0.000000	0.000000	0.000000	0.000000	0.000000	0.000000	0.000000	0.000000	0.000000	0.000000	0.000000	0.000000	0	0.000000	0.000000
24	2026-09-13T03:48:38.844072932Z	24010	loop10	0.000000	0.000000	0.000000	0.000000	0.000000	0.000000	0.000000	0.000000	0.000000	0.000000	0.000000	0.000000	0.000000	0.000000	0.000000	0.000000	0.000000	0	0.000000	0.000000
24	2026-09-13T03:48:38.844072932Z	24010	loop11	0.000000	0.000000	0.000000	0.000000	0.000000	0.000000	0.000000	0.000000	0.000000	0.000000	0.000000	0.000000	0.000000	0.000000	0.000000	0.000000	0.000000	0	0.000000	0.000000
24	2026-09-13T03:48:38.844072932Z	24010	loop2	0.000000	0.000000	0.000000	0.000000	0.000000	0.000000	0.000000	0.000000	0.000000	0.000000	0.000000	0.000000	0.000000	0.000000	0.000000	0.000000	0.000000	0	0.000000	0.000000
24	2026-09-13T03:48:38.844072932Z	24010	loop3	0.000000	0.000000	0.000000	0.000000	0.000000	0.000000	0.000000	0.000000	0.000000	0.000000	0.000000	0.000000	0.000000	0.000000	0.000000	0.000000	0.000000	0	0.000000	0.000000
24	2026-09-13T03:48:38.844072932Z	24010	loop4	0.000000	0.000000	0.000000	0.000000	0.000000	0.000000	0.000000	0.000000	0.000000	0.000000	0.000000	0.000000	0.000000	0.000000	0.000000	0.000000	0.000000	0	0.000000	0.000000
24	2026-09-13T03:48:38.844072932Z	24010	loop5	0.000000	0.000000	0.000000	0.000000	0.000000	0.000000	0.000000	0.000000	0.000000	0.000000	0.000000	0.000000	0.000000	0.000000	0.000000	0.000000	0.000000	0	0.000000	0.000000
24	2026-09-13T03:48:38.844072932Z	24010	loop6	0.000000	0.000000	0.000000	0.000000	0.000000	0.000000	0.000000	0.000000	0.000000	0.000000	0.000000	0.000000	0.000000	0.000000	0.000000	0.000000	0.000000	0	0.000000	0.000000
24	2026-09-13T03:48:38.844072932Z	24010	loop7	0.000000	0.000000	0.000000	0.000000	0.000000	0.000000	0.000000	0.000000	0.000000	0.000000	0.000000	0.000000	0.000000	0.000000	0.000000	0.000000	0.000000	0	0.000000	0.000000
24	2026-09-13T03:48:38.844072932Z	24010	loop8	0.000000	0.000000	0.000000	0.000000	0.000000	0.000000	0.000000	0.000000	0.000000	0.000000	0.000000	0.000000	0.000000	0.000000	0.000000	0.000000	0.000000	0	0.000000	0.000000
24	2026-09-13T03:48:38.844072932Z	24010	loop9	0.000000	0.000000	0.000000	0.000000	0.000000	0.000000	0.000000	0.000000	0.000000	0.000000	0.000000	0.000000	0.000000	0.000000	0.000000	0.000000	0.000000	0	0.000000	0.000000
24	2026-09-13T03:48:38.844072932Z	24010	nvme0n1	0.000000	2.000010	0.000000	0.000000	0.000000	1.000005	0.000000	0.000000	12288.059339	0.000000	0.000000	1.000000	0.000000	0.000000	0.000000	6144.000000	0.000000	0	0.400002	0.002000
25	2026-09-13T03:48:39.844074667Z	25010	loop0	0.000000	0.000000	0.000000	0.000000	0.000000	0.000000	0.000000	0.000000	0.000000	0.000000	0.000000	0.000000	0.000000	0.000000	0.000000	0.000000	0.000000	0	0.000000	0.000000
25	2026-09-13T03:48:39.844074667Z	25010	loop1	0.000000	0.000000	0.000000	0.000000	0.000000	0.000000	0.000000	0.000000	0.000000	0.000000	0.000000	0.000000	0.000000	0.000000	0.000000	0.000000	0.000000	0	0.000000	0.000000
25	2026-09-13T03:48:39.844074667Z	25010	loop10	0.000000	0.000000	0.000000	0.000000	0.000000	0.000000	0.000000	0.000000	0.000000	0.000000	0.000000	0.000000	0.000000	0.000000	0.000000	0.000000	0.000000	0	0.000000	0.000000
25	2026-09-13T03:48:39.844074667Z	25010	loop11	0.000000	0.000000	0.000000	0.000000	0.000000	0.000000	0.000000	0.000000	0.000000	0.000000	0.000000	0.000000	0.000000	0.000000	0.000000	0.000000	0.000000	0	0.000000	0.000000
25	2026-09-13T03:48:39.844074667Z	25010	loop2	0.000000	0.000000	0.000000	0.000000	0.000000	0.000000	0.000000	0.000000	0.000000	0.000000	0.000000	0.000000	0.000000	0.000000	0.000000	0.000000	0.000000	0	0.000000	0.000000
25	2026-09-13T03:48:39.844074667Z	25010	loop3	0.000000	0.000000	0.000000	0.000000	0.000000	0.000000	0.000000	0.000000	0.000000	0.000000	0.000000	0.000000	0.000000	0.000000	0.000000	0.000000	0.000000	0	0.000000	0.000000
25	2026-09-13T03:48:39.844074667Z	25010	loop4	0.000000	0.000000	0.000000	0.000000	0.000000	0.000000	0.000000	0.000000	0.000000	0.000000	0.000000	0.000000	0.000000	0.000000	0.000000	0.000000	0.000000	0	0.000000	0.000000
25	2026-09-13T03:48:39.844074667Z	25010	loop5	0.000000	0.000000	0.000000	0.000000	0.000000	0.000000	0.000000	0.000000	0.000000	0.000000	0.000000	0.000000	0.000000	0.000000	0.000000	0.000000	0.000000	0	0.000000	0.000000
25	2026-09-13T03:48:39.844074667Z	25010	loop6	0.000000	0.000000	0.000000	0.000000	0.000000	0.000000	0.000000	0.000000	0.000000	0.000000	0.000000	0.000000	0.000000	0.000000	0.000000	0.000000	0.000000	0	0.000000	0.000000
25	2026-09-13T03:48:39.844074667Z	25010	loop7	0.000000	0.000000	0.000000	0.000000	0.000000	0.000000	0.000000	0.000000	0.000000	0.000000	0.000000	0.000000	0.000000	0.000000	0.000000	0.000000	0.000000	0	0.000000	0.000000
25	2026-09-13T03:48:39.844074667Z	25010	loop8	0.000000	0.000000	0.000000	0.000000	0.000000	0.000000	0.000000	0.000000	0.000000	0.000000	0.000000	0.000000	0.000000	0.000000	0.000000	0.000000	0.000000	0	0.000000	0.000000
25	2026-09-13T03:48:39.844074667Z	25010	loop9	0.000000	0.000000	0.000000	0.000000	0.000000	0.000000	0.000000	0.000000	0.000000	0.000000	0.000000	0.000000	0.000000	0.000000	0.000000	0.000000	0.000000	0	0.000000	0.000000
25	2026-09-13T03:48:39.844074667Z	25010	nvme0n1	0.000000	0.000000	0.000000	0.000000	0.000000	0.000000	0.000000	0.000000	0.000000	0.000000	0.000000	0.000000	0.000000	0.000000	0.000000	0.000000	0.000000	0	0.000000	0.000000
26	2026-09-13T03:48:40.844576686Z	26011	loop0	0.000000	0.000000	0.000000	0.000000	0.000000	0.000000	0.000000	0.000000	0.000000	0.000000	0.000000	0.000000	0.000000	0.000000	0.000000	0.000000	0.000000	0	0.000000	0.000000
26	2026-09-13T03:48:40.844576686Z	26011	loop1	0.000000	0.000000	0.000000	0.000000	0.000000	0.000000	0.000000	0.000000	0.000000	0.000000	0.000000	0.000000	0.000000	0.000000	0.000000	0.000000	0.000000	0	0.000000	0.000000
26	2026-09-13T03:48:40.844576686Z	26011	loop10	0.000000	0.000000	0.000000	0.000000	0.000000	0.000000	0.000000	0.000000	0.000000	0.000000	0.000000	0.000000	0.000000	0.000000	0.000000	0.000000	0.000000	0	0.000000	0.000000
26	2026-09-13T03:48:40.844576686Z	26011	loop11	0.000000	0.000000	0.000000	0.000000	0.000000	0.000000	0.000000	0.000000	0.000000	0.000000	0.000000	0.000000	0.000000	0.000000	0.000000	0.000000	0.000000	0	0.000000	0.000000
26	2026-09-13T03:48:40.844576686Z	26011	loop2	0.000000	0.000000	0.000000	0.000000	0.000000	0.000000	0.000000	0.000000	0.000000	0.000000	0.000000	0.000000	0.000000	0.000000	0.000000	0.000000	0.000000	0	0.000000	0.000000
26	2026-09-13T03:48:40.844576686Z	26011	loop3	0.000000	0.000000	0.000000	0.000000	0.000000	0.000000	0.000000	0.000000	0.000000	0.000000	0.000000	0.000000	0.000000	0.000000	0.000000	0.000000	0.000000	0	0.000000	0.000000
26	2026-09-13T03:48:40.844576686Z	26011	loop4	0.000000	0.000000	0.000000	0.000000	0.000000	0.000000	0.000000	0.000000	0.000000	0.000000	0.000000	0.000000	0.000000	0.000000	0.000000	0.000000	0.000000	0	0.000000	0.000000
26	2026-09-13T03:48:40.844576686Z	26011	loop5	0.000000	0.000000	0.000000	0.000000	0.000000	0.000000	0.000000	0.000000	0.000000	0.000000	0.000000	0.000000	0.000000	0.000000	0.000000	0.000000	0.000000	0	0.000000	0.000000
26	2026-09-13T03:48:40.844576686Z	26011	loop6	0.000000	0.000000	0.000000	0.000000	0.000000	0.000000	0.000000	0.000000	0.000000	0.000000	0.000000	0.000000	0.000000	0.000000	0.000000	0.000000	0.000000	0	0.000000	0.000000
26	2026-09-13T03:48:40.844576686Z	26011	loop7	0.000000	0.000000	0.000000	0.000000	0.000000	0.000000	0.000000	0.000000	0.000000	0.000000	0.000000	0.000000	0.000000	0.000000	0.000000	0.000000	0.000000	0	0.000000	0.000000
26	2026-09-13T03:48:40.844576686Z	26011	loop8	0.000000	0.000000	0.000000	0.000000	0.000000	0.000000	0.000000	0.000000	0.000000	0.000000	0.000000	0.000000	0.000000	0.000000	0.000000	0.000000	0.000000	0	0.000000	0.000000
26	2026-09-13T03:48:40.844576686Z	26011	loop9	0.000000	0.000000	0.000000	0.000000	0.000000	0.000000	0.000000	0.000000	0.000000	0.000000	0.000000	0.000000	0.000000	0.000000	0.000000	0.000000	0.000000	0	0.000000	0.000000
26	2026-09-13T03:48:40.844576686Z	26011	nvme0n1	0.000000	0.000000	0.000000	0.000000	0.000000	0.000000	0.000000	0.000000	0.000000	0.000000	0.000000	0.000000	0.000000	0.000000	0.000000	0.000000	0.000000	0	0.000000	0.000000
27	2026-09-13T03:48:41.844074623Z	27010	loop0	0.000000	0.000000	0.000000	0.000000	0.000000	0.000000	0.000000	0.000000	0.000000	0.000000	0.000000	0.000000	0.000000	0.000000	0.000000	0.000000	0.000000	0	0.000000	0.000000
27	2026-09-13T03:48:41.844074623Z	27010	loop1	0.000000	0.000000	0.000000	0.000000	0.000000	0.000000	0.000000	0.000000	0.000000	0.000000	0.000000	0.000000	0.000000	0.000000	0.000000	0.000000	0.000000	0	0.000000	0.000000
27	2026-09-13T03:48:41.844074623Z	27010	loop10	0.000000	0.000000	0.000000	0.000000	0.000000	0.000000	0.000000	0.000000	0.000000	0.000000	0.000000	0.000000	0.000000	0.000000	0.000000	0.000000	0.000000	0	0.000000	0.000000
27	2026-09-13T03:48:41.844074623Z	27010	loop11	0.000000	0.000000	0.000000	0.000000	0.000000	0.000000	0.000000	0.000000	0.000000	0.000000	0.000000	0.000000	0.000000	0.000000	0.000000	0.000000	0.000000	0	0.000000	0.000000
27	2026-09-13T03:48:41.844074623Z	27010	loop2	0.000000	0.000000	0.000000	0.000000	0.000000	0.000000	0.000000	0.000000	0.000000	0.000000	0.000000	0.000000	0.000000	0.000000	0.000000	0.000000	0.000000	0	0.000000	0.000000
27	2026-09-13T03:48:41.844074623Z	27010	loop3	0.000000	0.000000	0.000000	0.000000	0.000000	0.000000	0.000000	0.000000	0.000000	0.000000	0.000000	0.000000	0.000000	0.000000	0.000000	0.000000	0.000000	0	0.000000	0.000000
27	2026-09-13T03:48:41.844074623Z	27010	loop4	0.000000	0.000000	0.000000	0.000000	0.000000	0.000000	0.000000	0.000000	0.000000	0.000000	0.000000	0.000000	0.000000	0.000000	0.000000	0.000000	0.000000	0	0.000000	0.000000
27	2026-09-13T03:48:41.844074623Z	27010	loop5	0.000000	0.000000	0.000000	0.000000	0.000000	0.000000	0.000000	0.000000	0.000000	0.000000	0.000000	0.000000	0.000000	0.000000	0.000000	0.000000	0.000000	0	0.000000	0.000000
27	2026-09-13T03:48:41.844074623Z	27010	loop6	0.000000	0.000000	0.000000	0.000000	0.000000	0.000000	0.000000	0.000000	0.000000	0.000000	0.000000	0.000000	0.000000	0.000000	0.000000	0.000000	0.000000	0	0.000000	0.000000
27	2026-09-13T03:48:41.844074623Z	27010	loop7	0.000000	0.000000	0.000000	0.000000	0.000000	0.000000	0.000000	0.000000	0.000000	0.000000	0.000000	0.000000	0.000000	0.000000	0.000000	0.000000	0.000000	0	0.000000	0.000000
27	2026-09-13T03:48:41.844074623Z	27010	loop8	0.000000	0.000000	0.000000	0.000000	0.000000	0.000000	0.000000	0.000000	0.000000	0.000000	0.000000	0.000000	0.000000	0.000000	0.000000	0.000000	0.000000	0	0.000000	0.000000
27	2026-09-13T03:48:41.844074623Z	27010	loop9	0.000000	0.000000	0.000000	0.000000	0.000000	0.000000	0.000000	0.000000	0.000000	0.000000	0.000000	0.000000	0.000000	0.000000	0.000000	0.000000	0.000000	0	0.000000	0.000000
27	2026-09-13T03:48:41.844074623Z	27010	nvme0n1	0.000000	0.000000	0.000000	0.000000	0.000000	0.000000	0.000000	0.000000	0.000000	0.000000	0.000000	0.000000	0.000000	0.000000	0.000000	0.000000	0.000000	0	0.000000	0.000000
28	2026-09-13T03:48:42.844076645Z	28010	loop0	0.000000	0.000000	0.000000	0.000000	0.000000	0.000000	0.000000	0.000000	0.000000	0.000000	0.000000	0.000000	0.000000	0.000000	0.000000	0.000000	0.000000	0	0.000000	0.000000
28	2026-09-13T03:48:42.844076645Z	28010	loop1	0.000000	0.000000	0.000000	0.000000	0.000000	0.000000	0.000000	0.000000	0.000000	0.000000	0.000000	0.000000	0.000000	0.000000	0.000000	0.000000	0.000000	0	0.000000	0.000000
28	2026-09-13T03:48:42.844076645Z	28010	loop10	0.000000	0.000000	0.000000	0.000000	0.000000	0.000000	0.000000	0.000000	0.000000	0.000000	0.000000	0.000000	0.000000	0.000000	0.000000	0.000000	0.000000	0	0.000000	0.000000
28	2026-09-13T03:48:42.844076645Z	28010	loop11	0.000000	0.000000	0.000000	0.000000	0.000000	0.000000	0.000000	0.000000	0.000000	0.000000	0.000000	0.000000	0.000000	0.000000	0.000000	0.000000	0.000000	0	0.000000	0.000000
28	2026-09-13T03:48:42.844076645Z	28010	loop2	0.000000	0.000000	0.000000	0.000000	0.000000	0.000000	0.000000	0.000000	0.000000	0.000000	0.000000	0.000000	0.000000	0.000000	0.000000	0.000000	0.000000	0	0.000000	0.000000
28	2026-09-13T03:48:42.844076645Z	28010	loop3	0.000000	0.000000	0.000000	0.000000	0.000000	0.000000	0.000000	0.000000	0.000000	0.000000	0.000000	0.000000	0.000000	0.000000	0.000000	0.000000	0.000000	0	0.000000	0.000000
28	2026-09-13T03:48:42.844076645Z	28010	loop4	0.000000	0.000000	0.000000	0.000000	0.000000	0.000000	0.000000	0.000000	0.000000	0.000000	0.000000	0.000000	0.000000	0.000000	0.000000	0.000000	0.000000	0	0.000000	0.000000
28	2026-09-13T03:48:42.844076645Z	28010	loop5	0.000000	0.000000	0.000000	0.000000	0.000000	0.000000	0.000000	0.000000	0.000000	0.000000	0.000000	0.000000	0.000000	0.000000	0.000000	0.000000	0.000000	0	0.000000	0.000000
28	2026-09-13T03:48:42.844076645Z	28010	loop6	0.000000	0.000000	0.000000	0.000000	0.000000	0.000000	0.000000	0.000000	0.000000	0.000000	0.000000	0.000000	0.000000	0.000000	0.000000	0.000000	0.000000	0	0.000000	0.000000
28	2026-09-13T03:48:42.844076645Z	28010	loop7	0.000000	0.000000	0.000000	0.000000	0.000000	0.000000	0.000000	0.000000	0.000000	0.000000	0.000000	0.000000	0.000000	0.000000	0.000000	0.000000	0.000000	0	0.000000	0.000000
28	2026-09-13T03:48:42.844076645Z	28010	loop8	0.000000	0.000000	0.000000	0.000000	0.000000	0.000000	0.000000	0.000000	0.000000	0.000000	0.000000	0.000000	0.000000	0.000000	0.000000	0.000000	0.000000	0	0.000000	0.000000
28	2026-09-13T03:48:42.844076645Z	28010	loop9	0.000000	0.000000	0.000000	0.000000	0.000000	0.000000	0.000000	0.000000	0.000000	0.000000	0.000000	0.000000	0.000000	0.000000	0.000000	0.000000	0.000000	0	0.000000	0.000000
28	2026-09-13T03:48:42.844076645Z	28010	nvme0n1	0.000000	0.000000	0.000000	0.000000	0.000000	0.000000	0.000000	0.000000	0.000000	0.000000	0.000000	0.000000	0.000000	0.000000	0.000000	0.000000	0.000000	0	0.000000	0.000000
29	2026-09-13T03:48:43.84465101Z	29011	loop0	0.000000	0.000000	0.000000	0.000000	0.000000	0.000000	0.000000	0.000000	0.000000	0.000000	0.000000	0.000000	0.000000	0.000000	0.000000	0.000000	0.000000	0	0.000000	0.000000
29	2026-09-13T03:48:43.84465101Z	29011	loop1	0.000000	0.000000	0.000000	0.000000	0.000000	0.000000	0.000000	0.000000	0.000000	0.000000	0.000000	0.000000	0.000000	0.000000	0.000000	0.000000	0.000000	0	0.000000	0.000000
29	2026-09-13T03:48:43.84465101Z	29011	loop10	0.000000	0.000000	0.000000	0.000000	0.000000	0.000000	0.000000	0.000000	0.000000	0.000000	0.000000	0.000000	0.000000	0.000000	0.000000	0.000000	0.000000	0	0.000000	0.000000
29	2026-09-13T03:48:43.84465101Z	29011	loop11	0.000000	0.000000	0.000000	0.000000	0.000000	0.000000	0.000000	0.000000	0.000000	0.000000	0.000000	0.000000	0.000000	0.000000	0.000000	0.000000	0.000000	0	0.000000	0.000000
29	2026-09-13T03:48:43.84465101Z	29011	loop2	0.000000	0.000000	0.000000	0.000000	0.000000	0.000000	0.000000	0.000000	0.000000	0.000000	0.000000	0.000000	0.000000	0.000000	0.000000	0.000000	0.000000	0	0.000000	0.000000
29	2026-09-13T03:48:43.84465101Z	29011	loop3	0.000000	0.000000	0.000000	0.000000	0.000000	0.000000	0.000000	0.000000	0.000000	0.000000	0.000000	0.000000	0.000000	0.000000	0.000000	0.000000	0.000000	0	0.000000	0.000000
29	2026-09-13T03:48:43.84465101Z	29011	loop4	0.000000	0.000000	0.000000	0.000000	0.000000	0.000000	0.000000	0.000000	0.000000	0.000000	0.000000	0.000000	0.000000	0.000000	0.000000	0.000000	0.000000	0	0.000000	0.000000
29	2026-09-13T03:48:43.84465101Z	29011	loop5	0.000000	0.000000	0.000000	0.000000	0.000000	0.000000	0.000000	0.000000	0.000000	0.000000	0.000000	0.000000	0.000000	0.000000	0.000000	0.000000	0.000000	0	0.000000	0.000000
29	2026-09-13T03:48:43.84465101Z	29011	loop6	0.000000	0.000000	0.000000	0.000000	0.000000	0.000000	0.000000	0.000000	0.000000	0.000000	0.000000	0.000000	0.000000	0.000000	0.000000	0.000000	0.000000	0	0.000000	0.000000
29	2026-09-13T03:48:43.84465101Z	29011	loop7	0.000000	0.000000	0.000000	0.000000	0.000000	0.000000	0.000000	0.000000	0.000000	0.000000	0.000000	0.000000	0.000000	0.000000	0.000000	0.000000	0.000000	0	0.000000	0.000000
29	2026-09-13T03:48:43.84465101Z	29011	loop8	0.000000	0.000000	0.000000	0.000000	0.000000	0.000000	0.000000	0.000000	0.000000	0.000000	0.000000	0.000000	0.000000	0.000000	0.000000	0.000000	0.000000	0	0.000000	0.000000
29	2026-09-13T03:48:43.84465101Z	29011	loop9	0.000000	0.000000	0.000000	0.000000	0.000000	0.000000	0.000000	0.000000	0.000000	0.000000	0.000000	0.000000	0.000000	0.000000	0.000000	0.000000	0.000000	0	0.000000	0.000000
29	2026-09-13T03:48:43.84465101Z	29011	nvme0n1	0.000000	269.845010	0.000000	0.000000	0.000000	4.997130	0.000000	0.000000	1387746.926736	0.000000	0.000000	0.874074	0.000000	0.000000	0.000000	5142.755556	0.000000	0	2.798393	0.236864
30	2026-09-13T03:48:44.844269156Z	30011	loop0	0.000000	0.000000	0.000000	0.000000	0.000000	0.000000	0.000000	0.000000	0.000000	0.000000	0.000000	0.000000	0.000000	0.000000	0.000000	0.000000	0.000000	0	0.000000	0.000000
30	2026-09-13T03:48:44.844269156Z	30011	loop1	0.000000	0.000000	0.000000	0.000000	0.000000	0.000000	0.000000	0.000000	0.000000	0.000000	0.000000	0.000000	0.000000	0.000000	0.000000	0.000000	0.000000	0	0.000000	0.000000
30	2026-09-13T03:48:44.844269156Z	30011	loop10	0.000000	0.000000	0.000000	0.000000	0.000000	0.000000	0.000000	0.000000	0.000000	0.000000	0.000000	0.000000	0.000000	0.000000	0.000000	0.000000	0.000000	0	0.000000	0.000000
30	2026-09-13T03:48:44.844269156Z	30011	loop11	0.000000	0.000000	0.000000	0.000000	0.000000	0.000000	0.000000	0.000000	0.000000	0.000000	0.000000	0.000000	0.000000	0.000000	0.000000	0.000000	0.000000	0	0.000000	0.000000
30	2026-09-13T03:48:44.844269156Z	30011	loop2	0.000000	0.000000	0.000000	0.000000	0.000000	0.000000	0.000000	0.000000	0.000000	0.000000	0.000000	0.000000	0.000000	0.000000	0.000000	0.000000	0.000000	0	0.000000	0.000000
30	2026-09-13T03:48:44.844269156Z	30011	loop3	0.000000	0.000000	0.000000	0.000000	0.000000	0.000000	0.000000	0.000000	0.000000	0.000000	0.000000	0.000000	0.000000	0.000000	0.000000	0.000000	0.000000	0	0.000000	0.000000
30	2026-09-13T03:48:44.844269156Z	30011	loop4	0.000000	0.000000	0.000000	0.000000	0.000000	0.000000	0.000000	0.000000	0.000000	0.000000	0.000000	0.000000	0.000000	0.000000	0.000000	0.000000	0.000000	0	0.000000	0.000000
30	2026-09-13T03:48:44.844269156Z	30011	loop5	0.000000	0.000000	0.000000	0.000000	0.000000	0.000000	0.000000	0.000000	0.000000	0.000000	0.000000	0.000000	0.000000	0.000000	0.000000	0.000000	0.000000	0	0.000000	0.000000
30	2026-09-13T03:48:44.844269156Z	30011	loop6	0.000000	0.000000	0.000000	0.000000	0.000000	0.000000	0.000000	0.000000	0.000000	0.000000	0.000000	0.000000	0.000000	0.000000	0.000000	0.000000	0.000000	0	0.000000	0.000000
30	2026-09-13T03:48:44.844269156Z	30011	loop7	0.000000	0.000000	0.000000	0.000000	0.000000	0.000000	0.000000	0.000000	0.000000	0.000000	0.000000	0.000000	0.000000	0.000000	0.000000	0.000000	0.000000	0	0.000000	0.000000
30	2026-09-13T03:48:44.844269156Z	30011	loop8	0.000000	0.000000	0.000000	0.000000	0.000000	0.000000	0.000000	0.000000	0.000000	0.000000	0.000000	0.000000	0.000000	0.000000	0.000000	0.000000	0.000000	0	0.000000	0.000000
30	2026-09-13T03:48:44.844269156Z	30011	loop9	0.000000	0.000000	0.000000	0.000000	0.000000	0.000000	0.000000	0.000000	0.000000	0.000000	0.000000	0.000000	0.000000	0.000000	0.000000	0.000000	0.000000	0	0.000000	0.000000
30	2026-09-13T03:48:44.844269156Z	30011	nvme0n1	0.000000	0.000000	0.000000	0.000000	0.000000	0.000000	0.000000	0.000000	0.000000	0.000000	0.000000	0.000000	0.000000	0.000000	0.000000	0.000000	0.000000	0	0.000000	0.000000
31	2026-09-13T03:48:45.844854341Z	31011	loop0	0.000000	0.000000	0.000000	0.000000	0.000000	0.000000	0.000000	0.000000	0.000000	0.000000	0.000000	0.000000	0.000000	0.000000	0.000000	0.000000	0.000000	0	0.000000	0.000000
31	2026-09-13T03:48:45.844854341Z	31011	loop1	0.000000	0.000000	0.000000	0.000000	0.000000	0.000000	0.000000	0.000000	0.000000	0.000000	0.000000	0.000000	0.000000	0.000000	0.000000	0.000000	0.000000	0	0.000000	0.000000
31	2026-09-13T03:48:45.844854341Z	31011	loop10	0.000000	0.000000	0.000000	0.000000	0.000000	0.000000	0.000000	0.000000	0.000000	0.000000	0.000000	0.000000	0.000000	0.000000	0.000000	0.000000	0.000000	0	0.000000	0.000000
31	2026-09-13T03:48:45.844854341Z	31011	loop11	0.000000	0.000000	0.000000	0.000000	0.000000	0.000000	0.000000	0.000000	0.000000	0.000000	0.000000	0.000000	0.000000	0.000000	0.000000	0.000000	0.000000	0	0.000000	0.000000
31	2026-09-13T03:48:45.844854341Z	31011	loop2	0.000000	0.000000	0.000000	0.000000	0.000000	0.000000	0.000000	0.000000	0.000000	0.000000	0.000000	0.000000	0.000000	0.000000	0.000000	0.000000	0.000000	0	0.000000	0.000000
31	2026-09-13T03:48:45.844854341Z	31011	loop3	0.000000	0.000000	0.000000	0.000000	0.000000	0.000000	0.000000	0.000000	0.000000	0.000000	0.000000	0.000000	0.000000	0.000000	0.000000	0.000000	0.000000	0	0.000000	0.000000
31	2026-09-13T03:48:45.844854341Z	31011	loop4	0.000000	0.000000	0.000000	0.000000	0.000000	0.000000	0.000000	0.000000	0.000000	0.000000	0.000000	0.000000	0.000000	0.000000	0.000000	0.000000	0.000000	0	0.000000	0.000000
31	2026-09-13T03:48:45.844854341Z	31011	loop5	0.000000	0.000000	0.000000	0.000000	0.000000	0.000000	0.000000	0.000000	0.000000	0.000000	0.000000	0.000000	0.000000	0.000000	0.000000	0.000000	0.000000	0	0.000000	0.000000
31	2026-09-13T03:48:45.844854341Z	31011	loop6	0.000000	0.000000	0.000000	0.000000	0.000000	0.000000	0.000000	0.000000	0.000000	0.000000	0.000000	0.000000	0.000000	0.000000	0.000000	0.000000	0.000000	0	0.000000	0.000000
31	2026-09-13T03:48:45.844854341Z	31011	loop7	0.000000	0.000000	0.000000	0.000000	0.000000	0.000000	0.000000	0.000000	0.000000	0.000000	0.000000	0.000000	0.000000	0.000000	0.000000	0.000000	0.000000	0	0.000000	0.000000
31	2026-09-13T03:48:45.844854341Z	31011	loop8	0.000000	0.000000	0.000000	0.000000	0.000000	0.000000	0.000000	0.000000	0.000000	0.000000	0.000000	0.000000	0.000000	0.000000	0.000000	0.000000	0.000000	0	0.000000	0.000000
31	2026-09-13T03:48:45.844854341Z	31011	loop9	0.000000	0.000000	0.000000	0.000000	0.000000	0.000000	0.000000	0.000000	0.000000	0.000000	0.000000	0.000000	0.000000	0.000000	0.000000	0.000000	0.000000	0	0.000000	0.000000
31	2026-09-13T03:48:45.844854341Z	31011	nvme0n1	0.000000	0.000000	0.000000	0.000000	0.000000	0.000000	0.000000	0.000000	0.000000	0.000000	0.000000	0.000000	0.000000	0.000000	0.000000	0.000000	0.000000	0	0.000000	0.000000
32	2026-09-13T03:48:46.844490602Z	32011	loop0	0.000000	0.000000	0.000000	0.000000	0.000000	0.000000	0.000000	0.000000	0.000000	0.000000	0.000000	0.000000	0.000000	0.000000	0.000000	0.000000	0.000000	0	0.000000	0.000000
32	2026-09-13T03:48:46.844490602Z	32011	loop1	0.000000	0.000000	0.000000	0.000000	0.000000	0.000000	0.000000	0.000000	0.000000	0.000000	0.000000	0.000000	0.000000	0.000000	0.000000	0.000000	0.000000	0	0.000000	0.000000
32	2026-09-13T03:48:46.844490602Z	32011	loop10	0.000000	0.000000	0.000000	0.000000	0.000000	0.000000	0.000000	0.000000	0.000000	0.000000	0.000000	0.000000	0.000000	0.000000	0.000000	0.000000	0.000000	0	0.000000	0.000000
32	2026-09-13T03:48:46.844490602Z	32011	loop11	0.000000	0.000000	0.000000	0.000000	0.000000	0.000000	0.000000	0.000000	0.000000	0.000000	0.000000	0.000000	0.000000	0.000000	0.000000	0.000000	0.000000	0	0.000000	0.000000
32	2026-09-13T03:48:46.844490602Z	32011	loop2	0.000000	0.000000	0.000000	0.000000	0.000000	0.000000	0.000000	0.000000	0.000000	0.000000	0.000000	0.000000	0.000000	0.000000	0.000000	0.000000	0.000000	0	0.000000	0.000000
32	2026-09-13T03:48:46.844490602Z	32011	loop3	0.000000	0.000000	0.000000	0.000000	0.000000	0.000000	0.000000	0.000000	0.000000	0.000000	0.000000	0.000000	0.000000	0.000000	0.000000	0.000000	0.000000	0	0.000000	0.000000
32	2026-09-13T03:48:46.844490602Z	32011	loop4	0.000000	0.000000	0.000000	0.000000	0.000000	0.000000	0.000000	0.000000	0.000000	0.000000	0.000000	0.000000	0.000000	0.000000	0.000000	0.000000	0.000000	0	0.000000	0.000000
32	2026-09-13T03:48:46.844490602Z	32011	loop5	0.000000	0.000000	0.000000	0.000000	0.000000	0.000000	0.000000	0.000000	0.000000	0.000000	0.000000	0.000000	0.000000	0.000000	0.000000	0.000000	0.000000	0	0.000000	0.000000
32	2026-09-13T03:48:46.844490602Z	32011	loop6	0.000000	0.000000	0.000000	0.000000	0.000000	0.000000	0.000000	0.000000	0.000000	0.000000	0.000000	0.000000	0.000000	0.000000	0.000000	0.000000	0.000000	0	0.000000	0.000000
32	2026-09-13T03:48:46.844490602Z	32011	loop7	0.000000	0.000000	0.000000	0.000000	0.000000	0.000000	0.000000	0.000000	0.000000	0.000000	0.000000	0.000000	0.000000	0.000000	0.000000	0.000000	0.000000	0	0.000000	0.000000
32	2026-09-13T03:48:46.844490602Z	32011	loop8	0.000000	0.000000	0.000000	0.000000	0.000000	0.000000	0.000000	0.000000	0.000000	0.000000	0.000000	0.000000	0.000000	0.000000	0.000000	0.000000	0.000000	0	0.000000	0.000000
32	2026-09-13T03:48:46.844490602Z	32011	loop9	0.000000	0.000000	0.000000	0.000000	0.000000	0.000000	0.000000	0.000000	0.000000	0.000000	0.000000	0.000000	0.000000	0.000000	0.000000	0.000000	0.000000	0	0.000000	0.000000
32	2026-09-13T03:48:46.844490602Z	32011	nvme0n1	0.000000	0.000000	0.000000	0.000000	0.000000	0.000000	0.000000	0.000000	0.000000	0.000000	0.000000	0.000000	0.000000	0.000000	0.000000	0.000000	0.000000	0	0.000000	0.000000
33	2026-09-13T03:48:47.844083665Z	33010	loop0	0.000000	0.000000	0.000000	0.000000	0.000000	0.000000	0.000000	0.000000	0.000000	0.000000	0.000000	0.000000	0.000000	0.000000	0.000000	0.000000	0.000000	0	0.000000	0.000000
33	2026-09-13T03:48:47.844083665Z	33010	loop1	0.000000	0.000000	0.000000	0.000000	0.000000	0.000000	0.000000	0.000000	0.000000	0.000000	0.000000	0.000000	0.000000	0.000000	0.000000	0.000000	0.000000	0	0.000000	0.000000
33	2026-09-13T03:48:47.844083665Z	33010	loop10	0.000000	0.000000	0.000000	0.000000	0.000000	0.000000	0.000000	0.000000	0.000000	0.000000	0.000000	0.000000	0.000000	0.000000	0.000000	0.000000	0.000000	0	0.000000	0.000000
33	2026-09-13T03:48:47.844083665Z	33010	loop11	0.000000	0.000000	0.000000	0.000000	0.000000	0.000000	0.000000	0.000000	0.000000	0.000000	0.000000	0.000000	0.000000	0.000000	0.000000	0.000000	0.000000	0	0.000000	0.000000
33	2026-09-13T03:48:47.844083665Z	33010	loop2	0.000000	0.000000	0.000000	0.000000	0.000000	0.000000	0.000000	0.000000	0.000000	0.000000	0.000000	0.000000	0.000000	0.000000	0.000000	0.000000	0.000000	0	0.000000	0.000000
33	2026-09-13T03:48:47.844083665Z	33010	loop3	0.000000	0.000000	0.000000	0.000000	0.000000	0.000000	0.000000	0.000000	0.000000	0.000000	0.000000	0.000000	0.000000	0.000000	0.000000	0.000000	0.000000	0	0.000000	0.000000
33	2026-09-13T03:48:47.844083665Z	33010	loop4	0.000000	0.000000	0.000000	0.000000	0.000000	0.000000	0.000000	0.000000	0.000000	0.000000	0.000000	0.000000	0.000000	0.000000	0.000000	0.000000	0.000000	0	0.000000	0.000000
33	2026-09-13T03:48:47.844083665Z	33010	loop5	0.000000	0.000000	0.000000	0.000000	0.000000	0.000000	0.000000	0.000000	0.000000	0.000000	0.000000	0.000000	0.000000	0.000000	0.000000	0.000000	0.000000	0	0.000000	0.000000
33	2026-09-13T03:48:47.844083665Z	33010	loop6	0.000000	0.000000	0.000000	0.000000	0.000000	0.000000	0.000000	0.000000	0.000000	0.000000	0.000000	0.000000	0.000000	0.000000	0.000000	0.000000	0.000000	0	0.000000	0.000000
33	2026-09-13T03:48:47.844083665Z	33010	loop7	0.000000	0.000000	0.000000	0.000000	0.000000	0.000000	0.000000	0.000000	0.000000	0.000000	0.000000	0.000000	0.000000	0.000000	0.000000	0.000000	0.000000	0	0.000000	0.000000
33	2026-09-13T03:48:47.844083665Z	33010	loop8	0.000000	0.000000	0.000000	0.000000	0.000000	0.000000	0.000000	0.000000	0.000000	0.000000	0.000000	0.000000	0.000000	0.000000	0.000000	0.000000	0.000000	0	0.000000	0.000000
33	2026-09-13T03:48:47.844083665Z	33010	loop9	0.000000	0.000000	0.000000	0.000000	0.000000	0.000000	0.000000	0.000000	0.000000	0.000000	0.000000	0.000000	0.000000	0.000000	0.000000	0.000000	0.000000	0	0.000000	0.000000
33	2026-09-13T03:48:47.844083665Z	33010	nvme0n1	0.000000	0.000000	0.000000	0.000000	0.000000	0.000000	0.000000	0.000000	0.000000	0.000000	0.000000	0.000000	0.000000	0.000000	0.000000	0.000000	0.000000	0	0.000000	0.000000
34	2026-09-13T03:48:48.844918378Z	34011	loop0	0.000000	0.000000	0.000000	0.000000	0.000000	0.000000	0.000000	0.000000	0.000000	0.000000	0.000000	0.000000	0.000000	0.000000	0.000000	0.000000	0.000000	0	0.000000	0.000000
34	2026-09-13T03:48:48.844918378Z	34011	loop1	0.000000	0.000000	0.000000	0.000000	0.000000	0.000000	0.000000	0.000000	0.000000	0.000000	0.000000	0.000000	0.000000	0.000000	0.000000	0.000000	0.000000	0	0.000000	0.000000
34	2026-09-13T03:48:48.844918378Z	34011	loop10	0.000000	0.000000	0.000000	0.000000	0.000000	0.000000	0.000000	0.000000	0.000000	0.000000	0.000000	0.000000	0.000000	0.000000	0.000000	0.000000	0.000000	0	0.000000	0.000000
34	2026-09-13T03:48:48.844918378Z	34011	loop11	0.000000	0.000000	0.000000	0.000000	0.000000	0.000000	0.000000	0.000000	0.000000	0.000000	0.000000	0.000000	0.000000	0.000000	0.000000	0.000000	0.000000	0	0.000000	0.000000
34	2026-09-13T03:48:48.844918378Z	34011	loop2	0.000000	0.000000	0.000000	0.000000	0.000000	0.000000	0.000000	0.000000	0.000000	0.000000	0.000000	0.000000	0.000000	0.000000	0.000000	0.000000	0.000000	0	0.000000	0.000000
34	2026-09-13T03:48:48.844918378Z	34011	loop3	0.000000	0.000000	0.000000	0.000000	0.000000	0.000000	0.000000	0.000000	0.000000	0.000000	0.000000	0.000000	0.000000	0.000000	0.000000	0.000000	0.000000	0	0.000000	0.000000
34	2026-09-13T03:48:48.844918378Z	34011	loop4	0.000000	0.000000	0.000000	0.000000	0.000000	0.000000	0.000000	0.000000	0.000000	0.000000	0.000000	0.000000	0.000000	0.000000	0.000000	0.000000	0.000000	0	0.000000	0.000000
34	2026-09-13T03:48:48.844918378Z	34011	loop5	0.000000	0.000000	0.000000	0.000000	0.000000	0.000000	0.000000	0.000000	0.000000	0.000000	0.000000	0.000000	0.000000	0.000000	0.000000	0.000000	0.000000	0	0.000000	0.000000
34	2026-09-13T03:48:48.844918378Z	34011	loop6	0.000000	0.000000	0.000000	0.000000	0.000000	0.000000	0.000000	0.000000	0.000000	0.000000	0.000000	0.000000	0.000000	0.000000	0.000000	0.000000	0.000000	0	0.000000	0.000000
34	2026-09-13T03:48:48.844918378Z	34011	loop7	0.000000	0.000000	0.000000	0.000000	0.000000	0.000000	0.000000	0.000000	0.000000	0.000000	0.000000	0.000000	0.000000	0.000000	0.000000	0.000000	0.000000	0	0.000000	0.000000
34	2026-09-13T03:48:48.844918378Z	34011	loop8	0.000000	0.000000	0.000000	0.000000	0.000000	0.000000	0.000000	0.000000	0.000000	0.000000	0.000000	0.000000	0.000000	0.000000	0.000000	0.000000	0.000000	0	0.000000	0.000000
34	2026-09-13T03:48:48.844918378Z	34011	loop9	0.000000	0.000000	0.000000	0.000000	0.000000	0.000000	0.000000	0.000000	0.000000	0.000000	0.000000	0.000000	0.000000	0.000000	0.000000	0.000000	0.000000	0	0.000000	0.000000
34	2026-09-13T03:48:48.844918378Z	34011	nvme0n1	0.000000	1.998332	0.000000	0.000000	0.000000	4.995830	0.000000	0.000000	28648.086812	0.000000	0.000000	1.000000	0.000000	0.000000	0.000000	14336.000000	0.000000	0	0.399666	0.001998
35	2026-09-13T03:48:49.844542563Z	35011	loop0	0.000000	0.000000	0.000000	0.000000	0.000000	0.000000	0.000000	0.000000	0.000000	0.000000	0.000000	0.000000	0.000000	0.000000	0.000000	0.000000	0.000000	0	0.000000	0.000000
35	2026-09-13T03:48:49.844542563Z	35011	loop1	0.000000	0.000000	0.000000	0.000000	0.000000	0.000000	0.000000	0.000000	0.000000	0.000000	0.000000	0.000000	0.000000	0.000000	0.000000	0.000000	0.000000	0	0.000000	0.000000
35	2026-09-13T03:48:49.844542563Z	35011	loop10	0.000000	0.000000	0.000000	0.000000	0.000000	0.000000	0.000000	0.000000	0.000000	0.000000	0.000000	0.000000	0.000000	0.000000	0.000000	0.000000	0.000000	0	0.000000	0.000000
35	2026-09-13T03:48:49.844542563Z	35011	loop11	0.000000	0.000000	0.000000	0.000000	0.000000	0.000000	0.000000	0.000000	0.000000	0.000000	0.000000	0.000000	0.000000	0.000000	0.000000	0.000000	0.000000	0	0.000000	0.000000
35	2026-09-13T03:48:49.844542563Z	35011	loop2	0.000000	0.000000	0.000000	0.000000	0.000000	0.000000	0.000000	0.000000	0.000000	0.000000	0.000000	0.000000	0.000000	0.000000	0.000000	0.000000	0.000000	0	0.000000	0.000000
35	2026-09-13T03:48:49.844542563Z	35011	loop3	0.000000	0.000000	0.000000	0.000000	0.000000	0.000000	0.000000	0.000000	0.000000	0.000000	0.000000	0.000000	0.000000	0.000000	0.000000	0.000000	0.000000	0	0.000000	0.000000
35	2026-09-13T03:48:49.844542563Z	35011	loop4	0.000000	0.000000	0.000000	0.000000	0.000000	0.000000	0.000000	0.000000	0.000000	0.000000	0.000000	0.000000	0.000000	0.000000	0.000000	0.000000	0.000000	0	0.000000	0.000000
35	2026-09-13T03:48:49.844542563Z	35011	loop5	0.000000	0.000000	0.000000	0.000000	0.000000	0.000000	0.000000	0.000000	0.000000	0.000000	0.000000	0.000000	0.000000	0.000000	0.000000	0.000000	0.000000	0	0.000000	0.000000
35	2026-09-13T03:48:49.844542563Z	35011	loop6	0.000000	0.000000	0.000000	0.000000	0.000000	0.000000	0.000000	0.000000	0.000000	0.000000	0.000000	0.000000	0.000000	0.000000	0.000000	0.000000	0.000000	0	0.000000	0.000000
35	2026-09-13T03:48:49.844542563Z	35011	loop7	0.000000	0.000000	0.000000	0.000000	0.000000	0.000000	0.000000	0.000000	0.000000	0.000000	0.000000	0.000000	0.000000	0.000000	0.000000	0.000000	0.000000	0	0.000000	0.000000
35	2026-09-13T03:48:49.844542563Z	35011	loop8	0.000000	0.000000	0.000000	0.000000	0.000000	0.000000	0.000000	0.000000	0.000000	0.000000	0.000000	0.000000	0.000000	0.000000	0.000000	0.000000	0.000000	0	0.000000	0.000000
35	2026-09-13T03:48:49.844542563Z	35011	loop9	0.000000	0.000000	0.000000	0.000000	0.000000	0.000000	0.000000	0.000000	0.000000	0.000000	0.000000	0.000000	0.000000	0.000000	0.000000	0.000000	0.000000	0	0.000000	0.000000
35	2026-09-13T03:48:49.844542563Z	35011	nvme0n1	0.000000	6.002256	0.000000	0.000000	0.000000	0.000000	0.000000	0.000000	127023.737426	0.000000	0.000000	1.166667	0.000000	0.000000	0.000000	21162.666667	0.000000	0	0.400150	0.006002
36	2026-09-13T03:48:50.844242607Z	36011	loop0	0.000000	0.000000	0.000000	0.000000	0.000000	0.000000	0.000000	0.000000	0.000000	0.000000	0.000000	0.000000	0.000000	0.000000	0.000000	0.000000	0.000000	0	0.000000	0.000000
36	2026-09-13T03:48:50.844242607Z	36011	loop1	0.000000	0.000000	0.000000	0.000000	0.000000	0.000000	0.000000	0.000000	0.000000	0.000000	0.000000	0.000000	0.000000	0.000000	0.000000	0.000000	0.000000	0	0.000000	0.000000
36	2026-09-13T03:48:50.844242607Z	36011	loop10	0.000000	0.000000	0.000000	0.000000	0.000000	0.000000	0.000000	0.000000	0.000000	0.000000	0.000000	0.000000	0.000000	0.000000	0.000000	0.000000	0.000000	0	0.000000	0.000000
36	2026-09-13T03:48:50.844242607Z	36011	loop11	0.000000	0.000000	0.000000	0.000000	0.000000	0.000000	0.000000	0.000000	0.000000	0.000000	0.000000	0.000000	0.000000	0.000000	0.000000	0.000000	0.000000	0	0.000000	0.000000
36	2026-09-13T03:48:50.844242607Z	36011	loop2	0.000000	0.000000	0.000000	0.000000	0.000000	0.000000	0.000000	0.000000	0.000000	0.000000	0.000000	0.000000	0.000000	0.000000	0.000000	0.000000	0.000000	0	0.000000	0.000000
36	2026-09-13T03:48:50.844242607Z	36011	loop3	0.000000	0.000000	0.000000	0.000000	0.000000	0.000000	0.000000	0.000000	0.000000	0.000000	0.000000	0.000000	0.000000	0.000000	0.000000	0.000000	0.000000	0	0.000000	0.000000
36	2026-09-13T03:48:50.844242607Z	36011	loop4	0.000000	0.000000	0.000000	0.000000	0.000000	0.000000	0.000000	0.000000	0.000000	0.000000	0.000000	0.000000	0.000000	0.000000	0.000000	0.000000	0.000000	0	0.000000	0.000000
36	2026-09-13T03:48:50.844242607Z	36011	loop5	0.000000	0.000000	0.000000	0.000000	0.000000	0.000000	0.000000	0.000000	0.000000	0.000000	0.000000	0.000000	0.000000	0.000000	0.000000	0.000000	0.000000	0	0.000000	0.000000
36	2026-09-13T03:48:50.844242607Z	36011	loop6	0.000000	0.000000	0.000000	0.000000	0.000000	0.000000	0.000000	0.000000	0.000000	0.000000	0.000000	0.000000	0.000000	0.000000	0.000000	0.000000	0.000000	0	0.000000	0.000000
36	2026-09-13T03:48:50.844242607Z	36011	loop7	0.000000	0.000000	0.000000	0.000000	0.000000	0.000000	0.000000	0.000000	0.000000	0.000000	0.000000	0.000000	0.000000	0.000000	0.000000	0.000000	0.000000	0	0.000000	0.000000
36	2026-09-13T03:48:50.844242607Z	36011	loop8	0.000000	0.000000	0.000000	0.000000	0.000000	0.000000	0.000000	0.000000	0.000000	0.000000	0.000000	0.000000	0.000000	0.000000	0.000000	0.000000	0.000000	0	0.000000	0.000000
36	2026-09-13T03:48:50.844242607Z	36011	loop9	0.000000	0.000000	0.000000	0.000000	0.000000	0.000000	0.000000	0.000000	0.000000	0.000000	0.000000	0.000000	0.000000	0.000000	0.000000	0.000000	0.000000	0	0.000000	0.000000
36	2026-09-13T03:48:50.844242607Z	36011	nvme0n1	0.000000	0.000000	0.000000	0.000000	0.000000	0.000000	0.000000	0.000000	0.000000	0.000000	0.000000	0.000000	0.000000	0.000000	0.000000	0.000000	0.000000	0	0.000000	0.000000
37	2026-09-13T03:48:51.844074614Z	37010	loop0	0.000000	0.000000	0.000000	0.000000	0.000000	0.000000	0.000000	0.000000	0.000000	0.000000	0.000000	0.000000	0.000000	0.000000	0.000000	0.000000	0.000000	0	0.000000	0.000000
37	2026-09-13T03:48:51.844074614Z	37010	loop1	0.000000	0.000000	0.000000	0.000000	0.000000	0.000000	0.000000	0.000000	0.000000	0.000000	0.000000	0.000000	0.000000	0.000000	0.000000	0.000000	0.000000	0	0.000000	0.000000
37	2026-09-13T03:48:51.844074614Z	37010	loop10	0.000000	0.000000	0.000000	0.000000	0.000000	0.000000	0.000000	0.000000	0.000000	0.000000	0.000000	0.000000	0.000000	0.000000	0.000000	0.000000	0.000000	0	0.000000	0.000000
37	2026-09-13T03:48:51.844074614Z	37010	loop11	0.000000	0.000000	0.000000	0.000000	0.000000	0.000000	0.000000	0.000000	0.000000	0.000000	0.000000	0.000000	0.000000	0.000000	0.000000	0.000000	0.000000	0	0.000000	0.000000
37	2026-09-13T03:48:51.844074614Z	37010	loop2	0.000000	0.000000	0.000000	0.000000	0.000000	0.000000	0.000000	0.000000	0.000000	0.000000	0.000000	0.000000	0.000000	0.000000	0.000000	0.000000	0.000000	0	0.000000	0.000000
37	2026-09-13T03:48:51.844074614Z	37010	loop3	0.000000	0.000000	0.000000	0.000000	0.000000	0.000000	0.000000	0.000000	0.000000	0.000000	0.000000	0.000000	0.000000	0.000000	0.000000	0.000000	0.000000	0	0.000000	0.000000
37	2026-09-13T03:48:51.844074614Z	37010	loop4	0.000000	0.000000	0.000000	0.000000	0.000000	0.000000	0.000000	0.000000	0.000000	0.000000	0.000000	0.000000	0.000000	0.000000	0.000000	0.000000	0.000000	0	0.000000	0.000000
37	2026-09-13T03:48:51.844074614Z	37010	loop5	0.000000	0.000000	0.000000	0.000000	0.000000	0.000000	0.000000	0.000000	0.000000	0.000000	0.000000	0.000000	0.000000	0.000000	0.000000	0.000000	0.000000	0	0.000000	0.000000
37	2026-09-13T03:48:51.844074614Z	37010	loop6	0.000000	0.000000	0.000000	0.000000	0.000000	0.000000	0.000000	0.000000	0.000000	0.000000	0.000000	0.000000	0.000000	0.000000	0.000000	0.000000	0.000000	0	0.000000	0.000000
37	2026-09-13T03:48:51.844074614Z	37010	loop7	0.000000	0.000000	0.000000	0.000000	0.000000	0.000000	0.000000	0.000000	0.000000	0.000000	0.000000	0.000000	0.000000	0.000000	0.000000	0.000000	0.000000	0	0.000000	0.000000
37	2026-09-13T03:48:51.844074614Z	37010	loop8	0.000000	0.000000	0.000000	0.000000	0.000000	0.000000	0.000000	0.000000	0.000000	0.000000	0.000000	0.000000	0.000000	0.000000	0.000000	0.000000	0.000000	0	0.000000	0.000000
37	2026-09-13T03:48:51.844074614Z	37010	loop9	0.000000	0.000000	0.000000	0.000000	0.000000	0.000000	0.000000	0.000000	0.000000	0.000000	0.000000	0.000000	0.000000	0.000000	0.000000	0.000000	0.000000	0	0.000000	0.000000
37	2026-09-13T03:48:51.844074614Z	37010	nvme0n1	0.000000	0.000000	0.000000	0.000000	0.000000	0.000000	0.000000	0.000000	0.000000	0.000000	0.000000	0.000000	0.000000	0.000000	0.000000	0.000000	0.000000	0	0.000000	0.000000
38	2026-09-13T03:48:52.844081147Z	38010	loop0	0.000000	0.000000	0.000000	0.000000	0.000000	0.000000	0.000000	0.000000	0.000000	0.000000	0.000000	0.000000	0.000000	0.000000	0.000000	0.000000	0.000000	0	0.000000	0.000000
38	2026-09-13T03:48:52.844081147Z	38010	loop1	0.000000	0.000000	0.000000	0.000000	0.000000	0.000000	0.000000	0.000000	0.000000	0.000000	0.000000	0.000000	0.000000	0.000000	0.000000	0.000000	0.000000	0	0.000000	0.000000
38	2026-09-13T03:48:52.844081147Z	38010	loop10	0.000000	0.000000	0.000000	0.000000	0.000000	0.000000	0.000000	0.000000	0.000000	0.000000	0.000000	0.000000	0.000000	0.000000	0.000000	0.000000	0.000000	0	0.000000	0.000000
38	2026-09-13T03:48:52.844081147Z	38010	loop11	0.000000	0.000000	0.000000	0.000000	0.000000	0.000000	0.000000	0.000000	0.000000	0.000000	0.000000	0.000000	0.000000	0.000000	0.000000	0.000000	0.000000	0	0.000000	0.000000
38	2026-09-13T03:48:52.844081147Z	38010	loop2	0.000000	0.000000	0.000000	0.000000	0.000000	0.000000	0.000000	0.000000	0.000000	0.000000	0.000000	0.000000	0.000000	0.000000	0.000000	0.000000	0.000000	0	0.000000	0.000000
38	2026-09-13T03:48:52.844081147Z	38010	loop3	0.000000	0.000000	0.000000	0.000000	0.000000	0.000000	0.000000	0.000000	0.000000	0.000000	0.000000	0.000000	0.000000	0.000000	0.000000	0.000000	0.000000	0	0.000000	0.000000
38	2026-09-13T03:48:52.844081147Z	38010	loop4	0.000000	0.000000	0.000000	0.000000	0.000000	0.000000	0.000000	0.000000	0.000000	0.000000	0.000000	0.000000	0.000000	0.000000	0.000000	0.000000	0.000000	0	0.000000	0.000000
38	2026-09-13T03:48:52.844081147Z	38010	loop5	0.000000	0.000000	0.000000	0.000000	0.000000	0.000000	0.000000	0.000000	0.000000	0.000000	0.000000	0.000000	0.000000	0.000000	0.000000	0.000000	0.000000	0	0.000000	0.000000
38	2026-09-13T03:48:52.844081147Z	38010	loop6	0.000000	0.000000	0.000000	0.000000	0.000000	0.000000	0.000000	0.000000	0.000000	0.000000	0.000000	0.000000	0.000000	0.000000	0.000000	0.000000	0.000000	0	0.000000	0.000000
38	2026-09-13T03:48:52.844081147Z	38010	loop7	0.000000	0.000000	0.000000	0.000000	0.000000	0.000000	0.000000	0.000000	0.000000	0.000000	0.000000	0.000000	0.000000	0.000000	0.000000	0.000000	0.000000	0	0.000000	0.000000
38	2026-09-13T03:48:52.844081147Z	38010	loop8	0.000000	0.000000	0.000000	0.000000	0.000000	0.000000	0.000000	0.000000	0.000000	0.000000	0.000000	0.000000	0.000000	0.000000	0.000000	0.000000	0.000000	0	0.000000	0.000000
38	2026-09-13T03:48:52.844081147Z	38010	loop9	0.000000	0.000000	0.000000	0.000000	0.000000	0.000000	0.000000	0.000000	0.000000	0.000000	0.000000	0.000000	0.000000	0.000000	0.000000	0.000000	0.000000	0	0.000000	0.000000
38	2026-09-13T03:48:52.844081147Z	38010	nvme0n1	0.000000	0.000000	0.000000	0.000000	0.000000	0.000000	0.000000	0.000000	0.000000	0.000000	0.000000	0.000000	0.000000	0.000000	0.000000	0.000000	0.000000	0	0.000000	0.000000
39	2026-09-13T03:48:53.844764149Z	39011	loop0	0.000000	0.000000	0.000000	0.000000	0.000000	0.000000	0.000000	0.000000	0.000000	0.000000	0.000000	0.000000	0.000000	0.000000	0.000000	0.000000	0.000000	0	0.000000	0.000000
39	2026-09-13T03:48:53.844764149Z	39011	loop1	0.000000	0.000000	0.000000	0.000000	0.000000	0.000000	0.000000	0.000000	0.000000	0.000000	0.000000	0.000000	0.000000	0.000000	0.000000	0.000000	0.000000	0	0.000000	0.000000
39	2026-09-13T03:48:53.844764149Z	39011	loop10	0.000000	0.000000	0.000000	0.000000	0.000000	0.000000	0.000000	0.000000	0.000000	0.000000	0.000000	0.000000	0.000000	0.000000	0.000000	0.000000	0.000000	0	0.000000	0.000000
39	2026-09-13T03:48:53.844764149Z	39011	loop11	0.000000	0.000000	0.000000	0.000000	0.000000	0.000000	0.000000	0.000000	0.000000	0.000000	0.000000	0.000000	0.000000	0.000000	0.000000	0.000000	0.000000	0	0.000000	0.000000
39	2026-09-13T03:48:53.844764149Z	39011	loop2	0.000000	0.000000	0.000000	0.000000	0.000000	0.000000	0.000000	0.000000	0.000000	0.000000	0.000000	0.000000	0.000000	0.000000	0.000000	0.000000	0.000000	0	0.000000	0.000000
39	2026-09-13T03:48:53.844764149Z	39011	loop3	0.000000	0.000000	0.000000	0.000000	0.000000	0.000000	0.000000	0.000000	0.000000	0.000000	0.000000	0.000000	0.000000	0.000000	0.000000	0.000000	0.000000	0	0.000000	0.000000
39	2026-09-13T03:48:53.844764149Z	39011	loop4	0.000000	0.000000	0.000000	0.000000	0.000000	0.000000	0.000000	0.000000	0.000000	0.000000	0.000000	0.000000	0.000000	0.000000	0.000000	0.000000	0.000000	0	0.000000	0.000000
39	2026-09-13T03:48:53.844764149Z	39011	loop5	0.000000	0.000000	0.000000	0.000000	0.000000	0.000000	0.000000	0.000000	0.000000	0.000000	0.000000	0.000000	0.000000	0.000000	0.000000	0.000000	0.000000	0	0.000000	0.000000
39	2026-09-13T03:48:53.844764149Z	39011	loop6	0.000000	0.000000	0.000000	0.000000	0.000000	0.000000	0.000000	0.000000	0.000000	0.000000	0.000000	0.000000	0.000000	0.000000	0.000000	0.000000	0.000000	0	0.000000	0.000000
39	2026-09-13T03:48:53.844764149Z	39011	loop7	0.000000	0.000000	0.000000	0.000000	0.000000	0.000000	0.000000	0.000000	0.000000	0.000000	0.000000	0.000000	0.000000	0.000000	0.000000	0.000000	0.000000	0	0.000000	0.000000
39	2026-09-13T03:48:53.844764149Z	39011	loop8	0.000000	0.000000	0.000000	0.000000	0.000000	0.000000	0.000000	0.000000	0.000000	0.000000	0.000000	0.000000	0.000000	0.000000	0.000000	0.000000	0.000000	0	0.000000	0.000000
39	2026-09-13T03:48:53.844764149Z	39011	loop9	0.000000	0.000000	0.000000	0.000000	0.000000	0.000000	0.000000	0.000000	0.000000	0.000000	0.000000	0.000000	0.000000	0.000000	0.000000	0.000000	0.000000	0	0.000000	0.000000
39	2026-09-13T03:48:53.844764149Z	39011	nvme0n1	0.000000	9.993175	0.000000	0.000000	0.000000	4.996587	0.000000	0.000000	61398.064999	0.000000	0.000000	0.900000	0.000000	0.000000	0.000000	6144.000000	0.000000	0	0.799454	0.009993
40	2026-09-13T03:48:54.844622564Z	40011	loop0	0.000000	0.000000	0.000000	0.000000	0.000000	0.000000	0.000000	0.000000	0.000000	0.000000	0.000000	0.000000	0.000000	0.000000	0.000000	0.000000	0.000000	0	0.000000	0.000000
40	2026-09-13T03:48:54.844622564Z	40011	loop1	0.000000	0.000000	0.000000	0.000000	0.000000	0.000000	0.000000	0.000000	0.000000	0.000000	0.000000	0.000000	0.000000	0.000000	0.000000	0.000000	0.000000	0	0.000000	0.000000
40	2026-09-13T03:48:54.844622564Z	40011	loop10	0.000000	0.000000	0.000000	0.000000	0.000000	0.000000	0.000000	0.000000	0.000000	0.000000	0.000000	0.000000	0.000000	0.000000	0.000000	0.000000	0.000000	0	0.000000	0.000000
40	2026-09-13T03:48:54.844622564Z	40011	loop11	0.000000	0.000000	0.000000	0.000000	0.000000	0.000000	0.000000	0.000000	0.000000	0.000000	0.000000	0.000000	0.000000	0.000000	0.000000	0.000000	0.000000	0	0.000000	0.000000
40	2026-09-13T03:48:54.844622564Z	40011	loop2	0.000000	0.000000	0.000000	0.000000	0.000000	0.000000	0.000000	0.000000	0.000000	0.000000	0.000000	0.000000	0.000000	0.000000	0.000000	0.000000	0.000000	0	0.000000	0.000000
40	2026-09-13T03:48:54.844622564Z	40011	loop3	0.000000	0.000000	0.000000	0.000000	0.000000	0.000000	0.000000	0.000000	0.000000	0.000000	0.000000	0.000000	0.000000	0.000000	0.000000	0.000000	0.000000	0	0.000000	0.000000
40	2026-09-13T03:48:54.844622564Z	40011	loop4	0.000000	0.000000	0.000000	0.000000	0.000000	0.000000	0.000000	0.000000	0.000000	0.000000	0.000000	0.000000	0.000000	0.000000	0.000000	0.000000	0.000000	0	0.000000	0.000000
40	2026-09-13T03:48:54.844622564Z	40011	loop5	0.000000	0.000000	0.000000	0.000000	0.000000	0.000000	0.000000	0.000000	0.000000	0.000000	0.000000	0.000000	0.000000	0.000000	0.000000	0.000000	0.000000	0	0.000000	0.000000
40	2026-09-13T03:48:54.844622564Z	40011	loop6	0.000000	0.000000	0.000000	0.000000	0.000000	0.000000	0.000000	0.000000	0.000000	0.000000	0.000000	0.000000	0.000000	0.000000	0.000000	0.000000	0.000000	0	0.000000	0.000000
40	2026-09-13T03:48:54.844622564Z	40011	loop7	0.000000	0.000000	0.000000	0.000000	0.000000	0.000000	0.000000	0.000000	0.000000	0.000000	0.000000	0.000000	0.000000	0.000000	0.000000	0.000000	0.000000	0	0.000000	0.000000
40	2026-09-13T03:48:54.844622564Z	40011	loop8	0.000000	0.000000	0.000000	0.000000	0.000000	0.000000	0.000000	0.000000	0.000000	0.000000	0.000000	0.000000	0.000000	0.000000	0.000000	0.000000	0.000000	0	0.000000	0.000000
40	2026-09-13T03:48:54.844622564Z	40011	loop9	0.000000	0.000000	0.000000	0.000000	0.000000	0.000000	0.000000	0.000000	0.000000	0.000000	0.000000	0.000000	0.000000	0.000000	0.000000	0.000000	0.000000	0	0.000000	0.000000
40	2026-09-13T03:48:54.844622564Z	40011	nvme0n1	0.000000	0.000000	0.000000	0.000000	0.000000	0.000000	0.000000	0.000000	0.000000	0.000000	0.000000	0.000000	0.000000	0.000000	0.000000	0.000000	0.000000	0	0.000000	0.000000
41	2026-09-13T03:48:55.84407533Z	41010	loop0	0.000000	0.000000	0.000000	0.000000	0.000000	0.000000	0.000000	0.000000	0.000000	0.000000	0.000000	0.000000	0.000000	0.000000	0.000000	0.000000	0.000000	0	0.000000	0.000000
41	2026-09-13T03:48:55.84407533Z	41010	loop1	0.000000	0.000000	0.000000	0.000000	0.000000	0.000000	0.000000	0.000000	0.000000	0.000000	0.000000	0.000000	0.000000	0.000000	0.000000	0.000000	0.000000	0	0.000000	0.000000
41	2026-09-13T03:48:55.84407533Z	41010	loop10	0.000000	0.000000	0.000000	0.000000	0.000000	0.000000	0.000000	0.000000	0.000000	0.000000	0.000000	0.000000	0.000000	0.000000	0.000000	0.000000	0.000000	0	0.000000	0.000000
41	2026-09-13T03:48:55.84407533Z	41010	loop11	0.000000	0.000000	0.000000	0.000000	0.000000	0.000000	0.000000	0.000000	0.000000	0.000000	0.000000	0.000000	0.000000	0.000000	0.000000	0.000000	0.000000	0	0.000000	0.000000
41	2026-09-13T03:48:55.84407533Z	41010	loop2	0.000000	0.000000	0.000000	0.000000	0.000000	0.000000	0.000000	0.000000	0.000000	0.000000	0.000000	0.000000	0.000000	0.000000	0.000000	0.000000	0.000000	0	0.000000	0.000000
41	2026-09-13T03:48:55.84407533Z	41010	loop3	0.000000	0.000000	0.000000	0.000000	0.000000	0.000000	0.000000	0.000000	0.000000	0.000000	0.000000	0.000000	0.000000	0.000000	0.000000	0.000000	0.000000	0	0.000000	0.000000
41	2026-09-13T03:48:55.84407533Z	41010	loop4	0.000000	0.000000	0.000000	0.000000	0.000000	0.000000	0.000000	0.000000	0.000000	0.000000	0.000000	0.000000	0.000000	0.000000	0.000000	0.000000	0.000000	0	0.000000	0.000000
41	2026-09-13T03:48:55.84407533Z	41010	loop5	0.000000	0.000000	0.000000	0.000000	0.000000	0.000000	0.000000	0.000000	0.000000	0.000000	0.000000	0.000000	0.000000	0.000000	0.000000	0.000000	0.000000	0	0.000000	0.000000
41	2026-09-13T03:48:55.84407533Z	41010	loop6	0.000000	0.000000	0.000000	0.000000	0.000000	0.000000	0.000000	0.000000	0.000000	0.000000	0.000000	0.000000	0.000000	0.000000	0.000000	0.000000	0.000000	0	0.000000	0.000000
41	2026-09-13T03:48:55.84407533Z	41010	loop7	0.000000	0.000000	0.000000	0.000000	0.000000	0.000000	0.000000	0.000000	0.000000	0.000000	0.000000	0.000000	0.000000	0.000000	0.000000	0.000000	0.000000	0	0.000000	0.000000
41	2026-09-13T03:48:55.84407533Z	41010	loop8	0.000000	0.000000	0.000000	0.000000	0.000000	0.000000	0.000000	0.000000	0.000000	0.000000	0.000000	0.000000	0.000000	0.000000	0.000000	0.000000	0.000000	0	0.000000	0.000000
41	2026-09-13T03:48:55.84407533Z	41010	loop9	0.000000	0.000000	0.000000	0.000000	0.000000	0.000000	0.000000	0.000000	0.000000	0.000000	0.000000	0.000000	0.000000	0.000000	0.000000	0.000000	0.000000	0	0.000000	0.000000
41	2026-09-13T03:48:55.84407533Z	41010	nvme0n1	0.000000	0.000000	0.000000	0.000000	0.000000	0.000000	0.000000	0.000000	0.000000	0.000000	0.000000	0.000000	0.000000	0.000000	0.000000	0.000000	0.000000	0	0.000000	0.000000
42	2026-09-13T03:48:56.844083989Z	42010	loop0	0.000000	0.000000	0.000000	0.000000	0.000000	0.000000	0.000000	0.000000	0.000000	0.000000	0.000000	0.000000	0.000000	0.000000	0.000000	0.000000	0.000000	0	0.000000	0.000000
42	2026-09-13T03:48:56.844083989Z	42010	loop1	0.000000	0.000000	0.000000	0.000000	0.000000	0.000000	0.000000	0.000000	0.000000	0.000000	0.000000	0.000000	0.000000	0.000000	0.000000	0.000000	0.000000	0	0.000000	0.000000
42	2026-09-13T03:48:56.844083989Z	42010	loop10	0.000000	0.000000	0.000000	0.000000	0.000000	0.000000	0.000000	0.000000	0.000000	0.000000	0.000000	0.000000	0.000000	0.000000	0.000000	0.000000	0.000000	0	0.000000	0.000000
42	2026-09-13T03:48:56.844083989Z	42010	loop11	0.000000	0.000000	0.000000	0.000000	0.000000	0.000000	0.000000	0.000000	0.000000	0.000000	0.000000	0.000000	0.000000	0.000000	0.000000	0.000000	0.000000	0	0.000000	0.000000
42	2026-09-13T03:48:56.844083989Z	42010	loop2	0.000000	0.000000	0.000000	0.000000	0.000000	0.000000	0.000000	0.000000	0.000000	0.000000	0.000000	0.000000	0.000000	0.000000	0.000000	0.000000	0.000000	0	0.000000	0.000000
42	2026-09-13T03:48:56.844083989Z	42010	loop3	0.000000	0.000000	0.000000	0.000000	0.000000	0.000000	0.000000	0.000000	0.000000	0.000000	0.000000	0.000000	0.000000	0.000000	0.000000	0.000000	0.000000	0	0.000000	0.000000
42	2026-09-13T03:48:56.844083989Z	42010	loop4	0.000000	0.000000	0.000000	0.000000	0.000000	0.000000	0.000000	0.000000	0.000000	0.000000	0.000000	0.000000	0.000000	0.000000	0.000000	0.000000	0.000000	0	0.000000	0.000000
42	2026-09-13T03:48:56.844083989Z	42010	loop5	0.000000	0.000000	0.000000	0.000000	0.000000	0.000000	0.000000	0.000000	0.000000	0.000000	0.000000	0.000000	0.000000	0.000000	0.000000	0.000000	0.000000	0	0.000000	0.000000
42	2026-09-13T03:48:56.844083989Z	42010	loop6	0.000000	0.000000	0.000000	0.000000	0.000000	0.000000	0.000000	0.000000	0.000000	0.000000	0.000000	0.000000	0.000000	0.000000	0.000000	0.000000	0.000000	0	0.000000	0.000000
42	2026-09-13T03:48:56.844083989Z	42010	loop7	0.000000	0.000000	0.000000	0.000000	0.000000	0.000000	0.000000	0.000000	0.000000	0.000000	0.000000	0.000000	0.000000	0.000000	0.000000	0.000000	0.000000	0	0.000000	0.000000
42	2026-09-13T03:48:56.844083989Z	42010	loop8	0.000000	0.000000	0.000000	0.000000	0.000000	0.000000	0.000000	0.000000	0.000000	0.000000	0.000000	0.000000	0.000000	0.000000	0.000000	0.000000	0.000000	0	0.000000	0.000000
42	2026-09-13T03:48:56.844083989Z	42010	loop9	0.000000	0.000000	0.000000	0.000000	0.000000	0.000000	0.000000	0.000000	0.000000	0.000000	0.000000	0.000000	0.000000	0.000000	0.000000	0.000000	0.000000	0	0.000000	0.000000
42	2026-09-13T03:48:56.844083989Z	42010	nvme0n1	0.000000	0.000000	0.000000	0.000000	0.000000	0.000000	0.000000	0.000000	0.000000	0.000000	0.000000	0.000000	0.000000	0.000000	0.000000	0.000000	0.000000	0	0.000000	0.000000
43	2026-09-13T03:48:57.844847245Z	43011	loop0	0.000000	0.000000	0.000000	0.000000	0.000000	0.000000	0.000000	0.000000	0.000000	0.000000	0.000000	0.000000	0.000000	0.000000	0.000000	0.000000	0.000000	0	0.000000	0.000000
43	2026-09-13T03:48:57.844847245Z	43011	loop1	0.000000	0.000000	0.000000	0.000000	0.000000	0.000000	0.000000	0.000000	0.000000	0.000000	0.000000	0.000000	0.000000	0.000000	0.000000	0.000000	0.000000	0	0.000000	0.000000
43	2026-09-13T03:48:57.844847245Z	43011	loop10	0.000000	0.000000	0.000000	0.000000	0.000000	0.000000	0.000000	0.000000	0.000000	0.000000	0.000000	0.000000	0.000000	0.000000	0.000000	0.000000	0.000000	0	0.000000	0.000000
43	2026-09-13T03:48:57.844847245Z	43011	loop11	0.000000	0.000000	0.000000	0.000000	0.000000	0.000000	0.000000	0.000000	0.000000	0.000000	0.000000	0.000000	0.000000	0.000000	0.000000	0.000000	0.000000	0	0.000000	0.000000
43	2026-09-13T03:48:57.844847245Z	43011	loop2	0.000000	0.000000	0.000000	0.000000	0.000000	0.000000	0.000000	0.000000	0.000000	0.000000	0.000000	0.000000	0.000000	0.000000	0.000000	0.000000	0.000000	0	0.000000	0.000000
43	2026-09-13T03:48:57.844847245Z	43011	loop3	0.000000	0.000000	0.000000	0.000000	0.000000	0.000000	0.000000	0.000000	0.000000	0.000000	0.000000	0.000000	0.000000	0.000000	0.000000	0.000000	0.000000	0	0.000000	0.000000
43	2026-09-13T03:48:57.844847245Z	43011	loop4	0.000000	0.000000	0.000000	0.000000	0.000000	0.000000	0.000000	0.000000	0.000000	0.000000	0.000000	0.000000	0.000000	0.000000	0.000000	0.000000	0.000000	0	0.000000	0.000000
43	2026-09-13T03:48:57.844847245Z	43011	loop5	0.000000	0.000000	0.000000	0.000000	0.000000	0.000000	0.000000	0.000000	0.000000	0.000000	0.000000	0.000000	0.000000	0.000000	0.000000	0.000000	0.000000	0	0.000000	0.000000
43	2026-09-13T03:48:57.844847245Z	43011	loop6	0.000000	0.000000	0.000000	0.000000	0.000000	0.000000	0.000000	0.000000	0.000000	0.000000	0.000000	0.000000	0.000000	0.000000	0.000000	0.000000	0.000000	0	0.000000	0.000000
43	2026-09-13T03:48:57.844847245Z	43011	loop7	0.000000	0.000000	0.000000	0.000000	0.000000	0.000000	0.000000	0.000000	0.000000	0.000000	0.000000	0.000000	0.000000	0.000000	0.000000	0.000000	0.000000	0	0.000000	0.000000
43	2026-09-13T03:48:57.844847245Z	43011	loop8	0.000000	0.000000	0.000000	0.000000	0.000000	0.000000	0.000000	0.000000	0.000000	0.000000	0.000000	0.000000	0.000000	0.000000	0.000000	0.000000	0.000000	0	0.000000	0.000000
43	2026-09-13T03:48:57.844847245Z	43011	loop9	0.000000	0.000000	0.000000	0.000000	0.000000	0.000000	0.000000	0.000000	0.000000	0.000000	0.000000	0.000000	0.000000	0.000000	0.000000	0.000000	0.000000	0	0.000000	0.000000
43	2026-09-13T03:48:57.844847245Z	43011	nvme0n1	0.000000	0.000000	0.000000	0.000000	0.000000	0.000000	0.000000	0.000000	0.000000	0.000000	0.000000	0.000000	0.000000	0.000000	0.000000	0.000000	0.000000	0	0.000000	0.000000
44	2026-09-13T03:48:58.844072405Z	44010	loop0	0.000000	0.000000	0.000000	0.000000	0.000000	0.000000	0.000000	0.000000	0.000000	0.000000	0.000000	0.000000	0.000000	0.000000	0.000000	0.000000	0.000000	0	0.000000	0.000000
44	2026-09-13T03:48:58.844072405Z	44010	loop1	0.000000	0.000000	0.000000	0.000000	0.000000	0.000000	0.000000	0.000000	0.000000	0.000000	0.000000	0.000000	0.000000	0.000000	0.000000	0.000000	0.000000	0	0.000000	0.000000
44	2026-09-13T03:48:58.844072405Z	44010	loop10	0.000000	0.000000	0.000000	0.000000	0.000000	0.000000	0.000000	0.000000	0.000000	0.000000	0.000000	0.000000	0.000000	0.000000	0.000000	0.000000	0.000000	0	0.000000	0.000000
44	2026-09-13T03:48:58.844072405Z	44010	loop11	0.000000	0.000000	0.000000	0.000000	0.000000	0.000000	0.000000	0.000000	0.000000	0.000000	0.000000	0.000000	0.000000	0.000000	0.000000	0.000000	0.000000	0	0.000000	0.000000
44	2026-09-13T03:48:58.844072405Z	44010	loop2	0.000000	0.000000	0.000000	0.000000	0.000000	0.000000	0.000000	0.000000	0.000000	0.000000	0.000000	0.000000	0.000000	0.000000	0.000000	0.000000	0.000000	0	0.000000	0.000000
44	2026-09-13T03:48:58.844072405Z	44010	loop3	0.000000	0.000000	0.000000	0.000000	0.000000	0.000000	0.000000	0.000000	0.000000	0.000000	0.000000	0.000000	0.000000	0.000000	0.000000	0.000000	0.000000	0	0.000000	0.000000
44	2026-09-13T03:48:58.844072405Z	44010	loop4	0.000000	0.000000	0.000000	0.000000	0.000000	0.000000	0.000000	0.000000	0.000000	0.000000	0.000000	0.000000	0.000000	0.000000	0.000000	0.000000	0.000000	0	0.000000	0.000000
44	2026-09-13T03:48:58.844072405Z	44010	loop5	0.000000	0.000000	0.000000	0.000000	0.000000	0.000000	0.000000	0.000000	0.000000	0.000000	0.000000	0.000000	0.000000	0.000000	0.000000	0.000000	0.000000	0	0.000000	0.000000
44	2026-09-13T03:48:58.844072405Z	44010	loop6	0.000000	0.000000	0.000000	0.000000	0.000000	0.000000	0.000000	0.000000	0.000000	0.000000	0.000000	0.000000	0.000000	0.000000	0.000000	0.000000	0.000000	0	0.000000	0.000000
44	2026-09-13T03:48:58.844072405Z	44010	loop7	0.000000	0.000000	0.000000	0.000000	0.000000	0.000000	0.000000	0.000000	0.000000	0.000000	0.000000	0.000000	0.000000	0.000000	0.000000	0.000000	0.000000	0	0.000000	0.000000
44	2026-09-13T03:48:58.844072405Z	44010	loop8	0.000000	0.000000	0.000000	0.000000	0.000000	0.000000	0.000000	0.000000	0.000000	0.000000	0.000000	0.000000	0.000000	0.000000	0.000000	0.000000	0.000000	0	0.000000	0.000000
44	2026-09-13T03:48:58.844072405Z	44010	loop9	0.000000	0.000000	0.000000	0.000000	0.000000	0.000000	0.000000	0.000000	0.000000	0.000000	0.000000	0.000000	0.000000	0.000000	0.000000	0.000000	0.000000	0	0.000000	0.000000
44	2026-09-13T03:48:58.844072405Z	44010	nvme0n1	0.000000	2.001551	0.000000	0.000000	0.000000	1.000775	0.000000	0.000000	12297.528469	0.000000	0.000000	1.000000	0.000000	0.000000	0.000000	6144.000000	0.000000	0	0.800620	0.001001
45	2026-09-13T03:48:59.844073464Z	45010	loop0	0.000000	0.000000	0.000000	0.000000	0.000000	0.000000	0.000000	0.000000	0.000000	0.000000	0.000000	0.000000	0.000000	0.000000	0.000000	0.000000	0.000000	0	0.000000	0.000000
45	2026-09-13T03:48:59.844073464Z	45010	loop1	0.000000	0.000000	0.000000	0.000000	0.000000	0.000000	0.000000	0.000000	0.000000	0.000000	0.000000	0.000000	0.000000	0.000000	0.000000	0.000000	0.000000	0	0.000000	0.000000
45	2026-09-13T03:48:59.844073464Z	45010	loop10	0.000000	0.000000	0.000000	0.000000	0.000000	0.000000	0.000000	0.000000	0.000000	0.000000	0.000000	0.000000	0.000000	0.000000	0.000000	0.000000	0.000000	0	0.000000	0.000000
45	2026-09-13T03:48:59.844073464Z	45010	loop11	0.000000	0.000000	0.000000	0.000000	0.000000	0.000000	0.000000	0.000000	0.000000	0.000000	0.000000	0.000000	0.000000	0.000000	0.000000	0.000000	0.000000	0	0.000000	0.000000
45	2026-09-13T03:48:59.844073464Z	45010	loop2	0.000000	0.000000	0.000000	0.000000	0.000000	0.000000	0.000000	0.000000	0.000000	0.000000	0.000000	0.000000	0.000000	0.000000	0.000000	0.000000	0.000000	0	0.000000	0.000000
45	2026-09-13T03:48:59.844073464Z	45010	loop3	0.000000	0.000000	0.000000	0.000000	0.000000	0.000000	0.000000	0.000000	0.000000	0.000000	0.000000	0.000000	0.000000	0.000000	0.000000	0.000000	0.000000	0	0.000000	0.000000
45	2026-09-13T03:48:59.844073464Z	45010	loop4	0.000000	0.000000	0.000000	0.000000	0.000000	0.000000	0.000000	0.000000	0.000000	0.000000	0.000000	0.000000	0.000000	0.000000	0.000000	0.000000	0.000000	0	0.000000	0.000000
45	2026-09-13T03:48:59.844073464Z	45010	loop5	0.000000	0.000000	0.000000	0.000000	0.000000	0.000000	0.000000	0.000000	0.000000	0.000000	0.000000	0.000000	0.000000	0.000000	0.000000	0.000000	0.000000	0	0.000000	0.000000
45	2026-09-13T03:48:59.844073464Z	45010	loop6	0.000000	0.000000	0.000000	0.000000	0.000000	0.000000	0.000000	0.000000	0.000000	0.000000	0.000000	0.000000	0.000000	0.000000	0.000000	0.000000	0.000000	0	0.000000	0.000000
45	2026-09-13T03:48:59.844073464Z	45010	loop7	0.000000	0.000000	0.000000	0.000000	0.000000	0.000000	0.000000	0.000000	0.000000	0.000000	0.000000	0.000000	0.000000	0.000000	0.000000	0.000000	0.000000	0	0.000000	0.000000
45	2026-09-13T03:48:59.844073464Z	45010	loop8	0.000000	0.000000	0.000000	0.000000	0.000000	0.000000	0.000000	0.000000	0.000000	0.000000	0.000000	0.000000	0.000000	0.000000	0.000000	0.000000	0.000000	0	0.000000	0.000000
45	2026-09-13T03:48:59.844073464Z	45010	loop9	0.000000	0.000000	0.000000	0.000000	0.000000	0.000000	0.000000	0.000000	0.000000	0.000000	0.000000	0.000000	0.000000	0.000000	0.000000	0.000000	0.000000	0	0.000000	0.000000
45	2026-09-13T03:48:59.844073464Z	45010	nvme0n1	0.000000	0.000000	0.000000	0.000000	0.000000	0.000000	0.000000	0.000000	0.000000	0.000000	0.000000	0.000000	0.000000	0.000000	0.000000	0.000000	0.000000	0	0.000000	0.000000
46	2026-09-13T03:49:00.844074004Z	46010	loop0	0.000000	0.000000	0.000000	0.000000	0.000000	0.000000	0.000000	0.000000	0.000000	0.000000	0.000000	0.000000	0.000000	0.000000	0.000000	0.000000	0.000000	0	0.000000	0.000000
46	2026-09-13T03:49:00.844074004Z	46010	loop1	0.000000	0.000000	0.000000	0.000000	0.000000	0.000000	0.000000	0.000000	0.000000	0.000000	0.000000	0.000000	0.000000	0.000000	0.000000	0.000000	0.000000	0	0.000000	0.000000
46	2026-09-13T03:49:00.844074004Z	46010	loop10	0.000000	0.000000	0.000000	0.000000	0.000000	0.000000	0.000000	0.000000	0.000000	0.000000	0.000000	0.000000	0.000000	0.000000	0.000000	0.000000	0.000000	0	0.000000	0.000000
46	2026-09-13T03:49:00.844074004Z	46010	loop11	0.000000	0.000000	0.000000	0.000000	0.000000	0.000000	0.000000	0.000000	0.000000	0.000000	0.000000	0.000000	0.000000	0.000000	0.000000	0.000000	0.000000	0	0.000000	0.000000
46	2026-09-13T03:49:00.844074004Z	46010	loop2	0.000000	0.000000	0.000000	0.000000	0.000000	0.000000	0.000000	0.000000	0.000000	0.000000	0.000000	0.000000	0.000000	0.000000	0.000000	0.000000	0.000000	0	0.000000	0.000000
46	2026-09-13T03:49:00.844074004Z	46010	loop3	0.000000	0.000000	0.000000	0.000000	0.000000	0.000000	0.000000	0.000000	0.000000	0.000000	0.000000	0.000000	0.000000	0.000000	0.000000	0.000000	0.000000	0	0.000000	0.000000
46	2026-09-13T03:49:00.844074004Z	46010	loop4	0.000000	0.000000	0.000000	0.000000	0.000000	0.000000	0.000000	0.000000	0.000000	0.000000	0.000000	0.000000	0.000000	0.000000	0.000000	0.000000	0.000000	0	0.000000	0.000000
46	2026-09-13T03:49:00.844074004Z	46010	loop5	0.000000	0.000000	0.000000	0.000000	0.000000	0.000000	0.000000	0.000000	0.000000	0.000000	0.000000	0.000000	0.000000	0.000000	0.000000	0.000000	0.000000	0	0.000000	0.000000
46	2026-09-13T03:49:00.844074004Z	46010	loop6	0.000000	0.000000	0.000000	0.000000	0.000000	0.000000	0.000000	0.000000	0.000000	0.000000	0.000000	0.000000	0.000000	0.000000	0.000000	0.000000	0.000000	0	0.000000	0.000000
46	2026-09-13T03:49:00.844074004Z	46010	loop7	0.000000	0.000000	0.000000	0.000000	0.000000	0.000000	0.000000	0.000000	0.000000	0.000000	0.000000	0.000000	0.000000	0.000000	0.000000	0.000000	0.000000	0	0.000000	0.000000
46	2026-09-13T03:49:00.844074004Z	46010	loop8	0.000000	0.000000	0.000000	0.000000	0.000000	0.000000	0.000000	0.000000	0.000000	0.000000	0.000000	0.000000	0.000000	0.000000	0.000000	0.000000	0.000000	0	0.000000	0.000000
46	2026-09-13T03:49:00.844074004Z	46010	loop9	0.000000	0.000000	0.000000	0.000000	0.000000	0.000000	0.000000	0.000000	0.000000	0.000000	0.000000	0.000000	0.000000	0.000000	0.000000	0.000000	0.000000	0	0.000000	0.000000
46	2026-09-13T03:49:00.844074004Z	46010	nvme0n1	0.000000	0.000000	0.000000	0.000000	0.000000	0.000000	0.000000	0.000000	0.000000	0.000000	0.000000	0.000000	0.000000	0.000000	0.000000	0.000000	0.000000	0	0.000000	0.000000
47	2026-09-13T03:49:01.844081281Z	47010	loop0	0.000000	0.000000	0.000000	0.000000	0.000000	0.000000	0.000000	0.000000	0.000000	0.000000	0.000000	0.000000	0.000000	0.000000	0.000000	0.000000	0.000000	0	0.000000	0.000000
47	2026-09-13T03:49:01.844081281Z	47010	loop1	0.000000	0.000000	0.000000	0.000000	0.000000	0.000000	0.000000	0.000000	0.000000	0.000000	0.000000	0.000000	0.000000	0.000000	0.000000	0.000000	0.000000	0	0.000000	0.000000
47	2026-09-13T03:49:01.844081281Z	47010	loop10	0.000000	0.000000	0.000000	0.000000	0.000000	0.000000	0.000000	0.000000	0.000000	0.000000	0.000000	0.000000	0.000000	0.000000	0.000000	0.000000	0.000000	0	0.000000	0.000000
47	2026-09-13T03:49:01.844081281Z	47010	loop11	0.000000	0.000000	0.000000	0.000000	0.000000	0.000000	0.000000	0.000000	0.000000	0.000000	0.000000	0.000000	0.000000	0.000000	0.000000	0.000000	0.000000	0	0.000000	0.000000
47	2026-09-13T03:49:01.844081281Z	47010	loop2	0.000000	0.000000	0.000000	0.000000	0.000000	0.000000	0.000000	0.000000	0.000000	0.000000	0.000000	0.000000	0.000000	0.000000	0.000000	0.000000	0.000000	0	0.000000	0.000000
47	2026-09-13T03:49:01.844081281Z	47010	loop3	0.000000	0.000000	0.000000	0.000000	0.000000	0.000000	0.000000	0.000000	0.000000	0.000000	0.000000	0.000000	0.000000	0.000000	0.000000	0.000000	0.000000	0	0.000000	0.000000
47	2026-09-13T03:49:01.844081281Z	47010	loop4	0.000000	0.000000	0.000000	0.000000	0.000000	0.000000	0.000000	0.000000	0.000000	0.000000	0.000000	0.000000	0.000000	0.000000	0.000000	0.000000	0.000000	0	0.000000	0.000000
47	2026-09-13T03:49:01.844081281Z	47010	loop5	0.000000	0.000000	0.000000	0.000000	0.000000	0.000000	0.000000	0.000000	0.000000	0.000000	0.000000	0.000000	0.000000	0.000000	0.000000	0.000000	0.000000	0	0.000000	0.000000
47	2026-09-13T03:49:01.844081281Z	47010	loop6	0.000000	0.000000	0.000000	0.000000	0.000000	0.000000	0.000000	0.000000	0.000000	0.000000	0.000000	0.000000	0.000000	0.000000	0.000000	0.000000	0.000000	0	0.000000	0.000000
47	2026-09-13T03:49:01.844081281Z	47010	loop7	0.000000	0.000000	0.000000	0.000000	0.000000	0.000000	0.000000	0.000000	0.000000	0.000000	0.000000	0.000000	0.000000	0.000000	0.000000	0.000000	0.000000	0	0.000000	0.000000
47	2026-09-13T03:49:01.844081281Z	47010	loop8	0.000000	0.000000	0.000000	0.000000	0.000000	0.000000	0.000000	0.000000	0.000000	0.000000	0.000000	0.000000	0.000000	0.000000	0.000000	0.000000	0.000000	0	0.000000	0.000000
47	2026-09-13T03:49:01.844081281Z	47010	loop9	0.000000	0.000000	0.000000	0.000000	0.000000	0.000000	0.000000	0.000000	0.000000	0.000000	0.000000	0.000000	0.000000	0.000000	0.000000	0.000000	0.000000	0	0.000000	0.000000
47	2026-09-13T03:49:01.844081281Z	47010	nvme0n1	0.000000	0.000000	0.000000	0.000000	0.000000	0.000000	0.000000	0.000000	0.000000	0.000000	0.000000	0.000000	0.000000	0.000000	0.000000	0.000000	0.000000	0	0.000000	0.000000
48	2026-09-13T03:49:02.844073599Z	48010	loop0	0.000000	0.000000	0.000000	0.000000	0.000000	0.000000	0.000000	0.000000	0.000000	0.000000	0.000000	0.000000	0.000000	0.000000	0.000000	0.000000	0.000000	0	0.000000	0.000000
48	2026-09-13T03:49:02.844073599Z	48010	loop1	0.000000	0.000000	0.000000	0.000000	0.000000	0.000000	0.000000	0.000000	0.000000	0.000000	0.000000	0.000000	0.000000	0.000000	0.000000	0.000000	0.000000	0	0.000000	0.000000
48	2026-09-13T03:49:02.844073599Z	48010	loop10	0.000000	0.000000	0.000000	0.000000	0.000000	0.000000	0.000000	0.000000	0.000000	0.000000	0.000000	0.000000	0.000000	0.000000	0.000000	0.000000	0.000000	0	0.000000	0.000000
48	2026-09-13T03:49:02.844073599Z	48010	loop11	0.000000	0.000000	0.000000	0.000000	0.000000	0.000000	0.000000	0.000000	0.000000	0.000000	0.000000	0.000000	0.000000	0.000000	0.000000	0.000000	0.000000	0	0.000000	0.000000
48	2026-09-13T03:49:02.844073599Z	48010	loop2	0.000000	0.000000	0.000000	0.000000	0.000000	0.000000	0.000000	0.000000	0.000000	0.000000	0.000000	0.000000	0.000000	0.000000	0.000000	0.000000	0.000000	0	0.000000	0.000000
48	2026-09-13T03:49:02.844073599Z	48010	loop3	0.000000	0.000000	0.000000	0.000000	0.000000	0.000000	0.000000	0.000000	0.000000	0.000000	0.000000	0.000000	0.000000	0.000000	0.000000	0.000000	0.000000	0	0.000000	0.000000
48	2026-09-13T03:49:02.844073599Z	48010	loop4	0.000000	0.000000	0.000000	0.000000	0.000000	0.000000	0.000000	0.000000	0.000000	0.000000	0.000000	0.000000	0.000000	0.000000	0.000000	0.000000	0.000000	0	0.000000	0.000000
48	2026-09-13T03:49:02.844073599Z	48010	loop5	0.000000	0.000000	0.000000	0.000000	0.000000	0.000000	0.000000	0.000000	0.000000	0.000000	0.000000	0.000000	0.000000	0.000000	0.000000	0.000000	0.000000	0	0.000000	0.000000
48	2026-09-13T03:49:02.844073599Z	48010	loop6	0.000000	0.000000	0.000000	0.000000	0.000000	0.000000	0.000000	0.000000	0.000000	0.000000	0.000000	0.000000	0.000000	0.000000	0.000000	0.000000	0.000000	0	0.000000	0.000000
48	2026-09-13T03:49:02.844073599Z	48010	loop7	0.000000	0.000000	0.000000	0.000000	0.000000	0.000000	0.000000	0.000000	0.000000	0.000000	0.000000	0.000000	0.000000	0.000000	0.000000	0.000000	0.000000	0	0.000000	0.000000
48	2026-09-13T03:49:02.844073599Z	48010	loop8	0.000000	0.000000	0.000000	0.000000	0.000000	0.000000	0.000000	0.000000	0.000000	0.000000	0.000000	0.000000	0.000000	0.000000	0.000000	0.000000	0.000000	0	0.000000	0.000000
48	2026-09-13T03:49:02.844073599Z	48010	loop9	0.000000	0.000000	0.000000	0.000000	0.000000	0.000000	0.000000	0.000000	0.000000	0.000000	0.000000	0.000000	0.000000	0.000000	0.000000	0.000000	0.000000	0	0.000000	0.000000
48	2026-09-13T03:49:02.844073599Z	48010	nvme0n1	0.000000	0.000000	0.000000	0.000000	0.000000	0.000000	0.000000	0.000000	0.000000	0.000000	0.000000	0.000000	0.000000	0.000000	0.000000	0.000000	0.000000	0	0.000000	0.000000
49	2026-09-13T03:49:03.844071905Z	49010	loop0	0.000000	0.000000	0.000000	0.000000	0.000000	0.000000	0.000000	0.000000	0.000000	0.000000	0.000000	0.000000	0.000000	0.000000	0.000000	0.000000	0.000000	0	0.000000	0.000000
49	2026-09-13T03:49:03.844071905Z	49010	loop1	0.000000	0.000000	0.000000	0.000000	0.000000	0.000000	0.000000	0.000000	0.000000	0.000000	0.000000	0.000000	0.000000	0.000000	0.000000	0.000000	0.000000	0	0.000000	0.000000
49	2026-09-13T03:49:03.844071905Z	49010	loop10	0.000000	0.000000	0.000000	0.000000	0.000000	0.000000	0.000000	0.000000	0.000000	0.000000	0.000000	0.000000	0.000000	0.000000	0.000000	0.000000	0.000000	0	0.000000	0.000000
49	2026-09-13T03:49:03.844071905Z	49010	loop11	0.000000	0.000000	0.000000	0.000000	0.000000	0.000000	0.000000	0.000000	0.000000	0.000000	0.000000	0.000000	0.000000	0.000000	0.000000	0.000000	0.000000	0	0.000000	0.000000
49	2026-09-13T03:49:03.844071905Z	49010	loop2	0.000000	0.000000	0.000000	0.000000	0.000000	0.000000	0.000000	0.000000	0.000000	0.000000	0.000000	0.000000	0.000000	0.000000	0.000000	0.000000	0.000000	0	0.000000	0.000000
49	2026-09-13T03:49:03.844071905Z	49010	loop3	0.000000	0.000000	0.000000	0.000000	0.000000	0.000000	0.000000	0.000000	0.000000	0.000000	0.000000	0.000000	0.000000	0.000000	0.000000	0.000000	0.000000	0	0.000000	0.000000
49	2026-09-13T03:49:03.844071905Z	49010	loop4	0.000000	0.000000	0.000000	0.000000	0.000000	0.000000	0.000000	0.000000	0.000000	0.000000	0.000000	0.000000	0.000000	0.000000	0.000000	0.000000	0.000000	0	0.000000	0.000000
49	2026-09-13T03:49:03.844071905Z	49010	loop5	0.000000	0.000000	0.000000	0.000000	0.000000	0.000000	0.000000	0.000000	0.000000	0.000000	0.000000	0.000000	0.000000	0.000000	0.000000	0.000000	0.000000	0	0.000000	0.000000
49	2026-09-13T03:49:03.844071905Z	49010	loop6	0.000000	0.000000	0.000000	0.000000	0.000000	0.000000	0.000000	0.000000	0.000000	0.000000	0.000000	0.000000	0.000000	0.000000	0.000000	0.000000	0.000000	0	0.000000	0.000000
49	2026-09-13T03:49:03.844071905Z	49010	loop7	0.000000	0.000000	0.000000	0.000000	0.000000	0.000000	0.000000	0.000000	0.000000	0.000000	0.000000	0.000000	0.000000	0.000000	0.000000	0.000000	0.000000	0	0.000000	0.000000
49	2026-09-13T03:49:03.844071905Z	49010	loop8	0.000000	0.000000	0.000000	0.000000	0.000000	0.000000	0.000000	0.000000	0.000000	0.000000	0.000000	0.000000	0.000000	0.000000	0.000000	0.000000	0.000000	0	0.000000	0.000000
49	2026-09-13T03:49:03.844071905Z	49010	loop9	0.000000	0.000000	0.000000	0.000000	0.000000	0.000000	0.000000	0.000000	0.000000	0.000000	0.000000	0.000000	0.000000	0.000000	0.000000	0.000000	0.000000	0	0.000000	0.000000
49	2026-09-13T03:49:03.844071905Z	49010	nvme0n1	0.000000	2.000003	0.000000	0.000000	0.000000	1.000002	0.000000	0.000000	12288.020816	0.000000	0.000000	1.000000	0.000000	0.000000	0.000000	6144.000000	0.000000	0	0.400001	0.002000
50	2026-09-13T03:49:04.844074318Z	50010	loop0	0.000000	0.000000	0.000000	0.000000	0.000000	0.000000	0.000000	0.000000	0.000000	0.000000	0.000000	0.000000	0.000000	0.000000	0.000000	0.000000	0.000000	0	0.000000	0.000000
50	2026-09-13T03:49:04.844074318Z	50010	loop1	0.000000	0.000000	0.000000	0.000000	0.000000	0.000000	0.000000	0.000000	0.000000	0.000000	0.000000	0.000000	0.000000	0.000000	0.000000	0.000000	0.000000	0	0.000000	0.000000
50	2026-09-13T03:49:04.844074318Z	50010	loop10	0.000000	0.000000	0.000000	0.000000	0.000000	0.000000	0.000000	0.000000	0.000000	0.000000	0.000000	0.000000	0.000000	0.000000	0.000000	0.000000	0.000000	0	0.000000	0.000000
50	2026-09-13T03:49:04.844074318Z	50010	loop11	0.000000	0.000000	0.000000	0.000000	0.000000	0.000000	0.000000	0.000000	0.000000	0.000000	0.000000	0.000000	0.000000	0.000000	0.000000	0.000000	0.000000	0	0.000000	0.000000
50	2026-09-13T03:49:04.844074318Z	50010	loop2	0.000000	0.000000	0.000000	0.000000	0.000000	0.000000	0.000000	0.000000	0.000000	0.000000	0.000000	0.000000	0.000000	0.000000	0.000000	0.000000	0.000000	0	0.000000	0.000000
50	2026-09-13T03:49:04.844074318Z	50010	loop3	0.000000	0.000000	0.000000	0.000000	0.000000	0.000000	0.000000	0.000000	0.000000	0.000000	0.000000	0.000000	0.000000	0.000000	0.000000	0.000000	0.000000	0	0.000000	0.000000
50	2026-09-13T03:49:04.844074318Z	50010	loop4	0.000000	0.000000	0.000000	0.000000	0.000000	0.000000	0.000000	0.000000	0.000000	0.000000	0.000000	0.000000	0.000000	0.000000	0.000000	0.000000	0.000000	0	0.000000	0.000000
50	2026-09-13T03:49:04.844074318Z	50010	loop5	0.000000	0.000000	0.000000	0.000000	0.000000	0.000000	0.000000	0.000000	0.000000	0.000000	0.000000	0.000000	0.000000	0.000000	0.000000	0.000000	0.000000	0	0.000000	0.000000
50	2026-09-13T03:49:04.844074318Z	50010	loop6	0.000000	0.000000	0.000000	0.000000	0.000000	0.000000	0.000000	0.000000	0.000000	0.000000	0.000000	0.000000	0.000000	0.000000	0.000000	0.000000	0.000000	0	0.000000	0.000000
50	2026-09-13T03:49:04.844074318Z	50010	loop7	0.000000	0.000000	0.000000	0.000000	0.000000	0.000000	0.000000	0.000000	0.000000	0.000000	0.000000	0.000000	0.000000	0.000000	0.000000	0.000000	0.000000	0	0.000000	0.000000
50	2026-09-13T03:49:04.844074318Z	50010	loop8	0.000000	0.000000	0.000000	0.000000	0.000000	0.000000	0.000000	0.000000	0.000000	0.000000	0.000000	0.000000	0.000000	0.000000	0.000000	0.000000	0.000000	0	0.000000	0.000000
50	2026-09-13T03:49:04.844074318Z	50010	loop9	0.000000	0.000000	0.000000	0.000000	0.000000	0.000000	0.000000	0.000000	0.000000	0.000000	0.000000	0.000000	0.000000	0.000000	0.000000	0.000000	0.000000	0	0.000000	0.000000
50	2026-09-13T03:49:04.844074318Z	50010	nvme0n1	0.000000	0.000000	0.000000	0.000000	0.000000	0.000000	0.000000	0.000000	0.000000	0.000000	0.000000	0.000000	0.000000	0.000000	0.000000	0.000000	0.000000	0	0.000000	0.000000
51	2026-09-13T03:49:05.844073705Z	51010	loop0	0.000000	0.000000	0.000000	0.000000	0.000000	0.000000	0.000000	0.000000	0.000000	0.000000	0.000000	0.000000	0.000000	0.000000	0.000000	0.000000	0.000000	0	0.000000	0.000000
51	2026-09-13T03:49:05.844073705Z	51010	loop1	0.000000	0.000000	0.000000	0.000000	0.000000	0.000000	0.000000	0.000000	0.000000	0.000000	0.000000	0.000000	0.000000	0.000000	0.000000	0.000000	0.000000	0	0.000000	0.000000
51	2026-09-13T03:49:05.844073705Z	51010	loop10	0.000000	0.000000	0.000000	0.000000	0.000000	0.000000	0.000000	0.000000	0.000000	0.000000	0.000000	0.000000	0.000000	0.000000	0.000000	0.000000	0.000000	0	0.000000	0.000000
51	2026-09-13T03:49:05.844073705Z	51010	loop11	0.000000	0.000000	0.000000	0.000000	0.000000	0.000000	0.000000	0.000000	0.000000	0.000000	0.000000	0.000000	0.000000	0.000000	0.000000	0.000000	0.000000	0	0.000000	0.000000
51	2026-09-13T03:49:05.844073705Z	51010	loop2	0.000000	0.000000	0.000000	0.000000	0.000000	0.000000	0.000000	0.000000	0.000000	0.000000	0.000000	0.000000	0.000000	0.000000	0.000000	0.000000	0.000000	0	0.000000	0.000000
51	2026-09-13T03:49:05.844073705Z	51010	loop3	0.000000	0.000000	0.000000	0.000000	0.000000	0.000000	0.000000	0.000000	0.000000	0.000000	0.000000	0.000000	0.000000	0.000000	0.000000	0.000000	0.000000	0	0.000000	0.000000
51	2026-09-13T03:49:05.844073705Z	51010	loop4	0.000000	0.000000	0.000000	0.000000	0.000000	0.000000	0.000000	0.000000	0.000000	0.000000	0.000000	0.000000	0.000000	0.000000	0.000000	0.000000	0.000000	0	0.000000	0.000000
51	2026-09-13T03:49:05.844073705Z	51010	loop5	0.000000	0.000000	0.000000	0.000000	0.000000	0.000000	0.000000	0.000000	0.000000	0.000000	0.000000	0.000000	0.000000	0.000000	0.000000	0.000000	0.000000	0	0.000000	0.000000
51	2026-09-13T03:49:05.844073705Z	51010	loop6	0.000000	0.000000	0.000000	0.000000	0.000000	0.000000	0.000000	0.000000	0.000000	0.000000	0.000000	0.000000	0.000000	0.000000	0.000000	0.000000	0.000000	0	0.000000	0.000000
51	2026-09-13T03:49:05.844073705Z	51010	loop7	0.000000	0.000000	0.000000	0.000000	0.000000	0.000000	0.000000	0.000000	0.000000	0.000000	0.000000	0.000000	0.000000	0.000000	0.000000	0.000000	0.000000	0	0.000000	0.000000
51	2026-09-13T03:49:05.844073705Z	51010	loop8	0.000000	0.000000	0.000000	0.000000	0.000000	0.000000	0.000000	0.000000	0.000000	0.000000	0.000000	0.000000	0.000000	0.000000	0.000000	0.000000	0.000000	0	0.000000	0.000000
51	2026-09-13T03:49:05.844073705Z	51010	loop9	0.000000	0.000000	0.000000	0.000000	0.000000	0.000000	0.000000	0.000000	0.000000	0.000000	0.000000	0.000000	0.000000	0.000000	0.000000	0.000000	0.000000	0	0.000000	0.000000
51	2026-09-13T03:49:05.844073705Z	51010	nvme0n1	0.000000	0.000000	0.000000	0.000000	0.000000	0.000000	0.000000	0.000000	0.000000	0.000000	0.000000	0.000000	0.000000	0.000000	0.000000	0.000000	0.000000	0	0.000000	0.000000
52	2026-09-13T03:49:06.84407566Z	52010	loop0	0.000000	0.000000	0.000000	0.000000	0.000000	0.000000	0.000000	0.000000	0.000000	0.000000	0.000000	0.000000	0.000000	0.000000	0.000000	0.000000	0.000000	0	0.000000	0.000000
52	2026-09-13T03:49:06.84407566Z	52010	loop1	0.000000	0.000000	0.000000	0.000000	0.000000	0.000000	0.000000	0.000000	0.000000	0.000000	0.000000	0.000000	0.000000	0.000000	0.000000	0.000000	0.000000	0	0.000000	0.000000
52	2026-09-13T03:49:06.84407566Z	52010	loop10	0.000000	0.000000	0.000000	0.000000	0.000000	0.000000	0.000000	0.000000	0.000000	0.000000	0.000000	0.000000	0.000000	0.000000	0.000000	0.000000	0.000000	0	0.000000	0.000000
52	2026-09-13T03:49:06.84407566Z	52010	loop11	0.000000	0.000000	0.000000	0.000000	0.000000	0.000000	0.000000	0.000000	0.000000	0.000000	0.000000	0.000000	0.000000	0.000000	0.000000	0.000000	0.000000	0	0.000000	0.000000
52	2026-09-13T03:49:06.84407566Z	52010	loop2	0.000000	0.000000	0.000000	0.000000	0.000000	0.000000	0.000000	0.000000	0.000000	0.000000	0.000000	0.000000	0.000000	0.000000	0.000000	0.000000	0.000000	0	0.000000	0.000000
52	2026-09-13T03:49:06.84407566Z	52010	loop3	0.000000	0.000000	0.000000	0.000000	0.000000	0.000000	0.000000	0.000000	0.000000	0.000000	0.000000	0.000000	0.000000	0.000000	0.000000	0.000000	0.000000	0	0.000000	0.000000
52	2026-09-13T03:49:06.84407566Z	52010	loop4	0.000000	0.000000	0.000000	0.000000	0.000000	0.000000	0.000000	0.000000	0.000000	0.000000	0.000000	0.000000	0.000000	0.000000	0.000000	0.000000	0.000000	0	0.000000	0.000000
52	2026-09-13T03:49:06.84407566Z	52010	loop5	0.000000	0.000000	0.000000	0.000000	0.000000	0.000000	0.000000	0.000000	0.000000	0.000000	0.000000	0.000000	0.000000	0.000000	0.000000	0.000000	0.000000	0	0.000000	0.000000
52	2026-09-13T03:49:06.84407566Z	52010	loop6	0.000000	0.000000	0.000000	0.000000	0.000000	0.000000	0.000000	0.000000	0.000000	0.000000	0.000000	0.000000	0.000000	0.000000	0.000000	0.000000	0.000000	0	0.000000	0.000000
52	2026-09-13T03:49:06.84407566Z	52010	loop7	0.000000	0.000000	0.000000	0.000000	0.000000	0.000000	0.000000	0.000000	0.000000	0.000000	0.000000	0.000000	0.000000	0.000000	0.000000	0.000000	0.000000	0	0.000000	0.000000
52	2026-09-13T03:49:06.84407566Z	52010	loop8	0.000000	0.000000	0.000000	0.000000	0.000000	0.000000	0.000000	0.000000	0.000000	0.000000	0.000000	0.000000	0.000000	0.000000	0.000000	0.000000	0.000000	0	0.000000	0.000000
52	2026-09-13T03:49:06.84407566Z	52010	loop9	0.000000	0.000000	0.000000	0.000000	0.000000	0.000000	0.000000	0.000000	0.000000	0.000000	0.000000	0.000000	0.000000	0.000000	0.000000	0.000000	0.000000	0	0.000000	0.000000
52	2026-09-13T03:49:06.84407566Z	52010	nvme0n1	0.000000	0.000000	0.000000	0.000000	0.000000	0.000000	0.000000	0.000000	0.000000	0.000000	0.000000	0.000000	0.000000	0.000000	0.000000	0.000000	0.000000	0	0.000000	0.000000
53	2026-09-13T03:49:07.844074354Z	53010	loop0	0.000000	0.000000	0.000000	0.000000	0.000000	0.000000	0.000000	0.000000	0.000000	0.000000	0.000000	0.000000	0.000000	0.000000	0.000000	0.000000	0.000000	0	0.000000	0.000000
53	2026-09-13T03:49:07.844074354Z	53010	loop1	0.000000	0.000000	0.000000	0.000000	0.000000	0.000000	0.000000	0.000000	0.000000	0.000000	0.000000	0.000000	0.000000	0.000000	0.000000	0.000000	0.000000	0	0.000000	0.000000
53	2026-09-13T03:49:07.844074354Z	53010	loop10	0.000000	0.000000	0.000000	0.000000	0.000000	0.000000	0.000000	0.000000	0.000000	0.000000	0.000000	0.000000	0.000000	0.000000	0.000000	0.000000	0.000000	0	0.000000	0.000000
53	2026-09-13T03:49:07.844074354Z	53010	loop11	0.000000	0.000000	0.000000	0.000000	0.000000	0.000000	0.000000	0.000000	0.000000	0.000000	0.000000	0.000000	0.000000	0.000000	0.000000	0.000000	0.000000	0	0.000000	0.000000
53	2026-09-13T03:49:07.844074354Z	53010	loop2	0.000000	0.000000	0.000000	0.000000	0.000000	0.000000	0.000000	0.000000	0.000000	0.000000	0.000000	0.000000	0.000000	0.000000	0.000000	0.000000	0.000000	0	0.000000	0.000000
53	2026-09-13T03:49:07.844074354Z	53010	loop3	0.000000	0.000000	0.000000	0.000000	0.000000	0.000000	0.000000	0.000000	0.000000	0.000000	0.000000	0.000000	0.000000	0.000000	0.000000	0.000000	0.000000	0	0.000000	0.000000
53	2026-09-13T03:49:07.844074354Z	53010	loop4	0.000000	0.000000	0.000000	0.000000	0.000000	0.000000	0.000000	0.000000	0.000000	0.000000	0.000000	0.000000	0.000000	0.000000	0.000000	0.000000	0.000000	0	0.000000	0.000000
53	2026-09-13T03:49:07.844074354Z	53010	loop5	0.000000	0.000000	0.000000	0.000000	0.000000	0.000000	0.000000	0.000000	0.000000	0.000000	0.000000	0.000000	0.000000	0.000000	0.000000	0.000000	0.000000	0	0.000000	0.000000
53	2026-09-13T03:49:07.844074354Z	53010	loop6	0.000000	0.000000	0.000000	0.000000	0.000000	0.000000	0.000000	0.000000	0.000000	0.000000	0.000000	0.000000	0.000000	0.000000	0.000000	0.000000	0.000000	0	0.000000	0.000000
53	2026-09-13T03:49:07.844074354Z	53010	loop7	0.000000	0.000000	0.000000	0.000000	0.000000	0.000000	0.000000	0.000000	0.000000	0.000000	0.000000	0.000000	0.000000	0.000000	0.000000	0.000000	0.000000	0	0.000000	0.000000
53	2026-09-13T03:49:07.844074354Z	53010	loop8	0.000000	0.000000	0.000000	0.000000	0.000000	0.000000	0.000000	0.000000	0.000000	0.000000	0.000000	0.000000	0.000000	0.000000	0.000000	0.000000	0.000000	0	0.000000	0.000000
53	2026-09-13T03:49:07.844074354Z	53010	loop9	0.000000	0.000000	0.000000	0.000000	0.000000	0.000000	0.000000	0.000000	0.000000	0.000000	0.000000	0.000000	0.000000	0.000000	0.000000	0.000000	0.000000	0	0.000000	0.000000
53	2026-09-13T03:49:07.844074354Z	53010	nvme0n1	0.000000	0.000000	0.000000	0.000000	0.000000	0.000000	0.000000	0.000000	0.000000	0.000000	0.000000	0.000000	0.000000	0.000000	0.000000	0.000000	0.000000	0	0.000000	0.000000
54	2026-09-13T03:49:08.844073913Z	54010	loop0	0.000000	0.000000	0.000000	0.000000	0.000000	0.000000	0.000000	0.000000	0.000000	0.000000	0.000000	0.000000	0.000000	0.000000	0.000000	0.000000	0.000000	0	0.000000	0.000000
54	2026-09-13T03:49:08.844073913Z	54010	loop1	0.000000	0.000000	0.000000	0.000000	0.000000	0.000000	0.000000	0.000000	0.000000	0.000000	0.000000	0.000000	0.000000	0.000000	0.000000	0.000000	0.000000	0	0.000000	0.000000
54	2026-09-13T03:49:08.844073913Z	54010	loop10	0.000000	0.000000	0.000000	0.000000	0.000000	0.000000	0.000000	0.000000	0.000000	0.000000	0.000000	0.000000	0.000000	0.000000	0.000000	0.000000	0.000000	0	0.000000	0.000000
54	2026-09-13T03:49:08.844073913Z	54010	loop11	0.000000	0.000000	0.000000	0.000000	0.000000	0.000000	0.000000	0.000000	0.000000	0.000000	0.000000	0.000000	0.000000	0.000000	0.000000	0.000000	0.000000	0	0.000000	0.000000
54	2026-09-13T03:49:08.844073913Z	54010	loop2	0.000000	0.000000	0.000000	0.000000	0.000000	0.000000	0.000000	0.000000	0.000000	0.000000	0.000000	0.000000	0.000000	0.000000	0.000000	0.000000	0.000000	0	0.000000	0.000000
54	2026-09-13T03:49:08.844073913Z	54010	loop3	0.000000	0.000000	0.000000	0.000000	0.000000	0.000000	0.000000	0.000000	0.000000	0.000000	0.000000	0.000000	0.000000	0.000000	0.000000	0.000000	0.000000	0	0.000000	0.000000
54	2026-09-13T03:49:08.844073913Z	54010	loop4	0.000000	0.000000	0.000000	0.000000	0.000000	0.000000	0.000000	0.000000	0.000000	0.000000	0.000000	0.000000	0.000000	0.000000	0.000000	0.000000	0.000000	0	0.000000	0.000000
54	2026-09-13T03:49:08.844073913Z	54010	loop5	0.000000	0.000000	0.000000	0.000000	0.000000	0.000000	0.000000	0.000000	0.000000	0.000000	0.000000	0.000000	0.000000	0.000000	0.000000	0.000000	0.000000	0	0.000000	0.000000
54	2026-09-13T03:49:08.844073913Z	54010	loop6	0.000000	0.000000	0.000000	0.000000	0.000000	0.000000	0.000000	0.000000	0.000000	0.000000	0.000000	0.000000	0.000000	0.000000	0.000000	0.000000	0.000000	0	0.000000	0.000000
54	2026-09-13T03:49:08.844073913Z	54010	loop7	0.000000	0.000000	0.000000	0.000000	0.000000	0.000000	0.000000	0.000000	0.000000	0.000000	0.000000	0.000000	0.000000	0.000000	0.000000	0.000000	0.000000	0	0.000000	0.000000
54	2026-09-13T03:49:08.844073913Z	54010	loop8	0.000000	0.000000	0.000000	0.000000	0.000000	0.000000	0.000000	0.000000	0.000000	0.000000	0.000000	0.000000	0.000000	0.000000	0.000000	0.000000	0.000000	0	0.000000	0.000000
54	2026-09-13T03:49:08.844073913Z	54010	loop9	0.000000	0.000000	0.000000	0.000000	0.000000	0.000000	0.000000	0.000000	0.000000	0.000000	0.000000	0.000000	0.000000	0.000000	0.000000	0.000000	0.000000	0	0.000000	0.000000
54	2026-09-13T03:49:08.844073913Z	54010	nvme0n1	0.000000	2.000001	0.000000	0.000000	0.000000	1.000000	0.000000	0.000000	12288.005431	0.000000	0.000000	1.000000	0.000000	0.000000	0.000000	6144.000000	0.000000	0	0.400000	0.002000
55	2026-09-13T03:49:09.844076396Z	55010	loop0	0.000000	0.000000	0.000000	0.000000	0.000000	0.000000	0.000000	0.000000	0.000000	0.000000	0.000000	0.000000	0.000000	0.000000	0.000000	0.000000	0.000000	0	0.000000	0.000000
55	2026-09-13T03:49:09.844076396Z	55010	loop1	0.000000	0.000000	0.000000	0.000000	0.000000	0.000000	0.000000	0.000000	0.000000	0.000000	0.000000	0.000000	0.000000	0.000000	0.000000	0.000000	0.000000	0	0.000000	0.000000
55	2026-09-13T03:49:09.844076396Z	55010	loop10	0.000000	0.000000	0.000000	0.000000	0.000000	0.000000	0.000000	0.000000	0.000000	0.000000	0.000000	0.000000	0.000000	0.000000	0.000000	0.000000	0.000000	0	0.000000	0.000000
55	2026-09-13T03:49:09.844076396Z	55010	loop11	0.000000	0.000000	0.000000	0.000000	0.000000	0.000000	0.000000	0.000000	0.000000	0.000000	0.000000	0.000000	0.000000	0.000000	0.000000	0.000000	0.000000	0	0.000000	0.000000
55	2026-09-13T03:49:09.844076396Z	55010	loop2	0.000000	0.000000	0.000000	0.000000	0.000000	0.000000	0.000000	0.000000	0.000000	0.000000	0.000000	0.000000	0.000000	0.000000	0.000000	0.000000	0.000000	0	0.000000	0.000000
55	2026-09-13T03:49:09.844076396Z	55010	loop3	0.000000	0.000000	0.000000	0.000000	0.000000	0.000000	0.000000	0.000000	0.000000	0.000000	0.000000	0.000000	0.000000	0.000000	0.000000	0.000000	0.000000	0	0.000000	0.000000
55	2026-09-13T03:49:09.844076396Z	55010	loop4	0.000000	0.000000	0.000000	0.000000	0.000000	0.000000	0.000000	0.000000	0.000000	0.000000	0.000000	0.000000	0.000000	0.000000	0.000000	0.000000	0.000000	0	0.000000	0.000000
55	2026-09-13T03:49:09.844076396Z	55010	loop5	0.000000	0.000000	0.000000	0.000000	0.000000	0.000000	0.000000	0.000000	0.000000	0.000000	0.000000	0.000000	0.000000	0.000000	0.000000	0.000000	0.000000	0	0.000000	0.000000
55	2026-09-13T03:49:09.844076396Z	55010	loop6	0.000000	0.000000	0.000000	0.000000	0.000000	0.000000	0.000000	0.000000	0.000000	0.000000	0.000000	0.000000	0.000000	0.000000	0.000000	0.000000	0.000000	0	0.000000	0.000000
55	2026-09-13T03:49:09.844076396Z	55010	loop7	0.000000	0.000000	0.000000	0.000000	0.000000	0.000000	0.000000	0.000000	0.000000	0.000000	0.000000	0.000000	0.000000	0.000000	0.000000	0.000000	0.000000	0	0.000000	0.000000
55	2026-09-13T03:49:09.844076396Z	55010	loop8	0.000000	0.000000	0.000000	0.000000	0.000000	0.000000	0.000000	0.000000	0.000000	0.000000	0.000000	0.000000	0.000000	0.000000	0.000000	0.000000	0.000000	0	0.000000	0.000000
55	2026-09-13T03:49:09.844076396Z	55010	loop9	0.000000	0.000000	0.000000	0.000000	0.000000	0.000000	0.000000	0.000000	0.000000	0.000000	0.000000	0.000000	0.000000	0.000000	0.000000	0.000000	0.000000	0	0.000000	0.000000
55	2026-09-13T03:49:09.844076396Z	55010	nvme0n1	0.000000	0.000000	0.000000	0.000000	0.000000	0.000000	0.000000	0.000000	0.000000	0.000000	0.000000	0.000000	0.000000	0.000000	0.000000	0.000000	0.000000	0	0.000000	0.000000
56	2026-09-13T03:49:10.844075936Z	56010	loop0	0.000000	0.000000	0.000000	0.000000	0.000000	0.000000	0.000000	0.000000	0.000000	0.000000	0.000000	0.000000	0.000000	0.000000	0.000000	0.000000	0.000000	0	0.000000	0.000000
56	2026-09-13T03:49:10.844075936Z	56010	loop1	0.000000	0.000000	0.000000	0.000000	0.000000	0.000000	0.000000	0.000000	0.000000	0.000000	0.000000	0.000000	0.000000	0.000000	0.000000	0.000000	0.000000	0	0.000000	0.000000
56	2026-09-13T03:49:10.844075936Z	56010	loop10	0.000000	0.000000	0.000000	0.000000	0.000000	0.000000	0.000000	0.000000	0.000000	0.000000	0.000000	0.000000	0.000000	0.000000	0.000000	0.000000	0.000000	0	0.000000	0.000000
56	2026-09-13T03:49:10.844075936Z	56010	loop11	0.000000	0.000000	0.000000	0.000000	0.000000	0.000000	0.000000	0.000000	0.000000	0.000000	0.000000	0.000000	0.000000	0.000000	0.000000	0.000000	0.000000	0	0.000000	0.000000
56	2026-09-13T03:49:10.844075936Z	56010	loop2	0.000000	0.000000	0.000000	0.000000	0.000000	0.000000	0.000000	0.000000	0.000000	0.000000	0.000000	0.000000	0.000000	0.000000	0.000000	0.000000	0.000000	0	0.000000	0.000000
56	2026-09-13T03:49:10.844075936Z	56010	loop3	0.000000	0.000000	0.000000	0.000000	0.000000	0.000000	0.000000	0.000000	0.000000	0.000000	0.000000	0.000000	0.000000	0.000000	0.000000	0.000000	0.000000	0	0.000000	0.000000
56	2026-09-13T03:49:10.844075936Z	56010	loop4	0.000000	0.000000	0.000000	0.000000	0.000000	0.000000	0.000000	0.000000	0.000000	0.000000	0.000000	0.000000	0.000000	0.000000	0.000000	0.000000	0.000000	0	0.000000	0.000000
56	2026-09-13T03:49:10.844075936Z	56010	loop5	0.000000	0.000000	0.000000	0.000000	0.000000	0.000000	0.000000	0.000000	0.000000	0.000000	0.000000	0.000000	0.000000	0.000000	0.000000	0.000000	0.000000	0	0.000000	0.000000
56	2026-09-13T03:49:10.844075936Z	56010	loop6	0.000000	0.000000	0.000000	0.000000	0.000000	0.000000	0.000000	0.000000	0.000000	0.000000	0.000000	0.000000	0.000000	0.000000	0.000000	0.000000	0.000000	0	0.000000	0.000000
56	2026-09-13T03:49:10.844075936Z	56010	loop7	0.000000	0.000000	0.000000	0.000000	0.000000	0.000000	0.000000	0.000000	0.000000	0.000000	0.000000	0.000000	0.000000	0.000000	0.000000	0.000000	0.000000	0	0.000000	0.000000
56	2026-09-13T03:49:10.844075936Z	56010	loop8	0.000000	0.000000	0.000000	0.000000	0.000000	0.000000	0.000000	0.000000	0.000000	0.000000	0.000000	0.000000	0.000000	0.000000	0.000000	0.000000	0.000000	0	0.000000	0.000000
56	2026-09-13T03:49:10.844075936Z	56010	loop9	0.000000	0.000000	0.000000	0.000000	0.000000	0.000000	0.000000	0.000000	0.000000	0.000000	0.000000	0.000000	0.000000	0.000000	0.000000	0.000000	0.000000	0	0.000000	0.000000
56	2026-09-13T03:49:10.844075936Z	56010	nvme0n1	0.000000	0.000000	0.000000	0.000000	0.000000	0.000000	0.000000	0.000000	0.000000	0.000000	0.000000	0.000000	0.000000	0.000000	0.000000	0.000000	0.000000	0	0.000000	0.000000
57	2026-09-13T03:49:11.844082934Z	57010	loop0	0.000000	0.000000	0.000000	0.000000	0.000000	0.000000	0.000000	0.000000	0.000000	0.000000	0.000000	0.000000	0.000000	0.000000	0.000000	0.000000	0.000000	0	0.000000	0.000000
57	2026-09-13T03:49:11.844082934Z	57010	loop1	0.000000	0.000000	0.000000	0.000000	0.000000	0.000000	0.000000	0.000000	0.000000	0.000000	0.000000	0.000000	0.000000	0.000000	0.000000	0.000000	0.000000	0	0.000000	0.000000
57	2026-09-13T03:49:11.844082934Z	57010	loop10	0.000000	0.000000	0.000000	0.000000	0.000000	0.000000	0.000000	0.000000	0.000000	0.000000	0.000000	0.000000	0.000000	0.000000	0.000000	0.000000	0.000000	0	0.000000	0.000000
57	2026-09-13T03:49:11.844082934Z	57010	loop11	0.000000	0.000000	0.000000	0.000000	0.000000	0.000000	0.000000	0.000000	0.000000	0.000000	0.000000	0.000000	0.000000	0.000000	0.000000	0.000000	0.000000	0	0.000000	0.000000
57	2026-09-13T03:49:11.844082934Z	57010	loop2	0.000000	0.000000	0.000000	0.000000	0.000000	0.000000	0.000000	0.000000	0.000000	0.000000	0.000000	0.000000	0.000000	0.000000	0.000000	0.000000	0.000000	0	0.000000	0.000000
57	2026-09-13T03:49:11.844082934Z	57010	loop3	0.000000	0.000000	0.000000	0.000000	0.000000	0.000000	0.000000	0.000000	0.000000	0.000000	0.000000	0.000000	0.000000	0.000000	0.000000	0.000000	0.000000	0	0.000000	0.000000
57	2026-09-13T03:49:11.844082934Z	57010	loop4	0.000000	0.000000	0.000000	0.000000	0.000000	0.000000	0.000000	0.000000	0.000000	0.000000	0.000000	0.000000	0.000000	0.000000	0.000000	0.000000	0.000000	0	0.000000	0.000000
57	2026-09-13T03:49:11.844082934Z	57010	loop5	0.000000	0.000000	0.000000	0.000000	0.000000	0.000000	0.000000	0.000000	0.000000	0.000000	0.000000	0.000000	0.000000	0.000000	0.000000	0.000000	0.000000	0	0.000000	0.000000
57	2026-09-13T03:49:11.844082934Z	57010	loop6	0.000000	0.000000	0.000000	0.000000	0.000000	0.000000	0.000000	0.000000	0.000000	0.000000	0.000000	0.000000	0.000000	0.000000	0.000000	0.000000	0.000000	0	0.000000	0.000000
57	2026-09-13T03:49:11.844082934Z	57010	loop7	0.000000	0.000000	0.000000	0.000000	0.000000	0.000000	0.000000	0.000000	0.000000	0.000000	0.000000	0.000000	0.000000	0.000000	0.000000	0.000000	0.000000	0	0.000000	0.000000
57	2026-09-13T03:49:11.844082934Z	57010	loop8	0.000000	0.000000	0.000000	0.000000	0.000000	0.000000	0.000000	0.000000	0.000000	0.000000	0.000000	0.000000	0.000000	0.000000	0.000000	0.000000	0.000000	0	0.000000	0.000000
57	2026-09-13T03:49:11.844082934Z	57010	loop9	0.000000	0.000000	0.000000	0.000000	0.000000	0.000000	0.000000	0.000000	0.000000	0.000000	0.000000	0.000000	0.000000	0.000000	0.000000	0.000000	0.000000	0	0.000000	0.000000
57	2026-09-13T03:49:11.844082934Z	57010	nvme0n1	0.000000	0.000000	0.000000	0.000000	0.000000	0.000000	0.000000	0.000000	0.000000	0.000000	0.000000	0.000000	0.000000	0.000000	0.000000	0.000000	0.000000	0	0.000000	0.000000
58	2026-09-13T03:49:12.844832984Z	58011	loop0	0.000000	0.000000	0.000000	0.000000	0.000000	0.000000	0.000000	0.000000	0.000000	0.000000	0.000000	0.000000	0.000000	0.000000	0.000000	0.000000	0.000000	0	0.000000	0.000000
58	2026-09-13T03:49:12.844832984Z	58011	loop1	0.000000	0.000000	0.000000	0.000000	0.000000	0.000000	0.000000	0.000000	0.000000	0.000000	0.000000	0.000000	0.000000	0.000000	0.000000	0.000000	0.000000	0	0.000000	0.000000
58	2026-09-13T03:49:12.844832984Z	58011	loop10	0.000000	0.000000	0.000000	0.000000	0.000000	0.000000	0.000000	0.000000	0.000000	0.000000	0.000000	0.000000	0.000000	0.000000	0.000000	0.000000	0.000000	0	0.000000	0.000000
58	2026-09-13T03:49:12.844832984Z	58011	loop11	0.000000	0.000000	0.000000	0.000000	0.000000	0.000000	0.000000	0.000000	0.000000	0.000000	0.000000	0.000000	0.000000	0.000000	0.000000	0.000000	0.000000	0	0.000000	0.000000
58	2026-09-13T03:49:12.844832984Z	58011	loop2	0.000000	0.000000	0.000000	0.000000	0.000000	0.000000	0.000000	0.000000	0.000000	0.000000	0.000000	0.000000	0.000000	0.000000	0.000000	0.000000	0.000000	0	0.000000	0.000000
58	2026-09-13T03:49:12.844832984Z	58011	loop3	0.000000	0.000000	0.000000	0.000000	0.000000	0.000000	0.000000	0.000000	0.000000	0.000000	0.000000	0.000000	0.000000	0.000000	0.000000	0.000000	0.000000	0	0.000000	0.000000
58	2026-09-13T03:49:12.844832984Z	58011	loop4	0.000000	0.000000	0.000000	0.000000	0.000000	0.000000	0.000000	0.000000	0.000000	0.000000	0.000000	0.000000	0.000000	0.000000	0.000000	0.000000	0.000000	0	0.000000	0.000000
58	2026-09-13T03:49:12.844832984Z	58011	loop5	0.000000	0.000000	0.000000	0.000000	0.000000	0.000000	0.000000	0.000000	0.000000	0.000000	0.000000	0.000000	0.000000	0.000000	0.000000	0.000000	0.000000	0	0.000000	0.000000
58	2026-09-13T03:49:12.844832984Z	58011	loop6	0.000000	0.000000	0.000000	0.000000	0.000000	0.000000	0.000000	0.000000	0.000000	0.000000	0.000000	0.000000	0.000000	0.000000	0.000000	0.000000	0.000000	0	0.000000	0.000000
58	2026-09-13T03:49:12.844832984Z	58011	loop7	0.000000	0.000000	0.000000	0.000000	0.000000	0.000000	0.000000	0.000000	0.000000	0.000000	0.000000	0.000000	0.000000	0.000000	0.000000	0.000000	0.000000	0	0.000000	0.000000
58	2026-09-13T03:49:12.844832984Z	58011	loop8	0.000000	0.000000	0.000000	0.000000	0.000000	0.000000	0.000000	0.000000	0.000000	0.000000	0.000000	0.000000	0.000000	0.000000	0.000000	0.000000	0.000000	0	0.000000	0.000000
58	2026-09-13T03:49:12.844832984Z	58011	loop9	0.000000	0.000000	0.000000	0.000000	0.000000	0.000000	0.000000	0.000000	0.000000	0.000000	0.000000	0.000000	0.000000	0.000000	0.000000	0.000000	0.000000	0	0.000000	0.000000
58	2026-09-13T03:49:12.844832984Z	58011	nvme0n1	0.000000	0.000000	0.000000	0.000000	0.000000	0.000000	0.000000	0.000000	0.000000	0.000000	0.000000	0.000000	0.000000	0.000000	0.000000	0.000000	0.000000	0	0.000000	0.000000
59	2026-09-13T03:49:13.844468622Z	59011	loop0	0.000000	0.000000	0.000000	0.000000	0.000000	0.000000	0.000000	0.000000	0.000000	0.000000	0.000000	0.000000	0.000000	0.000000	0.000000	0.000000	0.000000	0	0.000000	0.000000
59	2026-09-13T03:49:13.844468622Z	59011	loop1	0.000000	0.000000	0.000000	0.000000	0.000000	0.000000	0.000000	0.000000	0.000000	0.000000	0.000000	0.000000	0.000000	0.000000	0.000000	0.000000	0.000000	0	0.000000	0.000000
59	2026-09-13T03:49:13.844468622Z	59011	loop10	0.000000	0.000000	0.000000	0.000000	0.000000	0.000000	0.000000	0.000000	0.000000	0.000000	0.000000	0.000000	0.000000	0.000000	0.000000	0.000000	0.000000	0	0.000000	0.000000
59	2026-09-13T03:49:13.844468622Z	59011	loop11	0.000000	0.000000	0.000000	0.000000	0.000000	0.000000	0.000000	0.000000	0.000000	0.000000	0.000000	0.000000	0.000000	0.000000	0.000000	0.000000	0.000000	0	0.000000	0.000000
59	2026-09-13T03:49:13.844468622Z	59011	loop2	0.000000	0.000000	0.000000	0.000000	0.000000	0.000000	0.000000	0.000000	0.000000	0.000000	0.000000	0.000000	0.000000	0.000000	0.000000	0.000000	0.000000	0	0.000000	0.000000
59	2026-09-13T03:49:13.844468622Z	59011	loop3	0.000000	0.000000	0.000000	0.000000	0.000000	0.000000	0.000000	0.000000	0.000000	0.000000	0.000000	0.000000	0.000000	0.000000	0.000000	0.000000	0.000000	0	0.000000	0.000000
59	2026-09-13T03:49:13.844468622Z	59011	loop4	0.000000	0.000000	0.000000	0.000000	0.000000	0.000000	0.000000	0.000000	0.000000	0.000000	0.000000	0.000000	0.000000	0.000000	0.000000	0.000000	0.000000	0	0.000000	0.000000
59	2026-09-13T03:49:13.844468622Z	59011	loop5	0.000000	0.000000	0.000000	0.000000	0.000000	0.000000	0.000000	0.000000	0.000000	0.000000	0.000000	0.000000	0.000000	0.000000	0.000000	0.000000	0.000000	0	0.000000	0.000000
59	2026-09-13T03:49:13.844468622Z	59011	loop6	0.000000	0.000000	0.000000	0.000000	0.000000	0.000000	0.000000	0.000000	0.000000	0.000000	0.000000	0.000000	0.000000	0.000000	0.000000	0.000000	0.000000	0	0.000000	0.000000
59	2026-09-13T03:49:13.844468622Z	59011	loop7	0.000000	0.000000	0.000000	0.000000	0.000000	0.000000	0.000000	0.000000	0.000000	0.000000	0.000000	0.000000	0.000000	0.000000	0.000000	0.000000	0.000000	0	0.000000	0.000000
59	2026-09-13T03:49:13.844468622Z	59011	loop8	0.000000	0.000000	0.000000	0.000000	0.000000	0.000000	0.000000	0.000000	0.000000	0.000000	0.000000	0.000000	0.000000	0.000000	0.000000	0.000000	0.000000	0	0.000000	0.000000
59	2026-09-13T03:49:13.844468622Z	59011	loop9	0.000000	0.000000	0.000000	0.000000	0.000000	0.000000	0.000000	0.000000	0.000000	0.000000	0.000000	0.000000	0.000000	0.000000	0.000000	0.000000	0.000000	0	0.000000	0.000000
59	2026-09-13T03:49:13.844468622Z	59011	nvme0n1	0.000000	2.000729	0.000000	0.000000	0.000000	1.000364	0.000000	0.000000	12292.478912	0.000000	0.000000	0.500000	0.000000	0.000000	0.000000	6144.000000	0.000000	0	0.800292	0.002001
60	2026-09-13T03:49:14.844084984Z	60010	loop0	0.000000	0.000000	0.000000	0.000000	0.000000	0.000000	0.000000	0.000000	0.000000	0.000000	0.000000	0.000000	0.000000	0.000000	0.000000	0.000000	0.000000	0	0.000000	0.000000
60	2026-09-13T03:49:14.844084984Z	60010	loop1	0.000000	0.000000	0.000000	0.000000	0.000000	0.000000	0.000000	0.000000	0.000000	0.000000	0.000000	0.000000	0.000000	0.000000	0.000000	0.000000	0.000000	0	0.000000	0.000000
60	2026-09-13T03:49:14.844084984Z	60010	loop10	0.000000	0.000000	0.000000	0.000000	0.000000	0.000000	0.000000	0.000000	0.000000	0.000000	0.000000	0.000000	0.000000	0.000000	0.000000	0.000000	0.000000	0	0.000000	0.000000
60	2026-09-13T03:49:14.844084984Z	60010	loop11	0.000000	0.000000	0.000000	0.000000	0.000000	0.000000	0.000000	0.000000	0.000000	0.000000	0.000000	0.000000	0.000000	0.000000	0.000000	0.000000	0.000000	0	0.000000	0.000000
60	2026-09-13T03:49:14.844084984Z	60010	loop2	0.000000	0.000000	0.000000	0.000000	0.000000	0.000000	0.000000	0.000000	0.000000	0.000000	0.000000	0.000000	0.000000	0.000000	0.000000	0.000000	0.000000	0	0.000000	0.000000
60	2026-09-13T03:49:14.844084984Z	60010	loop3	0.000000	0.000000	0.000000	0.000000	0.000000	0.000000	0.000000	0.000000	0.000000	0.000000	0.000000	0.000000	0.000000	0.000000	0.000000	0.000000	0.000000	0	0.000000	0.000000
60	2026-09-13T03:49:14.844084984Z	60010	loop4	0.000000	0.000000	0.000000	0.000000	0.000000	0.000000	0.000000	0.000000	0.000000	0.000000	0.000000	0.000000	0.000000	0.000000	0.000000	0.000000	0.000000	0	0.000000	0.000000
60	2026-09-13T03:49:14.844084984Z	60010	loop5	0.000000	0.000000	0.000000	0.000000	0.000000	0.000000	0.000000	0.000000	0.000000	0.000000	0.000000	0.000000	0.000000	0.000000	0.000000	0.000000	0.000000	0	0.000000	0.000000
60	2026-09-13T03:49:14.844084984Z	60010	loop6	0.000000	0.000000	0.000000	0.000000	0.000000	0.000000	0.000000	0.000000	0.000000	0.000000	0.000000	0.000000	0.000000	0.000000	0.000000	0.000000	0.000000	0	0.000000	0.000000
60	2026-09-13T03:49:14.844084984Z	60010	loop7	0.000000	0.000000	0.000000	0.000000	0.000000	0.000000	0.000000	0.000000	0.000000	0.000000	0.000000	0.000000	0.000000	0.000000	0.000000	0.000000	0.000000	0	0.000000	0.000000
60	2026-09-13T03:49:14.844084984Z	60010	loop8	0.000000	0.000000	0.000000	0.000000	0.000000	0.000000	0.000000	0.000000	0.000000	0.000000	0.000000	0.000000	0.000000	0.000000	0.000000	0.000000	0.000000	0	0.000000	0.000000
60	2026-09-13T03:49:14.844084984Z	60010	loop9	0.000000	0.000000	0.000000	0.000000	0.000000	0.000000	0.000000	0.000000	0.000000	0.000000	0.000000	0.000000	0.000000	0.000000	0.000000	0.000000	0.000000	0	0.000000	0.000000
60	2026-09-13T03:49:14.844084984Z	60010	nvme0n1	0.000000	0.000000	0.000000	0.000000	0.000000	0.000000	0.000000	0.000000	0.000000	0.000000	0.000000	0.000000	0.000000	0.000000	0.000000	0.000000	0.000000	0	0.000000	0.000000
61	2026-09-13T03:49:15.844659612Z	61011	loop0	0.000000	0.000000	0.000000	0.000000	0.000000	0.000000	0.000000	0.000000	0.000000	0.000000	0.000000	0.000000	0.000000	0.000000	0.000000	0.000000	0.000000	0	0.000000	0.000000
61	2026-09-13T03:49:15.844659612Z	61011	loop1	0.000000	0.000000	0.000000	0.000000	0.000000	0.000000	0.000000	0.000000	0.000000	0.000000	0.000000	0.000000	0.000000	0.000000	0.000000	0.000000	0.000000	0	0.000000	0.000000
61	2026-09-13T03:49:15.844659612Z	61011	loop10	0.000000	0.000000	0.000000	0.000000	0.000000	0.000000	0.000000	0.000000	0.000000	0.000000	0.000000	0.000000	0.000000	0.000000	0.000000	0.000000	0.000000	0	0.000000	0.000000
61	2026-09-13T03:49:15.844659612Z	61011	loop11	0.000000	0.000000	0.000000	0.000000	0.000000	0.000000	0.000000	0.000000	0.000000	0.000000	0.000000	0.000000	0.000000	0.000000	0.000000	0.000000	0.000000	0	0.000000	0.000000
61	2026-09-13T03:49:15.844659612Z	61011	loop2	0.000000	0.000000	0.000000	0.000000	0.000000	0.000000	0.000000	0.000000	0.000000	0.000000	0.000000	0.000000	0.000000	0.000000	0.000000	0.000000	0.000000	0	0.000000	0.000000
61	2026-09-13T03:49:15.844659612Z	61011	loop3	0.000000	0.000000	0.000000	0.000000	0.000000	0.000000	0.000000	0.000000	0.000000	0.000000	0.000000	0.000000	0.000000	0.000000	0.000000	0.000000	0.000000	0	0.000000	0.000000
61	2026-09-13T03:49:15.844659612Z	61011	loop4	0.000000	0.000000	0.000000	0.000000	0.000000	0.000000	0.000000	0.000000	0.000000	0.000000	0.000000	0.000000	0.000000	0.000000	0.000000	0.000000	0.000000	0	0.000000	0.000000
61	2026-09-13T03:49:15.844659612Z	61011	loop5	0.000000	0.000000	0.000000	0.000000	0.000000	0.000000	0.000000	0.000000	0.000000	0.000000	0.000000	0.000000	0.000000	0.000000	0.000000	0.000000	0.000000	0	0.000000	0.000000
61	2026-09-13T03:49:15.844659612Z	61011	loop6	0.000000	0.000000	0.000000	0.000000	0.000000	0.000000	0.000000	0.000000	0.000000	0.000000	0.000000	0.000000	0.000000	0.000000	0.000000	0.000000	0.000000	0	0.000000	0.000000
61	2026-09-13T03:49:15.844659612Z	61011	loop7	0.000000	0.000000	0.000000	0.000000	0.000000	0.000000	0.000000	0.000000	0.000000	0.000000	0.000000	0.000000	0.000000	0.000000	0.000000	0.000000	0.000000	0	0.000000	0.000000
61	2026-09-13T03:49:15.844659612Z	61011	loop8	0.000000	0.000000	0.000000	0.000000	0.000000	0.000000	0.000000	0.000000	0.000000	0.000000	0.000000	0.000000	0.000000	0.000000	0.000000	0.000000	0.000000	0	0.000000	0.000000
61	2026-09-13T03:49:15.844659612Z	61011	loop9	0.000000	0.000000	0.000000	0.000000	0.000000	0.000000	0.000000	0.000000	0.000000	0.000000	0.000000	0.000000	0.000000	0.000000	0.000000	0.000000	0.000000	0	0.000000	0.000000
61	2026-09-13T03:49:15.844659612Z	61011	nvme0n1	0.000000	0.000000	0.000000	0.000000	0.000000	0.000000	0.000000	0.000000	0.000000	0.000000	0.000000	0.000000	0.000000	0.000000	0.000000	0.000000	0.000000	0	0.000000	0.000000
62	2026-09-13T03:49:16.844145887Z	62011	loop0	0.000000	0.000000	0.000000	0.000000	0.000000	0.000000	0.000000	0.000000	0.000000	0.000000	0.000000	0.000000	0.000000	0.000000	0.000000	0.000000	0.000000	0	0.000000	0.000000
62	2026-09-13T03:49:16.844145887Z	62011	loop1	0.000000	0.000000	0.000000	0.000000	0.000000	0.000000	0.000000	0.000000	0.000000	0.000000	0.000000	0.000000	0.000000	0.000000	0.000000	0.000000	0.000000	0	0.000000	0.000000
62	2026-09-13T03:49:16.844145887Z	62011	loop10	0.000000	0.000000	0.000000	0.000000	0.000000	0.000000	0.000000	0.000000	0.000000	0.000000	0.000000	0.000000	0.000000	0.000000	0.000000	0.000000	0.000000	0	0.000000	0.000000
62	2026-09-13T03:49:16.844145887Z	62011	loop11	0.000000	0.000000	0.000000	0.000000	0.000000	0.000000	0.000000	0.000000	0.000000	0.000000	0.000000	0.000000	0.000000	0.000000	0.000000	0.000000	0.000000	0	0.000000	0.000000
62	2026-09-13T03:49:16.844145887Z	62011	loop2	0.000000	0.000000	0.000000	0.000000	0.000000	0.000000	0.000000	0.000000	0.000000	0.000000	0.000000	0.000000	0.000000	0.000000	0.000000	0.000000	0.000000	0	0.000000	0.000000
62	2026-09-13T03:49:16.844145887Z	62011	loop3	0.000000	0.000000	0.000000	0.000000	0.000000	0.000000	0.000000	0.000000	0.000000	0.000000	0.000000	0.000000	0.000000	0.000000	0.000000	0.000000	0.000000	0	0.000000	0.000000
62	2026-09-13T03:49:16.844145887Z	62011	loop4	0.000000	0.000000	0.000000	0.000000	0.000000	0.000000	0.000000	0.000000	0.000000	0.000000	0.000000	0.000000	0.000000	0.000000	0.000000	0.000000	0.000000	0	0.000000	0.000000
62	2026-09-13T03:49:16.844145887Z	62011	loop5	0.000000	0.000000	0.000000	0.000000	0.000000	0.000000	0.000000	0.000000	0.000000	0.000000	0.000000	0.000000	0.000000	0.000000	0.000000	0.000000	0.000000	0	0.000000	0.000000
62	2026-09-13T03:49:16.844145887Z	62011	loop6	0.000000	0.000000	0.000000	0.000000	0.000000	0.000000	0.000000	0.000000	0.000000	0.000000	0.000000	0.000000	0.000000	0.000000	0.000000	0.000000	0.000000	0	0.000000	0.000000
62	2026-09-13T03:49:16.844145887Z	62011	loop7	0.000000	0.000000	0.000000	0.000000	0.000000	0.000000	0.000000	0.000000	0.000000	0.000000	0.000000	0.000000	0.000000	0.000000	0.000000	0.000000	0.000000	0	0.000000	0.000000
62	2026-09-13T03:49:16.844145887Z	62011	loop8	0.000000	0.000000	0.000000	0.000000	0.000000	0.000000	0.000000	0.000000	0.000000	0.000000	0.000000	0.000000	0.000000	0.000000	0.000000	0.000000	0.000000	0	0.000000	0.000000
62	2026-09-13T03:49:16.844145887Z	62011	loop9	0.000000	0.000000	0.000000	0.000000	0.000000	0.000000	0.000000	0.000000	0.000000	0.000000	0.000000	0.000000	0.000000	0.000000	0.000000	0.000000	0.000000	0	0.000000	0.000000
62	2026-09-13T03:49:16.844145887Z	62011	nvme0n1	0.000000	0.000000	0.000000	0.000000	0.000000	0.000000	0.000000	0.000000	0.000000	0.000000	0.000000	0.000000	0.000000	0.000000	0.000000	0.000000	0.000000	0	0.000000	0.000000
63	2026-09-13T03:49:17.844800138Z	63011	loop0	0.000000	0.000000	0.000000	0.000000	0.000000	0.000000	0.000000	0.000000	0.000000	0.000000	0.000000	0.000000	0.000000	0.000000	0.000000	0.000000	0.000000	0	0.000000	0.000000
63	2026-09-13T03:49:17.844800138Z	63011	loop1	0.000000	0.000000	0.000000	0.000000	0.000000	0.000000	0.000000	0.000000	0.000000	0.000000	0.000000	0.000000	0.000000	0.000000	0.000000	0.000000	0.000000	0	0.000000	0.000000
63	2026-09-13T03:49:17.844800138Z	63011	loop10	0.000000	0.000000	0.000000	0.000000	0.000000	0.000000	0.000000	0.000000	0.000000	0.000000	0.000000	0.000000	0.000000	0.000000	0.000000	0.000000	0.000000	0	0.000000	0.000000
63	2026-09-13T03:49:17.844800138Z	63011	loop11	0.000000	0.000000	0.000000	0.000000	0.000000	0.000000	0.000000	0.000000	0.000000	0.000000	0.000000	0.000000	0.000000	0.000000	0.000000	0.000000	0.000000	0	0.000000	0.000000
63	2026-09-13T03:49:17.844800138Z	63011	loop2	0.000000	0.000000	0.000000	0.000000	0.000000	0.000000	0.000000	0.000000	0.000000	0.000000	0.000000	0.000000	0.000000	0.000000	0.000000	0.000000	0.000000	0	0.000000	0.000000
63	2026-09-13T03:49:17.844800138Z	63011	loop3	0.000000	0.000000	0.000000	0.000000	0.000000	0.000000	0.000000	0.000000	0.000000	0.000000	0.000000	0.000000	0.000000	0.000000	0.000000	0.000000	0.000000	0	0.000000	0.000000
63	2026-09-13T03:49:17.844800138Z	63011	loop4	0.000000	0.000000	0.000000	0.000000	0.000000	0.000000	0.000000	0.000000	0.000000	0.000000	0.000000	0.000000	0.000000	0.000000	0.000000	0.000000	0.000000	0	0.000000	0.000000
63	2026-09-13T03:49:17.844800138Z	63011	loop5	0.000000	0.000000	0.000000	0.000000	0.000000	0.000000	0.000000	0.000000	0.000000	0.000000	0.000000	0.000000	0.000000	0.000000	0.000000	0.000000	0.000000	0	0.000000	0.000000
63	2026-09-13T03:49:17.844800138Z	63011	loop6	0.000000	0.000000	0.000000	0.000000	0.000000	0.000000	0.000000	0.000000	0.000000	0.000000	0.000000	0.000000	0.000000	0.000000	0.000000	0.000000	0.000000	0	0.000000	0.000000
63	2026-09-13T03:49:17.844800138Z	63011	loop7	0.000000	0.000000	0.000000	0.000000	0.000000	0.000000	0.000000	0.000000	0.000000	0.000000	0.000000	0.000000	0.000000	0.000000	0.000000	0.000000	0.000000	0	0.000000	0.000000
63	2026-09-13T03:49:17.844800138Z	63011	loop8	0.000000	0.000000	0.000000	0.000000	0.000000	0.000000	0.000000	0.000000	0.000000	0.000000	0.000000	0.000000	0.000000	0.000000	0.000000	0.000000	0.000000	0	0.000000	0.000000
63	2026-09-13T03:49:17.844800138Z	63011	loop9	0.000000	0.000000	0.000000	0.000000	0.000000	0.000000	0.000000	0.000000	0.000000	0.000000	0.000000	0.000000	0.000000	0.000000	0.000000	0.000000	0.000000	0	0.000000	0.000000
63	2026-09-13T03:49:17.844800138Z	63011	nvme0n1	0.000000	0.000000	0.000000	0.000000	0.000000	0.000000	0.000000	0.000000	0.000000	0.000000	0.000000	0.000000	0.000000	0.000000	0.000000	0.000000	0.000000	0	0.000000	0.000000
64	2026-09-13T03:49:18.844393336Z	64011	loop0	0.000000	0.000000	0.000000	0.000000	0.000000	0.000000	0.000000	0.000000	0.000000	0.000000	0.000000	0.000000	0.000000	0.000000	0.000000	0.000000	0.000000	0	0.000000	0.000000
64	2026-09-13T03:49:18.844393336Z	64011	loop1	0.000000	0.000000	0.000000	0.000000	0.000000	0.000000	0.000000	0.000000	0.000000	0.000000	0.000000	0.000000	0.000000	0.000000	0.000000	0.000000	0.000000	0	0.000000	0.000000
64	2026-09-13T03:49:18.844393336Z	64011	loop10	0.000000	0.000000	0.000000	0.000000	0.000000	0.000000	0.000000	0.000000	0.000000	0.000000	0.000000	0.000000	0.000000	0.000000	0.000000	0.000000	0.000000	0	0.000000	0.000000
64	2026-09-13T03:49:18.844393336Z	64011	loop11	0.000000	0.000000	0.000000	0.000000	0.000000	0.000000	0.000000	0.000000	0.000000	0.000000	0.000000	0.000000	0.000000	0.000000	0.000000	0.000000	0.000000	0	0.000000	0.000000
64	2026-09-13T03:49:18.844393336Z	64011	loop2	0.000000	0.000000	0.000000	0.000000	0.000000	0.000000	0.000000	0.000000	0.000000	0.000000	0.000000	0.000000	0.000000	0.000000	0.000000	0.000000	0.000000	0	0.000000	0.000000
64	2026-09-13T03:49:18.844393336Z	64011	loop3	0.000000	0.000000	0.000000	0.000000	0.000000	0.000000	0.000000	0.000000	0.000000	0.000000	0.000000	0.000000	0.000000	0.000000	0.000000	0.000000	0.000000	0	0.000000	0.000000
64	2026-09-13T03:49:18.844393336Z	64011	loop4	0.000000	0.000000	0.000000	0.000000	0.000000	0.000000	0.000000	0.000000	0.000000	0.000000	0.000000	0.000000	0.000000	0.000000	0.000000	0.000000	0.000000	0	0.000000	0.000000
64	2026-09-13T03:49:18.844393336Z	64011	loop5	0.000000	0.000000	0.000000	0.000000	0.000000	0.000000	0.000000	0.000000	0.000000	0.000000	0.000000	0.000000	0.000000	0.000000	0.000000	0.000000	0.000000	0	0.000000	0.000000
64	2026-09-13T03:49:18.844393336Z	64011	loop6	0.000000	0.000000	0.000000	0.000000	0.000000	0.000000	0.000000	0.000000	0.000000	0.000000	0.000000	0.000000	0.000000	0.000000	0.000000	0.000000	0.000000	0	0.000000	0.000000
64	2026-09-13T03:49:18.844393336Z	64011	loop7	0.000000	0.000000	0.000000	0.000000	0.000000	0.000000	0.000000	0.000000	0.000000	0.000000	0.000000	0.000000	0.000000	0.000000	0.000000	0.000000	0.000000	0	0.000000	0.000000
64	2026-09-13T03:49:18.844393336Z	64011	loop8	0.000000	0.000000	0.000000	0.000000	0.000000	0.000000	0.000000	0.000000	0.000000	0.000000	0.000000	0.000000	0.000000	0.000000	0.000000	0.000000	0.000000	0	0.000000	0.000000
64	2026-09-13T03:49:18.844393336Z	64011	loop9	0.000000	0.000000	0.000000	0.000000	0.000000	0.000000	0.000000	0.000000	0.000000	0.000000	0.000000	0.000000	0.000000	0.000000	0.000000	0.000000	0.000000	0	0.000000	0.000000
64	2026-09-13T03:49:18.844393336Z	64011	nvme0n1	0.000000	2.000814	0.000000	0.000000	0.000000	1.000407	0.000000	0.000000	12293.000830	0.000000	0.000000	1.000000	0.000000	0.000000	0.000000	6144.000000	0.000000	0	0.800326	0.002001
65	2026-09-13T03:49:19.844190999Z	65011	loop0	0.000000	0.000000	0.000000	0.000000	0.000000	0.000000	0.000000	0.000000	0.000000	0.000000	0.000000	0.000000	0.000000	0.000000	0.000000	0.000000	0.000000	0	0.000000	0.000000
65	2026-09-13T03:49:19.844190999Z	65011	loop1	0.000000	0.000000	0.000000	0.000000	0.000000	0.000000	0.000000	0.000000	0.000000	0.000000	0.000000	0.000000	0.000000	0.000000	0.000000	0.000000	0.000000	0	0.000000	0.000000
65	2026-09-13T03:49:19.844190999Z	65011	loop10	0.000000	0.000000	0.000000	0.000000	0.000000	0.000000	0.000000	0.000000	0.000000	0.000000	0.000000	0.000000	0.000000	0.000000	0.000000	0.000000	0.000000	0	0.000000	0.000000
65	2026-09-13T03:49:19.844190999Z	65011	loop11	0.000000	0.000000	0.000000	0.000000	0.000000	0.000000	0.000000	0.000000	0.000000	0.000000	0.000000	0.000000	0.000000	0.000000	0.000000	0.000000	0.000000	0	0.000000	0.000000
65	2026-09-13T03:49:19.844190999Z	65011	loop2	0.000000	0.000000	0.000000	0.000000	0.000000	0.000000	0.000000	0.000000	0.000000	0.000000	0.000000	0.000000	0.000000	0.000000	0.000000	0.000000	0.000000	0	0.000000	0.000000
65	2026-09-13T03:49:19.844190999Z	65011	loop3	0.000000	0.000000	0.000000	0.000000	0.000000	0.000000	0.000000	0.000000	0.000000	0.000000	0.000000	0.000000	0.000000	0.000000	0.000000	0.000000	0.000000	0	0.000000	0.000000
65	2026-09-13T03:49:19.844190999Z	65011	loop4	0.000000	0.000000	0.000000	0.000000	0.000000	0.000000	0.000000	0.000000	0.000000	0.000000	0.000000	0.000000	0.000000	0.000000	0.000000	0.000000	0.000000	0	0.000000	0.000000
65	2026-09-13T03:49:19.844190999Z	65011	loop5	0.000000	0.000000	0.000000	0.000000	0.000000	0.000000	0.000000	0.000000	0.000000	0.000000	0.000000	0.000000	0.000000	0.000000	0.000000	0.000000	0.000000	0	0.000000	0.000000
65	2026-09-13T03:49:19.844190999Z	65011	loop6	0.000000	0.000000	0.000000	0.000000	0.000000	0.000000	0.000000	0.000000	0.000000	0.000000	0.000000	0.000000	0.000000	0.000000	0.000000	0.000000	0.000000	0	0.000000	0.000000
65	2026-09-13T03:49:19.844190999Z	65011	loop7	0.000000	0.000000	0.000000	0.000000	0.000000	0.000000	0.000000	0.000000	0.000000	0.000000	0.000000	0.000000	0.000000	0.000000	0.000000	0.000000	0.000000	0	0.000000	0.000000
65	2026-09-13T03:49:19.844190999Z	65011	loop8	0.000000	0.000000	0.000000	0.000000	0.000000	0.000000	0.000000	0.000000	0.000000	0.000000	0.000000	0.000000	0.000000	0.000000	0.000000	0.000000	0.000000	0	0.000000	0.000000
65	2026-09-13T03:49:19.844190999Z	65011	loop9	0.000000	0.000000	0.000000	0.000000	0.000000	0.000000	0.000000	0.000000	0.000000	0.000000	0.000000	0.000000	0.000000	0.000000	0.000000	0.000000	0.000000	0	0.000000	0.000000
65	2026-09-13T03:49:19.844190999Z	65011	nvme0n1	0.000000	0.000000	0.000000	0.000000	0.000000	0.000000	0.000000	0.000000	0.000000	0.000000	0.000000	0.000000	0.000000	0.000000	0.000000	0.000000	0.000000	0	0.000000	0.000000
66	2026-09-13T03:49:20.844740656Z	66011	loop0	0.000000	0.000000	0.000000	0.000000	0.000000	0.000000	0.000000	0.000000	0.000000	0.000000	0.000000	0.000000	0.000000	0.000000	0.000000	0.000000	0.000000	0	0.000000	0.000000
66	2026-09-13T03:49:20.844740656Z	66011	loop1	0.000000	0.000000	0.000000	0.000000	0.000000	0.000000	0.000000	0.000000	0.000000	0.000000	0.000000	0.000000	0.000000	0.000000	0.000000	0.000000	0.000000	0	0.000000	0.000000
66	2026-09-13T03:49:20.844740656Z	66011	loop10	0.000000	0.000000	0.000000	0.000000	0.000000	0.000000	0.000000	0.000000	0.000000	0.000000	0.000000	0.000000	0.000000	0.000000	0.000000	0.000000	0.000000	0	0.000000	0.000000
66	2026-09-13T03:49:20.844740656Z	66011	loop11	0.000000	0.000000	0.000000	0.000000	0.000000	0.000000	0.000000	0.000000	0.000000	0.000000	0.000000	0.000000	0.000000	0.000000	0.000000	0.000000	0.000000	0	0.000000	0.000000
66	2026-09-13T03:49:20.844740656Z	66011	loop2	0.000000	0.000000	0.000000	0.000000	0.000000	0.000000	0.000000	0.000000	0.000000	0.000000	0.000000	0.000000	0.000000	0.000000	0.000000	0.000000	0.000000	0	0.000000	0.000000
66	2026-09-13T03:49:20.844740656Z	66011	loop3	0.000000	0.000000	0.000000	0.000000	0.000000	0.000000	0.000000	0.000000	0.000000	0.000000	0.000000	0.000000	0.000000	0.000000	0.000000	0.000000	0.000000	0	0.000000	0.000000
66	2026-09-13T03:49:20.844740656Z	66011	loop4	0.000000	0.000000	0.000000	0.000000	0.000000	0.000000	0.000000	0.000000	0.000000	0.000000	0.000000	0.000000	0.000000	0.000000	0.000000	0.000000	0.000000	0	0.000000	0.000000
66	2026-09-13T03:49:20.844740656Z	66011	loop5	0.000000	0.000000	0.000000	0.000000	0.000000	0.000000	0.000000	0.000000	0.000000	0.000000	0.000000	0.000000	0.000000	0.000000	0.000000	0.000000	0.000000	0	0.000000	0.000000
66	2026-09-13T03:49:20.844740656Z	66011	loop6	0.000000	0.000000	0.000000	0.000000	0.000000	0.000000	0.000000	0.000000	0.000000	0.000000	0.000000	0.000000	0.000000	0.000000	0.000000	0.000000	0.000000	0	0.000000	0.000000
66	2026-09-13T03:49:20.844740656Z	66011	loop7	0.000000	0.000000	0.000000	0.000000	0.000000	0.000000	0.000000	0.000000	0.000000	0.000000	0.000000	0.000000	0.000000	0.000000	0.000000	0.000000	0.000000	0	0.000000	0.000000
66	2026-09-13T03:49:20.844740656Z	66011	loop8	0.000000	0.000000	0.000000	0.000000	0.000000	0.000000	0.000000	0.000000	0.000000	0.000000	0.000000	0.000000	0.000000	0.000000	0.000000	0.000000	0.000000	0	0.000000	0.000000
66	2026-09-13T03:49:20.844740656Z	66011	loop9	0.000000	0.000000	0.000000	0.000000	0.000000	0.000000	0.000000	0.000000	0.000000	0.000000	0.000000	0.000000	0.000000	0.000000	0.000000	0.000000	0.000000	0	0.000000	0.000000
66	2026-09-13T03:49:20.844740656Z	66011	nvme0n1	0.000000	4.997254	0.000000	0.000000	0.000000	1.998901	0.000000	0.000000	122812.502249	0.000000	0.000000	1.200000	0.000000	0.000000	0.000000	24576.000000	0.000000	0	0.399780	0.005997
67	2026-09-13T03:49:21.844081355Z	67010	loop0	0.000000	0.000000	0.000000	0.000000	0.000000	0.000000	0.000000	0.000000	0.000000	0.000000	0.000000	0.000000	0.000000	0.000000	0.000000	0.000000	0.000000	0	0.000000	0.000000
67	2026-09-13T03:49:21.844081355Z	67010	loop1	0.000000	0.000000	0.000000	0.000000	0.000000	0.000000	0.000000	0.000000	0.000000	0.000000	0.000000	0.000000	0.000000	0.000000	0.000000	0.000000	0.000000	0	0.000000	0.000000
67	2026-09-13T03:49:21.844081355Z	67010	loop10	0.000000	0.000000	0.000000	0.000000	0.000000	0.000000	0.000000	0.000000	0.000000	0.000000	0.000000	0.000000	0.000000	0.000000	0.000000	0.000000	0.000000	0	0.000000	0.000000
67	2026-09-13T03:49:21.844081355Z	67010	loop11	0.000000	0.000000	0.000000	0.000000	0.000000	0.000000	0.000000	0.000000	0.000000	0.000000	0.000000	0.000000	0.000000	0.000000	0.000000	0.000000	0.000000	0	0.000000	0.000000
67	2026-09-13T03:49:21.844081355Z	67010	loop2	0.000000	0.000000	0.000000	0.000000	0.000000	0.000000	0.000000	0.000000	0.000000	0.000000	0.000000	0.000000	0.000000	0.000000	0.000000	0.000000	0.000000	0	0.000000	0.000000
67	2026-09-13T03:49:21.844081355Z	67010	loop3	0.000000	0.000000	0.000000	0.000000	0.000000	0.000000	0.000000	0.000000	0.000000	0.000000	0.000000	0.000000	0.000000	0.000000	0.000000	0.000000	0.000000	0	0.000000	0.000000
67	2026-09-13T03:49:21.844081355Z	67010	loop4	0.000000	0.000000	0.000000	0.000000	0.000000	0.000000	0.000000	0.000000	0.000000	0.000000	0.000000	0.000000	0.000000	0.000000	0.000000	0.000000	0.000000	0	0.000000	0.000000
67	2026-09-13T03:49:21.844081355Z	67010	loop5	0.000000	0.000000	0.000000	0.000000	0.000000	0.000000	0.000000	0.000000	0.000000	0.000000	0.000000	0.000000	0.000000	0.000000	0.000000	0.000000	0.000000	0	0.000000	0.000000
67	2026-09-13T03:49:21.844081355Z	67010	loop6	0.000000	0.000000	0.000000	0.000000	0.000000	0.000000	0.000000	0.000000	0.000000	0.000000	0.000000	0.000000	0.000000	0.000000	0.000000	0.000000	0.000000	0	0.000000	0.000000
67	2026-09-13T03:49:21.844081355Z	67010	loop7	0.000000	0.000000	0.000000	0.000000	0.000000	0.000000	0.000000	0.000000	0.000000	0.000000	0.000000	0.000000	0.000000	0.000000	0.000000	0.000000	0.000000	0	0.000000	0.000000
67	2026-09-13T03:49:21.844081355Z	67010	loop8	0.000000	0.000000	0.000000	0.000000	0.000000	0.000000	0.000000	0.000000	0.000000	0.000000	0.000000	0.000000	0.000000	0.000000	0.000000	0.000000	0.000000	0	0.000000	0.000000
67	2026-09-13T03:49:21.844081355Z	67010	loop9	0.000000	0.000000	0.000000	0.000000	0.000000	0.000000	0.000000	0.000000	0.000000	0.000000	0.000000	0.000000	0.000000	0.000000	0.000000	0.000000	0.000000	0	0.000000	0.000000
67	2026-09-13T03:49:21.844081355Z	67010	nvme0n1	0.000000	0.000000	0.000000	0.000000	0.000000	0.000000	0.000000	0.000000	0.000000	0.000000	0.000000	0.000000	0.000000	0.000000	0.000000	0.000000	0.000000	0	0.000000	0.000000
68	2026-09-13T03:49:22.844684757Z	68011	loop0	0.000000	0.000000	0.000000	0.000000	0.000000	0.000000	0.000000	0.000000	0.000000	0.000000	0.000000	0.000000	0.000000	0.000000	0.000000	0.000000	0.000000	0	0.000000	0.000000
68	2026-09-13T03:49:22.844684757Z	68011	loop1	0.000000	0.000000	0.000000	0.000000	0.000000	0.000000	0.000000	0.000000	0.000000	0.000000	0.000000	0.000000	0.000000	0.000000	0.000000	0.000000	0.000000	0	0.000000	0.000000
68	2026-09-13T03:49:22.844684757Z	68011	loop10	0.000000	0.000000	0.000000	0.000000	0.000000	0.000000	0.000000	0.000000	0.000000	0.000000	0.000000	0.000000	0.000000	0.000000	0.000000	0.000000	0.000000	0	0.000000	0.000000
68	2026-09-13T03:49:22.844684757Z	68011	loop11	0.000000	0.000000	0.000000	0.000000	0.000000	0.000000	0.000000	0.000000	0.000000	0.000000	0.000000	0.000000	0.000000	0.000000	0.000000	0.000000	0.000000	0	0.000000	0.000000
68	2026-09-13T03:49:22.844684757Z	68011	loop2	0.000000	0.000000	0.000000	0.000000	0.000000	0.000000	0.000000	0.000000	0.000000	0.000000	0.000000	0.000000	0.000000	0.000000	0.000000	0.000000	0.000000	0	0.000000	0.000000
68	2026-09-13T03:49:22.844684757Z	68011	loop3	0.000000	0.000000	0.000000	0.000000	0.000000	0.000000	0.000000	0.000000	0.000000	0.000000	0.000000	0.000000	0.000000	0.000000	0.000000	0.000000	0.000000	0	0.000000	0.000000
68	2026-09-13T03:49:22.844684757Z	68011	loop4	0.000000	0.000000	0.000000	0.000000	0.000000	0.000000	0.000000	0.000000	0.000000	0.000000	0.000000	0.000000	0.000000	0.000000	0.000000	0.000000	0.000000	0	0.000000	0.000000
68	2026-09-13T03:49:22.844684757Z	68011	loop5	0.000000	0.000000	0.000000	0.000000	0.000000	0.000000	0.000000	0.000000	0.000000	0.000000	0.000000	0.000000	0.000000	0.000000	0.000000	0.000000	0.000000	0	0.000000	0.000000
68	2026-09-13T03:49:22.844684757Z	68011	loop6	0.000000	0.000000	0.000000	0.000000	0.000000	0.000000	0.000000	0.000000	0.000000	0.000000	0.000000	0.000000	0.000000	0.000000	0.000000	0.000000	0.000000	0	0.000000	0.000000
68	2026-09-13T03:49:22.844684757Z	68011	loop7	0.000000	0.000000	0.000000	0.000000	0.000000	0.000000	0.000000	0.000000	0.000000	0.000000	0.000000	0.000000	0.000000	0.000000	0.000000	0.000000	0.000000	0	0.000000	0.000000
68	2026-09-13T03:49:22.844684757Z	68011	loop8	0.000000	0.000000	0.000000	0.000000	0.000000	0.000000	0.000000	0.000000	0.000000	0.000000	0.000000	0.000000	0.000000	0.000000	0.000000	0.000000	0.000000	0	0.000000	0.000000
68	2026-09-13T03:49:22.844684757Z	68011	loop9	0.000000	0.000000	0.000000	0.000000	0.000000	0.000000	0.000000	0.000000	0.000000	0.000000	0.000000	0.000000	0.000000	0.000000	0.000000	0.000000	0.000000	0	0.000000	0.000000
68	2026-09-13T03:49:22.844684757Z	68011	nvme0n1	0.000000	0.000000	0.000000	0.000000	0.000000	0.000000	0.000000	0.000000	0.000000	0.000000	0.000000	0.000000	0.000000	0.000000	0.000000	0.000000	0.000000	0	0.000000	0.000000
69	2026-09-13T03:49:23.844727162Z	69011	loop0	0.000000	0.000000	0.000000	0.000000	0.000000	0.000000	0.000000	0.000000	0.000000	0.000000	0.000000	0.000000	0.000000	0.000000	0.000000	0.000000	0.000000	0	0.000000	0.000000
69	2026-09-13T03:49:23.844727162Z	69011	loop1	0.000000	0.000000	0.000000	0.000000	0.000000	0.000000	0.000000	0.000000	0.000000	0.000000	0.000000	0.000000	0.000000	0.000000	0.000000	0.000000	0.000000	0	0.000000	0.000000
69	2026-09-13T03:49:23.844727162Z	69011	loop10	0.000000	0.000000	0.000000	0.000000	0.000000	0.000000	0.000000	0.000000	0.000000	0.000000	0.000000	0.000000	0.000000	0.000000	0.000000	0.000000	0.000000	0	0.000000	0.000000
69	2026-09-13T03:49:23.844727162Z	69011	loop11	0.000000	0.000000	0.000000	0.000000	0.000000	0.000000	0.000000	0.000000	0.000000	0.000000	0.000000	0.000000	0.000000	0.000000	0.000000	0.000000	0.000000	0	0.000000	0.000000
69	2026-09-13T03:49:23.844727162Z	69011	loop2	0.000000	0.000000	0.000000	0.000000	0.000000	0.000000	0.000000	0.000000	0.000000	0.000000	0.000000	0.000000	0.000000	0.000000	0.000000	0.000000	0.000000	0	0.000000	0.000000
69	2026-09-13T03:49:23.844727162Z	69011	loop3	0.000000	0.000000	0.000000	0.000000	0.000000	0.000000	0.000000	0.000000	0.000000	0.000000	0.000000	0.000000	0.000000	0.000000	0.000000	0.000000	0.000000	0	0.000000	0.000000
69	2026-09-13T03:49:23.844727162Z	69011	loop4	0.000000	0.000000	0.000000	0.000000	0.000000	0.000000	0.000000	0.000000	0.000000	0.000000	0.000000	0.000000	0.000000	0.000000	0.000000	0.000000	0.000000	0	0.000000	0.000000
69	2026-09-13T03:49:23.844727162Z	69011	loop5	0.000000	0.000000	0.000000	0.000000	0.000000	0.000000	0.000000	0.000000	0.000000	0.000000	0.000000	0.000000	0.000000	0.000000	0.000000	0.000000	0.000000	0	0.000000	0.000000
69	2026-09-13T03:49:23.844727162Z	69011	loop6	0.000000	0.000000	0.000000	0.000000	0.000000	0.000000	0.000000	0.000000	0.000000	0.000000	0.000000	0.000000	0.000000	0.000000	0.000000	0.000000	0.000000	0	0.000000	0.000000
69	2026-09-13T03:49:23.844727162Z	69011	loop7	0.000000	0.000000	0.000000	0.000000	0.000000	0.000000	0.000000	0.000000	0.000000	0.000000	0.000000	0.000000	0.000000	0.000000	0.000000	0.000000	0.000000	0	0.000000	0.000000
69	2026-09-13T03:49:23.844727162Z	69011	loop8	0.000000	0.000000	0.000000	0.000000	0.000000	0.000000	0.000000	0.000000	0.000000	0.000000	0.000000	0.000000	0.000000	0.000000	0.000000	0.000000	0.000000	0	0.000000	0.000000
69	2026-09-13T03:49:23.844727162Z	69011	loop9	0.000000	0.000000	0.000000	0.000000	0.000000	0.000000	0.000000	0.000000	0.000000	0.000000	0.000000	0.000000	0.000000	0.000000	0.000000	0.000000	0.000000	0	0.000000	0.000000
69	2026-09-13T03:49:23.844727162Z	69011	nvme0n1	0.000000	1.999915	0.000000	0.000000	0.000000	4.999788	0.000000	0.000000	28670.784215	0.000000	0.000000	1.000000	0.000000	0.000000	0.000000	14336.000000	0.000000	0	0.799966	0.002000
70	2026-09-13T03:49:24.844844815Z	70011	loop0	0.000000	0.000000	0.000000	0.000000	0.000000	0.000000	0.000000	0.000000	0.000000	0.000000	0.000000	0.000000	0.000000	0.000000	0.000000	0.000000	0.000000	0	0.000000	0.000000
70	2026-09-13T03:49:24.844844815Z	70011	loop1	0.000000	0.000000	0.000000	0.000000	0.000000	0.000000	0.000000	0.000000	0.000000	0.000000	0.000000	0.000000	0.000000	0.000000	0.000000	0.000000	0.000000	0	0.000000	0.000000
70	2026-09-13T03:49:24.844844815Z	70011	loop10	0.000000	0.000000	0.000000	0.000000	0.000000	0.000000	0.000000	0.000000	0.000000	0.000000	0.000000	0.000000	0.000000	0.000000	0.000000	0.000000	0.000000	0	0.000000	0.000000
70	2026-09-13T03:49:24.844844815Z	70011	loop11	0.000000	0.000000	0.000000	0.000000	0.000000	0.000000	0.000000	0.000000	0.000000	0.000000	0.000000	0.000000	0.000000	0.000000	0.000000	0.000000	0.000000	0	0.000000	0.000000
70	2026-09-13T03:49:24.844844815Z	70011	loop2	0.000000	0.000000	0.000000	0.000000	0.000000	0.000000	0.000000	0.000000	0.000000	0.000000	0.000000	0.000000	0.000000	0.000000	0.000000	0.000000	0.000000	0	0.000000	0.000000
70	2026-09-13T03:49:24.844844815Z	70011	loop3	0.000000	0.000000	0.000000	0.000000	0.000000	0.000000	0.000000	0.000000	0.000000	0.000000	0.000000	0.000000	0.000000	0.000000	0.000000	0.000000	0.000000	0	0.000000	0.000000
70	2026-09-13T03:49:24.844844815Z	70011	loop4	0.000000	0.000000	0.000000	0.000000	0.000000	0.000000	0.000000	0.000000	0.000000	0.000000	0.000000	0.000000	0.000000	0.000000	0.000000	0.000000	0.000000	0	0.000000	0.000000
70	2026-09-13T03:49:24.844844815Z	70011	loop5	0.000000	0.000000	0.000000	0.000000	0.000000	0.000000	0.000000	0.000000	0.000000	0.000000	0.000000	0.000000	0.000000	0.000000	0.000000	0.000000	0.000000	0	0.000000	0.000000
70	2026-09-13T03:49:24.844844815Z	70011	loop6	0.000000	0.000000	0.000000	0.000000	0.000000	0.000000	0.000000	0.000000	0.000000	0.000000	0.000000	0.000000	0.000000	0.000000	0.000000	0.000000	0.000000	0	0.000000	0.000000
70	2026-09-13T03:49:24.844844815Z	70011	loop7	0.000000	0.000000	0.000000	0.000000	0.000000	0.000000	0.000000	0.000000	0.000000	0.000000	0.000000	0.000000	0.000000	0.000000	0.000000	0.000000	0.000000	0	0.000000	0.000000
70	2026-09-13T03:49:24.844844815Z	70011	loop8	0.000000	0.000000	0.000000	0.000000	0.000000	0.000000	0.000000	0.000000	0.000000	0.000000	0.000000	0.000000	0.000000	0.000000	0.000000	0.000000	0.000000	0	0.000000	0.000000
70	2026-09-13T03:49:24.844844815Z	70011	loop9	0.000000	0.000000	0.000000	0.000000	0.000000	0.000000	0.000000	0.000000	0.000000	0.000000	0.000000	0.000000	0.000000	0.000000	0.000000	0.000000	0.000000	0	0.000000	0.000000
70	2026-09-13T03:49:24.844844815Z	70011	nvme0n1	0.000000	0.000000	0.000000	0.000000	0.000000	0.000000	0.000000	0.000000	0.000000	0.000000	0.000000	0.000000	0.000000	0.000000	0.000000	0.000000	0.000000	0	0.000000	0.000000
71	2026-09-13T03:49:25.84498362Z	71011	loop0	0.000000	0.000000	0.000000	0.000000	0.000000	0.000000	0.000000	0.000000	0.000000	0.000000	0.000000	0.000000	0.000000	0.000000	0.000000	0.000000	0.000000	0	0.000000	0.000000
71	2026-09-13T03:49:25.84498362Z	71011	loop1	0.000000	0.000000	0.000000	0.000000	0.000000	0.000000	0.000000	0.000000	0.000000	0.000000	0.000000	0.000000	0.000000	0.000000	0.000000	0.000000	0.000000	0	0.000000	0.000000
71	2026-09-13T03:49:25.84498362Z	71011	loop10	0.000000	0.000000	0.000000	0.000000	0.000000	0.000000	0.000000	0.000000	0.000000	0.000000	0.000000	0.000000	0.000000	0.000000	0.000000	0.000000	0.000000	0	0.000000	0.000000
71	2026-09-13T03:49:25.84498362Z	71011	loop11	0.000000	0.000000	0.000000	0.000000	0.000000	0.000000	0.000000	0.000000	0.000000	0.000000	0.000000	0.000000	0.000000	0.000000	0.000000	0.000000	0.000000	0	0.000000	0.000000
71	2026-09-13T03:49:25.84498362Z	71011	loop2	0.000000	0.000000	0.000000	0.000000	0.000000	0.000000	0.000000	0.000000	0.000000	0.000000	0.000000	0.000000	0.000000	0.000000	0.000000	0.000000	0.000000	0	0.000000	0.000000
71	2026-09-13T03:49:25.84498362Z	71011	loop3	0.000000	0.000000	0.000000	0.000000	0.000000	0.000000	0.000000	0.000000	0.000000	0.000000	0.000000	0.000000	0.000000	0.000000	0.000000	0.000000	0.000000	0	0.000000	0.000000
71	2026-09-13T03:49:25.84498362Z	71011	loop4	0.000000	0.000000	0.000000	0.000000	0.000000	0.000000	0.000000	0.000000	0.000000	0.000000	0.000000	0.000000	0.000000	0.000000	0.000000	0.000000	0.000000	0	0.000000	0.000000
71	2026-09-13T03:49:25.84498362Z	71011	loop5	0.000000	0.000000	0.000000	0.000000	0.000000	0.000000	0.000000	0.000000	0.000000	0.000000	0.000000	0.000000	0.000000	0.000000	0.000000	0.000000	0.000000	0	0.000000	0.000000
71	2026-09-13T03:49:25.84498362Z	71011	loop6	0.000000	0.000000	0.000000	0.000000	0.000000	0.000000	0.000000	0.000000	0.000000	0.000000	0.000000	0.000000	0.000000	0.000000	0.000000	0.000000	0.000000	0	0.000000	0.000000
71	2026-09-13T03:49:25.84498362Z	71011	loop7	0.000000	0.000000	0.000000	0.000000	0.000000	0.000000	0.000000	0.000000	0.000000	0.000000	0.000000	0.000000	0.000000	0.000000	0.000000	0.000000	0.000000	0	0.000000	0.000000
71	2026-09-13T03:49:25.84498362Z	71011	loop8	0.000000	0.000000	0.000000	0.000000	0.000000	0.000000	0.000000	0.000000	0.000000	0.000000	0.000000	0.000000	0.000000	0.000000	0.000000	0.000000	0.000000	0	0.000000	0.000000
71	2026-09-13T03:49:25.84498362Z	71011	loop9	0.000000	0.000000	0.000000	0.000000	0.000000	0.000000	0.000000	0.000000	0.000000	0.000000	0.000000	0.000000	0.000000	0.000000	0.000000	0.000000	0.000000	0	0.000000	0.000000
71	2026-09-13T03:49:25.84498362Z	71011	nvme0n1	0.000000	0.000000	0.000000	0.000000	0.000000	0.000000	0.000000	0.000000	0.000000	0.000000	0.000000	0.000000	0.000000	0.000000	0.000000	0.000000	0.000000	0	0.000000	0.000000
72	2026-09-13T03:49:26.844042107Z	72010	loop0	0.000000	0.000000	0.000000	0.000000	0.000000	0.000000	0.000000	0.000000	0.000000	0.000000	0.000000	0.000000	0.000000	0.000000	0.000000	0.000000	0.000000	0	0.000000	0.000000
72	2026-09-13T03:49:26.844042107Z	72010	loop1	0.000000	0.000000	0.000000	0.000000	0.000000	0.000000	0.000000	0.000000	0.000000	0.000000	0.000000	0.000000	0.000000	0.000000	0.000000	0.000000	0.000000	0	0.000000	0.000000
72	2026-09-13T03:49:26.844042107Z	72010	loop10	0.000000	0.000000	0.000000	0.000000	0.000000	0.000000	0.000000	0.000000	0.000000	0.000000	0.000000	0.000000	0.000000	0.000000	0.000000	0.000000	0.000000	0	0.000000	0.000000
72	2026-09-13T03:49:26.844042107Z	72010	loop11	0.000000	0.000000	0.000000	0.000000	0.000000	0.000000	0.000000	0.000000	0.000000	0.000000	0.000000	0.000000	0.000000	0.000000	0.000000	0.000000	0.000000	0	0.000000	0.000000
72	2026-09-13T03:49:26.844042107Z	72010	loop2	0.000000	0.000000	0.000000	0.000000	0.000000	0.000000	0.000000	0.000000	0.000000	0.000000	0.000000	0.000000	0.000000	0.000000	0.000000	0.000000	0.000000	0	0.000000	0.000000
72	2026-09-13T03:49:26.844042107Z	72010	loop3	0.000000	0.000000	0.000000	0.000000	0.000000	0.000000	0.000000	0.000000	0.000000	0.000000	0.000000	0.000000	0.000000	0.000000	0.000000	0.000000	0.000000	0	0.000000	0.000000
72	2026-09-13T03:49:26.844042107Z	72010	loop4	0.000000	0.000000	0.000000	0.000000	0.000000	0.000000	0.000000	0.000000	0.000000	0.000000	0.000000	0.000000	0.000000	0.000000	0.000000	0.000000	0.000000	0	0.000000	0.000000
72	2026-09-13T03:49:26.844042107Z	72010	loop5	0.000000	0.000000	0.000000	0.000000	0.000000	0.000000	0.000000	0.000000	0.000000	0.000000	0.000000	0.000000	0.000000	0.000000	0.000000	0.000000	0.000000	0	0.000000	0.000000
72	2026-09-13T03:49:26.844042107Z	72010	loop6	0.000000	0.000000	0.000000	0.000000	0.000000	0.000000	0.000000	0.000000	0.000000	0.000000	0.000000	0.000000	0.000000	0.000000	0.000000	0.000000	0.000000	0	0.000000	0.000000
72	2026-09-13T03:49:26.844042107Z	72010	loop7	0.000000	0.000000	0.000000	0.000000	0.000000	0.000000	0.000000	0.000000	0.000000	0.000000	0.000000	0.000000	0.000000	0.000000	0.000000	0.000000	0.000000	0	0.000000	0.000000
72	2026-09-13T03:49:26.844042107Z	72010	loop8	0.000000	0.000000	0.000000	0.000000	0.000000	0.000000	0.000000	0.000000	0.000000	0.000000	0.000000	0.000000	0.000000	0.000000	0.000000	0.000000	0.000000	0	0.000000	0.000000
72	2026-09-13T03:49:26.844042107Z	72010	loop9	0.000000	0.000000	0.000000	0.000000	0.000000	0.000000	0.000000	0.000000	0.000000	0.000000	0.000000	0.000000	0.000000	0.000000	0.000000	0.000000	0.000000	0	0.000000	0.000000
72	2026-09-13T03:49:26.844042107Z	72010	nvme0n1	0.000000	0.000000	0.000000	0.000000	0.000000	0.000000	0.000000	0.000000	0.000000	0.000000	0.000000	0.000000	0.000000	0.000000	0.000000	0.000000	0.000000	0	0.000000	0.000000
73	2026-09-13T03:49:27.844281855Z	73011	loop0	0.000000	0.000000	0.000000	0.000000	0.000000	0.000000	0.000000	0.000000	0.000000	0.000000	0.000000	0.000000	0.000000	0.000000	0.000000	0.000000	0.000000	0	0.000000	0.000000
73	2026-09-13T03:49:27.844281855Z	73011	loop1	0.000000	0.000000	0.000000	0.000000	0.000000	0.000000	0.000000	0.000000	0.000000	0.000000	0.000000	0.000000	0.000000	0.000000	0.000000	0.000000	0.000000	0	0.000000	0.000000
73	2026-09-13T03:49:27.844281855Z	73011	loop10	0.000000	0.000000	0.000000	0.000000	0.000000	0.000000	0.000000	0.000000	0.000000	0.000000	0.000000	0.000000	0.000000	0.000000	0.000000	0.000000	0.000000	0	0.000000	0.000000
73	2026-09-13T03:49:27.844281855Z	73011	loop11	0.000000	0.000000	0.000000	0.000000	0.000000	0.000000	0.000000	0.000000	0.000000	0.000000	0.000000	0.000000	0.000000	0.000000	0.000000	0.000000	0.000000	0	0.000000	0.000000
73	2026-09-13T03:49:27.844281855Z	73011	loop2	0.000000	0.000000	0.000000	0.000000	0.000000	0.000000	0.000000	0.000000	0.000000	0.000000	0.000000	0.000000	0.000000	0.000000	0.000000	0.000000	0.000000	0	0.000000	0.000000
73	2026-09-13T03:49:27.844281855Z	73011	loop3	0.000000	0.000000	0.000000	0.000000	0.000000	0.000000	0.000000	0.000000	0.000000	0.000000	0.000000	0.000000	0.000000	0.000000	0.000000	0.000000	0.000000	0	0.000000	0.000000
73	2026-09-13T03:49:27.844281855Z	73011	loop4	0.000000	0.000000	0.000000	0.000000	0.000000	0.000000	0.000000	0.000000	0.000000	0.000000	0.000000	0.000000	0.000000	0.000000	0.000000	0.000000	0.000000	0	0.000000	0.000000
73	2026-09-13T03:49:27.844281855Z	73011	loop5	0.000000	0.000000	0.000000	0.000000	0.000000	0.000000	0.000000	0.000000	0.000000	0.000000	0.000000	0.000000	0.000000	0.000000	0.000000	0.000000	0.000000	0	0.000000	0.000000
73	2026-09-13T03:49:27.844281855Z	73011	loop6	0.000000	0.000000	0.000000	0.000000	0.000000	0.000000	0.000000	0.000000	0.000000	0.000000	0.000000	0.000000	0.000000	0.000000	0.000000	0.000000	0.000000	0	0.000000	0.000000
73	2026-09-13T03:49:27.844281855Z	73011	loop7	0.000000	0.000000	0.000000	0.000000	0.000000	0.000000	0.000000	0.000000	0.000000	0.000000	0.000000	0.000000	0.000000	0.000000	0.000000	0.000000	0.000000	0	0.000000	0.000000
73	2026-09-13T03:49:27.844281855Z	73011	loop8	0.000000	0.000000	0.000000	0.000000	0.000000	0.000000	0.000000	0.000000	0.000000	0.000000	0.000000	0.000000	0.000000	0.000000	0.000000	0.000000	0.000000	0	0.000000	0.000000
73	2026-09-13T03:49:27.844281855Z	73011	loop9	0.000000	0.000000	0.000000	0.000000	0.000000	0.000000	0.000000	0.000000	0.000000	0.000000	0.000000	0.000000	0.000000	0.000000	0.000000	0.000000	0.000000	0	0.000000	0.000000
73	2026-09-13T03:49:27.844281855Z	73011	nvme0n1	0.000000	0.000000	0.000000	0.000000	0.000000	0.000000	0.000000	0.000000	0.000000	0.000000	0.000000	0.000000	0.000000	0.000000	0.000000	0.000000	0.000000	0	0.000000	0.000000
74	2026-09-13T03:49:28.844405305Z	74011	loop0	0.000000	0.000000	0.000000	0.000000	0.000000	0.000000	0.000000	0.000000	0.000000	0.000000	0.000000	0.000000	0.000000	0.000000	0.000000	0.000000	0.000000	0	0.000000	0.000000
74	2026-09-13T03:49:28.844405305Z	74011	loop1	0.000000	0.000000	0.000000	0.000000	0.000000	0.000000	0.000000	0.000000	0.000000	0.000000	0.000000	0.000000	0.000000	0.000000	0.000000	0.000000	0.000000	0	0.000000	0.000000
74	2026-09-13T03:49:28.844405305Z	74011	loop10	0.000000	0.000000	0.000000	0.000000	0.000000	0.000000	0.000000	0.000000	0.000000	0.000000	0.000000	0.000000	0.000000	0.000000	0.000000	0.000000	0.000000	0	0.000000	0.000000
74	2026-09-13T03:49:28.844405305Z	74011	loop11	0.000000	0.000000	0.000000	0.000000	0.000000	0.000000	0.000000	0.000000	0.000000	0.000000	0.000000	0.000000	0.000000	0.000000	0.000000	0.000000	0.000000	0	0.000000	0.000000
74	2026-09-13T03:49:28.844405305Z	74011	loop2	0.000000	0.000000	0.000000	0.000000	0.000000	0.000000	0.000000	0.000000	0.000000	0.000000	0.000000	0.000000	0.000000	0.000000	0.000000	0.000000	0.000000	0	0.000000	0.000000
74	2026-09-13T03:49:28.844405305Z	74011	loop3	0.000000	0.000000	0.000000	0.000000	0.000000	0.000000	0.000000	0.000000	0.000000	0.000000	0.000000	0.000000	0.000000	0.000000	0.000000	0.000000	0.000000	0	0.000000	0.000000
74	2026-09-13T03:49:28.844405305Z	74011	loop4	0.000000	0.000000	0.000000	0.000000	0.000000	0.000000	0.000000	0.000000	0.000000	0.000000	0.000000	0.000000	0.000000	0.000000	0.000000	0.000000	0.000000	0	0.000000	0.000000
74	2026-09-13T03:49:28.844405305Z	74011	loop5	0.000000	0.000000	0.000000	0.000000	0.000000	0.000000	0.000000	0.000000	0.000000	0.000000	0.000000	0.000000	0.000000	0.000000	0.000000	0.000000	0.000000	0	0.000000	0.000000
74	2026-09-13T03:49:28.844405305Z	74011	loop6	0.000000	0.000000	0.000000	0.000000	0.000000	0.000000	0.000000	0.000000	0.000000	0.000000	0.000000	0.000000	0.000000	0.000000	0.000000	0.000000	0.000000	0	0.000000	0.000000
74	2026-09-13T03:49:28.844405305Z	74011	loop7	0.000000	0.000000	0.000000	0.000000	0.000000	0.000000	0.000000	0.000000	0.000000	0.000000	0.000000	0.000000	0.000000	0.000000	0.000000	0.000000	0.000000	0	0.000000	0.000000
74	2026-09-13T03:49:28.844405305Z	74011	loop8	0.000000	0.000000	0.000000	0.000000	0.000000	0.000000	0.000000	0.000000	0.000000	0.000000	0.000000	0.000000	0.000000	0.000000	0.000000	0.000000	0.000000	0	0.000000	0.000000
74	2026-09-13T03:49:28.844405305Z	74011	loop9	0.000000	0.000000	0.000000	0.000000	0.000000	0.000000	0.000000	0.000000	0.000000	0.000000	0.000000	0.000000	0.000000	0.000000	0.000000	0.000000	0.000000	0	0.000000	0.000000
74	2026-09-13T03:49:28.844405305Z	74011	nvme0n1	0.000000	5.999259	0.000000	0.000000	0.000000	0.999877	0.000000	0.000000	28668.460879	0.000000	0.000000	0.833333	0.000000	0.000000	0.000000	4778.666667	0.000000	0	0.799901	0.004999
75	2026-09-13T03:49:29.844071681Z	75010	loop0	0.000000	0.000000	0.000000	0.000000	0.000000	0.000000	0.000000	0.000000	0.000000	0.000000	0.000000	0.000000	0.000000	0.000000	0.000000	0.000000	0.000000	0	0.000000	0.000000
75	2026-09-13T03:49:29.844071681Z	75010	loop1	0.000000	0.000000	0.000000	0.000000	0.000000	0.000000	0.000000	0.000000	0.000000	0.000000	0.000000	0.000000	0.000000	0.000000	0.000000	0.000000	0.000000	0	0.000000	0.000000
75	2026-09-13T03:49:29.844071681Z	75010	loop10	0.000000	0.000000	0.000000	0.000000	0.000000	0.000000	0.000000	0.000000	0.000000	0.000000	0.000000	0.000000	0.000000	0.000000	0.000000	0.000000	0.000000	0	0.000000	0.000000
75	2026-09-13T03:49:29.844071681Z	75010	loop11	0.000000	0.000000	0.000000	0.000000	0.000000	0.000000	0.000000	0.000000	0.000000	0.000000	0.000000	0.000000	0.000000	0.000000	0.000000	0.000000	0.000000	0	0.000000	0.000000
75	2026-09-13T03:49:29.844071681Z	75010	loop2	0.000000	0.000000	0.000000	0.000000	0.000000	0.000000	0.000000	0.000000	0.000000	0.000000	0.000000	0.000000	0.000000	0.000000	0.000000	0.000000	0.000000	0	0.000000	0.000000
75	2026-09-13T03:49:29.844071681Z	75010	loop3	0.000000	0.000000	0.000000	0.000000	0.000000	0.000000	0.000000	0.000000	0.000000	0.000000	0.000000	0.000000	0.000000	0.000000	0.000000	0.000000	0.000000	0	0.000000	0.000000
75	2026-09-13T03:49:29.844071681Z	75010	loop4	0.000000	0.000000	0.000000	0.000000	0.000000	0.000000	0.000000	0.000000	0.000000	0.000000	0.000000	0.000000	0.000000	0.000000	0.000000	0.000000	0.000000	0	0.000000	0.000000
75	2026-09-13T03:49:29.844071681Z	75010	loop5	0.000000	0.000000	0.000000	0.000000	0.000000	0.000000	0.000000	0.000000	0.000000	0.000000	0.000000	0.000000	0.000000	0.000000	0.000000	0.000000	0.000000	0	0.000000	0.000000
75	2026-09-13T03:49:29.844071681Z	75010	loop6	0.000000	0.000000	0.000000	0.000000	0.000000	0.000000	0.000000	0.000000	0.000000	0.000000	0.000000	0.000000	0.000000	0.000000	0.000000	0.000000	0.000000	0	0.000000	0.000000
75	2026-09-13T03:49:29.844071681Z	75010	loop7	0.000000	0.000000	0.000000	0.000000	0.000000	0.000000	0.000000	0.000000	0.000000	0.000000	0.000000	0.000000	0.000000	0.000000	0.000000	0.000000	0.000000	0	0.000000	0.000000
75	2026-09-13T03:49:29.844071681Z	75010	loop8	0.000000	0.000000	0.000000	0.000000	0.000000	0.000000	0.000000	0.000000	0.000000	0.000000	0.000000	0.000000	0.000000	0.000000	0.000000	0.000000	0.000000	0	0.000000	0.000000
75	2026-09-13T03:49:29.844071681Z	75010	loop9	0.000000	0.000000	0.000000	0.000000	0.000000	0.000000	0.000000	0.000000	0.000000	0.000000	0.000000	0.000000	0.000000	0.000000	0.000000	0.000000	0.000000	0	0.000000	0.000000
75	2026-09-13T03:49:29.844071681Z	75010	nvme0n1	0.000000	0.000000	0.000000	0.000000	0.000000	0.000000	0.000000	0.000000	0.000000	0.000000	0.000000	0.000000	0.000000	0.000000	0.000000	0.000000	0.000000	0	0.000000	0.000000
76	2026-09-13T03:49:30.844674448Z	76011	loop0	0.000000	0.000000	0.000000	0.000000	0.000000	0.000000	0.000000	0.000000	0.000000	0.000000	0.000000	0.000000	0.000000	0.000000	0.000000	0.000000	0.000000	0	0.000000	0.000000
76	2026-09-13T03:49:30.844674448Z	76011	loop1	0.000000	0.000000	0.000000	0.000000	0.000000	0.000000	0.000000	0.000000	0.000000	0.000000	0.000000	0.000000	0.000000	0.000000	0.000000	0.000000	0.000000	0	0.000000	0.000000
76	2026-09-13T03:49:30.844674448Z	76011	loop10	0.000000	0.000000	0.000000	0.000000	0.000000	0.000000	0.000000	0.000000	0.000000	0.000000	0.000000	0.000000	0.000000	0.000000	0.000000	0.000000	0.000000	0	0.000000	0.000000
76	2026-09-13T03:49:30.844674448Z	76011	loop11	0.000000	0.000000	0.000000	0.000000	0.000000	0.000000	0.000000	0.000000	0.000000	0.000000	0.000000	0.000000	0.000000	0.000000	0.000000	0.000000	0.000000	0	0.000000	0.000000
76	2026-09-13T03:49:30.844674448Z	76011	loop2	0.000000	0.000000	0.000000	0.000000	0.000000	0.000000	0.000000	0.000000	0.000000	0.000000	0.000000	0.000000	0.000000	0.000000	0.000000	0.000000	0.000000	0	0.000000	0.000000
76	2026-09-13T03:49:30.844674448Z	76011	loop3	0.000000	0.000000	0.000000	0.000000	0.000000	0.000000	0.000000	0.000000	0.000000	0.000000	0.000000	0.000000	0.000000	0.000000	0.000000	0.000000	0.000000	0	0.000000	0.000000
76	2026-09-13T03:49:30.844674448Z	76011	loop4	0.000000	0.000000	0.000000	0.000000	0.000000	0.000000	0.000000	0.000000	0.000000	0.000000	0.000000	0.000000	0.000000	0.000000	0.000000	0.000000	0.000000	0	0.000000	0.000000
76	2026-09-13T03:49:30.844674448Z	76011	loop5	0.000000	0.000000	0.000000	0.000000	0.000000	0.000000	0.000000	0.000000	0.000000	0.000000	0.000000	0.000000	0.000000	0.000000	0.000000	0.000000	0.000000	0	0.000000	0.000000
76	2026-09-13T03:49:30.844674448Z	76011	loop6	0.000000	0.000000	0.000000	0.000000	0.000000	0.000000	0.000000	0.000000	0.000000	0.000000	0.000000	0.000000	0.000000	0.000000	0.000000	0.000000	0.000000	0	0.000000	0.000000
76	2026-09-13T03:49:30.844674448Z	76011	loop7	0.000000	0.000000	0.000000	0.000000	0.000000	0.000000	0.000000	0.000000	0.000000	0.000000	0.000000	0.000000	0.000000	0.000000	0.000000	0.000000	0.000000	0	0.000000	0.000000
76	2026-09-13T03:49:30.844674448Z	76011	loop8	0.000000	0.000000	0.000000	0.000000	0.000000	0.000000	0.000000	0.000000	0.000000	0.000000	0.000000	0.000000	0.000000	0.000000	0.000000	0.000000	0.000000	0	0.000000	0.000000
76	2026-09-13T03:49:30.844674448Z	76011	loop9	0.000000	0.000000	0.000000	0.000000	0.000000	0.000000	0.000000	0.000000	0.000000	0.000000	0.000000	0.000000	0.000000	0.000000	0.000000	0.000000	0.000000	0	0.000000	0.000000
76	2026-09-13T03:49:30.844674448Z	76011	nvme0n1	0.000000	0.000000	0.000000	0.000000	0.000000	0.000000	0.000000	0.000000	0.000000	0.000000	0.000000	0.000000	0.000000	0.000000	0.000000	0.000000	0.000000	0	0.000000	0.000000
77	2026-09-13T03:49:31.844080501Z	77010	loop0	0.000000	0.000000	0.000000	0.000000	0.000000	0.000000	0.000000	0.000000	0.000000	0.000000	0.000000	0.000000	0.000000	0.000000	0.000000	0.000000	0.000000	0	0.000000	0.000000
77	2026-09-13T03:49:31.844080501Z	77010	loop1	0.000000	0.000000	0.000000	0.000000	0.000000	0.000000	0.000000	0.000000	0.000000	0.000000	0.000000	0.000000	0.000000	0.000000	0.000000	0.000000	0.000000	0	0.000000	0.000000
77	2026-09-13T03:49:31.844080501Z	77010	loop10	0.000000	0.000000	0.000000	0.000000	0.000000	0.000000	0.000000	0.000000	0.000000	0.000000	0.000000	0.000000	0.000000	0.000000	0.000000	0.000000	0.000000	0	0.000000	0.000000
77	2026-09-13T03:49:31.844080501Z	77010	loop11	0.000000	0.000000	0.000000	0.000000	0.000000	0.000000	0.000000	0.000000	0.000000	0.000000	0.000000	0.000000	0.000000	0.000000	0.000000	0.000000	0.000000	0	0.000000	0.000000
77	2026-09-13T03:49:31.844080501Z	77010	loop2	0.000000	0.000000	0.000000	0.000000	0.000000	0.000000	0.000000	0.000000	0.000000	0.000000	0.000000	0.000000	0.000000	0.000000	0.000000	0.000000	0.000000	0	0.000000	0.000000
77	2026-09-13T03:49:31.844080501Z	77010	loop3	0.000000	0.000000	0.000000	0.000000	0.000000	0.000000	0.000000	0.000000	0.000000	0.000000	0.000000	0.000000	0.000000	0.000000	0.000000	0.000000	0.000000	0	0.000000	0.000000
77	2026-09-13T03:49:31.844080501Z	77010	loop4	0.000000	0.000000	0.000000	0.000000	0.000000	0.000000	0.000000	0.000000	0.000000	0.000000	0.000000	0.000000	0.000000	0.000000	0.000000	0.000000	0.000000	0	0.000000	0.000000
77	2026-09-13T03:49:31.844080501Z	77010	loop5	0.000000	0.000000	0.000000	0.000000	0.000000	0.000000	0.000000	0.000000	0.000000	0.000000	0.000000	0.000000	0.000000	0.000000	0.000000	0.000000	0.000000	0	0.000000	0.000000
77	2026-09-13T03:49:31.844080501Z	77010	loop6	0.000000	0.000000	0.000000	0.000000	0.000000	0.000000	0.000000	0.000000	0.000000	0.000000	0.000000	0.000000	0.000000	0.000000	0.000000	0.000000	0.000000	0	0.000000	0.000000
77	2026-09-13T03:49:31.844080501Z	77010	loop7	0.000000	0.000000	0.000000	0.000000	0.000000	0.000000	0.000000	0.000000	0.000000	0.000000	0.000000	0.000000	0.000000	0.000000	0.000000	0.000000	0.000000	0	0.000000	0.000000
77	2026-09-13T03:49:31.844080501Z	77010	loop8	0.000000	0.000000	0.000000	0.000000	0.000000	0.000000	0.000000	0.000000	0.000000	0.000000	0.000000	0.000000	0.000000	0.000000	0.000000	0.000000	0.000000	0	0.000000	0.000000
77	2026-09-13T03:49:31.844080501Z	77010	loop9	0.000000	0.000000	0.000000	0.000000	0.000000	0.000000	0.000000	0.000000	0.000000	0.000000	0.000000	0.000000	0.000000	0.000000	0.000000	0.000000	0.000000	0	0.000000	0.000000
77	2026-09-13T03:49:31.844080501Z	77010	nvme0n1	0.000000	0.000000	0.000000	0.000000	0.000000	0.000000	0.000000	0.000000	0.000000	0.000000	0.000000	0.000000	0.000000	0.000000	0.000000	0.000000	0.000000	0	0.000000	0.000000
78	2026-09-13T03:49:32.844724474Z	78011	loop0	0.000000	0.000000	0.000000	0.000000	0.000000	0.000000	0.000000	0.000000	0.000000	0.000000	0.000000	0.000000	0.000000	0.000000	0.000000	0.000000	0.000000	0	0.000000	0.000000
78	2026-09-13T03:49:32.844724474Z	78011	loop1	0.000000	0.000000	0.000000	0.000000	0.000000	0.000000	0.000000	0.000000	0.000000	0.000000	0.000000	0.000000	0.000000	0.000000	0.000000	0.000000	0.000000	0	0.000000	0.000000
78	2026-09-13T03:49:32.844724474Z	78011	loop10	0.000000	0.000000	0.000000	0.000000	0.000000	0.000000	0.000000	0.000000	0.000000	0.000000	0.000000	0.000000	0.000000	0.000000	0.000000	0.000000	0.000000	0	0.000000	0.000000
78	2026-09-13T03:49:32.844724474Z	78011	loop11	0.000000	0.000000	0.000000	0.000000	0.000000	0.000000	0.000000	0.000000	0.000000	0.000000	0.000000	0.000000	0.000000	0.000000	0.000000	0.000000	0.000000	0	0.000000	0.000000
78	2026-09-13T03:49:32.844724474Z	78011	loop2	0.000000	0.000000	0.000000	0.000000	0.000000	0.000000	0.000000	0.000000	0.000000	0.000000	0.000000	0.000000	0.000000	0.000000	0.000000	0.000000	0.000000	0	0.000000	0.000000
78	2026-09-13T03:49:32.844724474Z	78011	loop3	0.000000	0.000000	0.000000	0.000000	0.000000	0.000000	0.000000	0.000000	0.000000	0.000000	0.000000	0.000000	0.000000	0.000000	0.000000	0.000000	0.000000	0	0.000000	0.000000
78	2026-09-13T03:49:32.844724474Z	78011	loop4	0.000000	0.000000	0.000000	0.000000	0.000000	0.000000	0.000000	0.000000	0.000000	0.000000	0.000000	0.000000	0.000000	0.000000	0.000000	0.000000	0.000000	0	0.000000	0.000000
78	2026-09-13T03:49:32.844724474Z	78011	loop5	0.000000	0.000000	0.000000	0.000000	0.000000	0.000000	0.000000	0.000000	0.000000	0.000000	0.000000	0.000000	0.000000	0.000000	0.000000	0.000000	0.000000	0	0.000000	0.000000
78	2026-09-13T03:49:32.844724474Z	78011	loop6	0.000000	0.000000	0.000000	0.000000	0.000000	0.000000	0.000000	0.000000	0.000000	0.000000	0.000000	0.000000	0.000000	0.000000	0.000000	0.000000	0.000000	0	0.000000	0.000000
78	2026-09-13T03:49:32.844724474Z	78011	loop7	0.000000	0.000000	0.000000	0.000000	0.000000	0.000000	0.000000	0.000000	0.000000	0.000000	0.000000	0.000000	0.000000	0.000000	0.000000	0.000000	0.000000	0	0.000000	0.000000
78	2026-09-13T03:49:32.844724474Z	78011	loop8	0.000000	0.000000	0.000000	0.000000	0.000000	0.000000	0.000000	0.000000	0.000000	0.000000	0.000000	0.000000	0.000000	0.000000	0.000000	0.000000	0.000000	0	0.000000	0.000000
78	2026-09-13T03:49:32.844724474Z	78011	loop9	0.000000	0.000000	0.000000	0.000000	0.000000	0.000000	0.000000	0.000000	0.000000	0.000000	0.000000	0.000000	0.000000	0.000000	0.000000	0.000000	0.000000	0	0.000000	0.000000
78	2026-09-13T03:49:32.844724474Z	78011	nvme0n1	0.000000	0.000000	0.000000	0.000000	0.000000	0.000000	0.000000	0.000000	0.000000	0.000000	0.000000	0.000000	0.000000	0.000000	0.000000	0.000000	0.000000	0	0.000000	0.000000
79	2026-09-13T03:49:33.844394409Z	79011	loop0	0.000000	0.000000	0.000000	0.000000	0.000000	0.000000	0.000000	0.000000	0.000000	0.000000	0.000000	0.000000	0.000000	0.000000	0.000000	0.000000	0.000000	0	0.000000	0.000000
79	2026-09-13T03:49:33.844394409Z	79011	loop1	0.000000	0.000000	0.000000	0.000000	0.000000	0.000000	0.000000	0.000000	0.000000	0.000000	0.000000	0.000000	0.000000	0.000000	0.000000	0.000000	0.000000	0	0.000000	0.000000
79	2026-09-13T03:49:33.844394409Z	79011	loop10	0.000000	0.000000	0.000000	0.000000	0.000000	0.000000	0.000000	0.000000	0.000000	0.000000	0.000000	0.000000	0.000000	0.000000	0.000000	0.000000	0.000000	0	0.000000	0.000000
79	2026-09-13T03:49:33.844394409Z	79011	loop11	0.000000	0.000000	0.000000	0.000000	0.000000	0.000000	0.000000	0.000000	0.000000	0.000000	0.000000	0.000000	0.000000	0.000000	0.000000	0.000000	0.000000	0	0.000000	0.000000
79	2026-09-13T03:49:33.844394409Z	79011	loop2	0.000000	0.000000	0.000000	0.000000	0.000000	0.000000	0.000000	0.000000	0.000000	0.000000	0.000000	0.000000	0.000000	0.000000	0.000000	0.000000	0.000000	0	0.000000	0.000000
79	2026-09-13T03:49:33.844394409Z	79011	loop3	0.000000	0.000000	0.000000	0.000000	0.000000	0.000000	0.000000	0.000000	0.000000	0.000000	0.000000	0.000000	0.000000	0.000000	0.000000	0.000000	0.000000	0	0.000000	0.000000
79	2026-09-13T03:49:33.844394409Z	79011	loop4	0.000000	0.000000	0.000000	0.000000	0.000000	0.000000	0.000000	0.000000	0.000000	0.000000	0.000000	0.000000	0.000000	0.000000	0.000000	0.000000	0.000000	0	0.000000	0.000000
79	2026-09-13T03:49:33.844394409Z	79011	loop5	0.000000	0.000000	0.000000	0.000000	0.000000	0.000000	0.000000	0.000000	0.000000	0.000000	0.000000	0.000000	0.000000	0.000000	0.000000	0.000000	0.000000	0	0.000000	0.000000
79	2026-09-13T03:49:33.844394409Z	79011	loop6	0.000000	0.000000	0.000000	0.000000	0.000000	0.000000	0.000000	0.000000	0.000000	0.000000	0.000000	0.000000	0.000000	0.000000	0.000000	0.000000	0.000000	0	0.000000	0.000000
79	2026-09-13T03:49:33.844394409Z	79011	loop7	0.000000	0.000000	0.000000	0.000000	0.000000	0.000000	0.000000	0.000000	0.000000	0.000000	0.000000	0.000000	0.000000	0.000000	0.000000	0.000000	0.000000	0	0.000000	0.000000
79	2026-09-13T03:49:33.844394409Z	79011	loop8	0.000000	0.000000	0.000000	0.000000	0.000000	0.000000	0.000000	0.000000	0.000000	0.000000	0.000000	0.000000	0.000000	0.000000	0.000000	0.000000	0.000000	0	0.000000	0.000000
79	2026-09-13T03:49:33.844394409Z	79011	loop9	0.000000	0.000000	0.000000	0.000000	0.000000	0.000000	0.000000	0.000000	0.000000	0.000000	0.000000	0.000000	0.000000	0.000000	0.000000	0.000000	0.000000	0	0.000000	0.000000
79	2026-09-13T03:49:33.844394409Z	79011	nvme0n1	0.000000	2.000660	0.000000	0.000000	0.000000	1.000330	0.000000	0.000000	12292.057178	0.000000	0.000000	1.000000	0.000000	0.000000	0.000000	6144.000000	0.000000	0	0.400132	0.002001
80	2026-09-13T03:49:34.844065727Z	80010	loop0	0.000000	0.000000	0.000000	0.000000	0.000000	0.000000	0.000000	0.000000	0.000000	0.000000	0.000000	0.000000	0.000000	0.000000	0.000000	0.000000	0.000000	0	0.000000	0.000000
80	2026-09-13T03:49:34.844065727Z	80010	loop1	0.000000	0.000000	0.000000	0.000000	0.000000	0.000000	0.000000	0.000000	0.000000	0.000000	0.000000	0.000000	0.000000	0.000000	0.000000	0.000000	0.000000	0	0.000000	0.000000
80	2026-09-13T03:49:34.844065727Z	80010	loop10	0.000000	0.000000	0.000000	0.000000	0.000000	0.000000	0.000000	0.000000	0.000000	0.000000	0.000000	0.000000	0.000000	0.000000	0.000000	0.000000	0.000000	0	0.000000	0.000000
80	2026-09-13T03:49:34.844065727Z	80010	loop11	0.000000	0.000000	0.000000	0.000000	0.000000	0.000000	0.000000	0.000000	0.000000	0.000000	0.000000	0.000000	0.000000	0.000000	0.000000	0.000000	0.000000	0	0.000000	0.000000
80	2026-09-13T03:49:34.844065727Z	80010	loop2	0.000000	0.000000	0.000000	0.000000	0.000000	0.000000	0.000000	0.000000	0.000000	0.000000	0.000000	0.000000	0.000000	0.000000	0.000000	0.000000	0.000000	0	0.000000	0.000000
80	2026-09-13T03:49:34.844065727Z	80010	loop3	0.000000	0.000000	0.000000	0.000000	0.000000	0.000000	0.000000	0.000000	0.000000	0.000000	0.000000	0.000000	0.000000	0.000000	0.000000	0.000000	0.000000	0	0.000000	0.000000
80	2026-09-13T03:49:34.844065727Z	80010	loop4	0.000000	0.000000	0.000000	0.000000	0.000000	0.000000	0.000000	0.000000	0.000000	0.000000	0.000000	0.000000	0.000000	0.000000	0.000000	0.000000	0.000000	0	0.000000	0.000000
80	2026-09-13T03:49:34.844065727Z	80010	loop5	0.000000	0.000000	0.000000	0.000000	0.000000	0.000000	0.000000	0.000000	0.000000	0.000000	0.000000	0.000000	0.000000	0.000000	0.000000	0.000000	0.000000	0	0.000000	0.000000
80	2026-09-13T03:49:34.844065727Z	80010	loop6	0.000000	0.000000	0.000000	0.000000	0.000000	0.000000	0.000000	0.000000	0.000000	0.000000	0.000000	0.000000	0.000000	0.000000	0.000000	0.000000	0.000000	0	0.000000	0.000000
80	2026-09-13T03:49:34.844065727Z	80010	loop7	0.000000	0.000000	0.000000	0.000000	0.000000	0.000000	0.000000	0.000000	0.000000	0.000000	0.000000	0.000000	0.000000	0.000000	0.000000	0.000000	0.000000	0	0.000000	0.000000
80	2026-09-13T03:49:34.844065727Z	80010	loop8	0.000000	0.000000	0.000000	0.000000	0.000000	0.000000	0.000000	0.000000	0.000000	0.000000	0.000000	0.000000	0.000000	0.000000	0.000000	0.000000	0.000000	0	0.000000	0.000000
80	2026-09-13T03:49:34.844065727Z	80010	loop9	0.000000	0.000000	0.000000	0.000000	0.000000	0.000000	0.000000	0.000000	0.000000	0.000000	0.000000	0.000000	0.000000	0.000000	0.000000	0.000000	0.000000	0	0.000000	0.000000
80	2026-09-13T03:49:34.844065727Z	80010	nvme0n1	0.000000	0.000000	0.000000	0.000000	0.000000	0.000000	0.000000	0.000000	0.000000	0.000000	0.000000	0.000000	0.000000	0.000000	0.000000	0.000000	0.000000	0	0.000000	0.000000
81	2026-09-13T03:49:35.844040372Z	81010	loop0	0.000000	0.000000	0.000000	0.000000	0.000000	0.000000	0.000000	0.000000	0.000000	0.000000	0.000000	0.000000	0.000000	0.000000	0.000000	0.000000	0.000000	0	0.000000	0.000000
81	2026-09-13T03:49:35.844040372Z	81010	loop1	0.000000	0.000000	0.000000	0.000000	0.000000	0.000000	0.000000	0.000000	0.000000	0.000000	0.000000	0.000000	0.000000	0.000000	0.000000	0.000000	0.000000	0	0.000000	0.000000
81	2026-09-13T03:49:35.844040372Z	81010	loop10	0.000000	0.000000	0.000000	0.000000	0.000000	0.000000	0.000000	0.000000	0.000000	0.000000	0.000000	0.000000	0.000000	0.000000	0.000000	0.000000	0.000000	0	0.000000	0.000000
81	2026-09-13T03:49:35.844040372Z	81010	loop11	0.000000	0.000000	0.000000	0.000000	0.000000	0.000000	0.000000	0.000000	0.000000	0.000000	0.000000	0.000000	0.000000	0.000000	0.000000	0.000000	0.000000	0	0.000000	0.000000
81	2026-09-13T03:49:35.844040372Z	81010	loop2	0.000000	0.000000	0.000000	0.000000	0.000000	0.000000	0.000000	0.000000	0.000000	0.000000	0.000000	0.000000	0.000000	0.000000	0.000000	0.000000	0.000000	0	0.000000	0.000000
81	2026-09-13T03:49:35.844040372Z	81010	loop3	0.000000	0.000000	0.000000	0.000000	0.000000	0.000000	0.000000	0.000000	0.000000	0.000000	0.000000	0.000000	0.000000	0.000000	0.000000	0.000000	0.000000	0	0.000000	0.000000
81	2026-09-13T03:49:35.844040372Z	81010	loop4	0.000000	0.000000	0.000000	0.000000	0.000000	0.000000	0.000000	0.000000	0.000000	0.000000	0.000000	0.000000	0.000000	0.000000	0.000000	0.000000	0.000000	0	0.000000	0.000000
81	2026-09-13T03:49:35.844040372Z	81010	loop5	0.000000	0.000000	0.000000	0.000000	0.000000	0.000000	0.000000	0.000000	0.000000	0.000000	0.000000	0.000000	0.000000	0.000000	0.000000	0.000000	0.000000	0	0.000000	0.000000
81	2026-09-13T03:49:35.844040372Z	81010	loop6	0.000000	0.000000	0.000000	0.000000	0.000000	0.000000	0.000000	0.000000	0.000000	0.000000	0.000000	0.000000	0.000000	0.000000	0.000000	0.000000	0.000000	0	0.000000	0.000000
81	2026-09-13T03:49:35.844040372Z	81010	loop7	0.000000	0.000000	0.000000	0.000000	0.000000	0.000000	0.000000	0.000000	0.000000	0.000000	0.000000	0.000000	0.000000	0.000000	0.000000	0.000000	0.000000	0	0.000000	0.000000
81	2026-09-13T03:49:35.844040372Z	81010	loop8	0.000000	0.000000	0.000000	0.000000	0.000000	0.000000	0.000000	0.000000	0.000000	0.000000	0.000000	0.000000	0.000000	0.000000	0.000000	0.000000	0.000000	0	0.000000	0.000000
81	2026-09-13T03:49:35.844040372Z	81010	loop9	0.000000	0.000000	0.000000	0.000000	0.000000	0.000000	0.000000	0.000000	0.000000	0.000000	0.000000	0.000000	0.000000	0.000000	0.000000	0.000000	0.000000	0	0.000000	0.000000
81	2026-09-13T03:49:35.844040372Z	81010	nvme0n1	0.000000	0.000000	0.000000	0.000000	0.000000	0.000000	0.000000	0.000000	0.000000	0.000000	0.000000	0.000000	0.000000	0.000000	0.000000	0.000000	0.000000	0	0.000000	0.000000
82	2026-09-13T03:49:36.844458244Z	82011	loop0	0.000000	0.000000	0.000000	0.000000	0.000000	0.000000	0.000000	0.000000	0.000000	0.000000	0.000000	0.000000	0.000000	0.000000	0.000000	0.000000	0.000000	0	0.000000	0.000000
82	2026-09-13T03:49:36.844458244Z	82011	loop1	0.000000	0.000000	0.000000	0.000000	0.000000	0.000000	0.000000	0.000000	0.000000	0.000000	0.000000	0.000000	0.000000	0.000000	0.000000	0.000000	0.000000	0	0.000000	0.000000
82	2026-09-13T03:49:36.844458244Z	82011	loop10	0.000000	0.000000	0.000000	0.000000	0.000000	0.000000	0.000000	0.000000	0.000000	0.000000	0.000000	0.000000	0.000000	0.000000	0.000000	0.000000	0.000000	0	0.000000	0.000000
82	2026-09-13T03:49:36.844458244Z	82011	loop11	0.000000	0.000000	0.000000	0.000000	0.000000	0.000000	0.000000	0.000000	0.000000	0.000000	0.000000	0.000000	0.000000	0.000000	0.000000	0.000000	0.000000	0	0.000000	0.000000
82	2026-09-13T03:49:36.844458244Z	82011	loop2	0.000000	0.000000	0.000000	0.000000	0.000000	0.000000	0.000000	0.000000	0.000000	0.000000	0.000000	0.000000	0.000000	0.000000	0.000000	0.000000	0.000000	0	0.000000	0.000000
82	2026-09-13T03:49:36.844458244Z	82011	loop3	0.000000	0.000000	0.000000	0.000000	0.000000	0.000000	0.000000	0.000000	0.000000	0.000000	0.000000	0.000000	0.000000	0.000000	0.000000	0.000000	0.000000	0	0.000000	0.000000
82	2026-09-13T03:49:36.844458244Z	82011	loop4	0.000000	0.000000	0.000000	0.000000	0.000000	0.000000	0.000000	0.000000	0.000000	0.000000	0.000000	0.000000	0.000000	0.000000	0.000000	0.000000	0.000000	0	0.000000	0.000000
82	2026-09-13T03:49:36.844458244Z	82011	loop5	0.000000	0.000000	0.000000	0.000000	0.000000	0.000000	0.000000	0.000000	0.000000	0.000000	0.000000	0.000000	0.000000	0.000000	0.000000	0.000000	0.000000	0	0.000000	0.000000
82	2026-09-13T03:49:36.844458244Z	82011	loop6	0.000000	0.000000	0.000000	0.000000	0.000000	0.000000	0.000000	0.000000	0.000000	0.000000	0.000000	0.000000	0.000000	0.000000	0.000000	0.000000	0.000000	0	0.000000	0.000000
82	2026-09-13T03:49:36.844458244Z	82011	loop7	0.000000	0.000000	0.000000	0.000000	0.000000	0.000000	0.000000	0.000000	0.000000	0.000000	0.000000	0.000000	0.000000	0.000000	0.000000	0.000000	0.000000	0	0.000000	0.000000
82	2026-09-13T03:49:36.844458244Z	82011	loop8	0.000000	0.000000	0.000000	0.000000	0.000000	0.000000	0.000000	0.000000	0.000000	0.000000	0.000000	0.000000	0.000000	0.000000	0.000000	0.000000	0.000000	0	0.000000	0.000000
82	2026-09-13T03:49:36.844458244Z	82011	loop9	0.000000	0.000000	0.000000	0.000000	0.000000	0.000000	0.000000	0.000000	0.000000	0.000000	0.000000	0.000000	0.000000	0.000000	0.000000	0.000000	0.000000	0	0.000000	0.000000
82	2026-09-13T03:49:36.844458244Z	82011	nvme0n1	0.000000	0.000000	0.000000	0.000000	0.000000	0.000000	0.000000	0.000000	0.000000	0.000000	0.000000	0.000000	0.000000	0.000000	0.000000	0.000000	0.000000	0	0.000000	0.000000
83	2026-09-13T03:49:37.844175269Z	83011	loop0	0.000000	0.000000	0.000000	0.000000	0.000000	0.000000	0.000000	0.000000	0.000000	0.000000	0.000000	0.000000	0.000000	0.000000	0.000000	0.000000	0.000000	0	0.000000	0.000000
83	2026-09-13T03:49:37.844175269Z	83011	loop1	0.000000	0.000000	0.000000	0.000000	0.000000	0.000000	0.000000	0.000000	0.000000	0.000000	0.000000	0.000000	0.000000	0.000000	0.000000	0.000000	0.000000	0	0.000000	0.000000
83	2026-09-13T03:49:37.844175269Z	83011	loop10	0.000000	0.000000	0.000000	0.000000	0.000000	0.000000	0.000000	0.000000	0.000000	0.000000	0.000000	0.000000	0.000000	0.000000	0.000000	0.000000	0.000000	0	0.000000	0.000000
83	2026-09-13T03:49:37.844175269Z	83011	loop11	0.000000	0.000000	0.000000	0.000000	0.000000	0.000000	0.000000	0.000000	0.000000	0.000000	0.000000	0.000000	0.000000	0.000000	0.000000	0.000000	0.000000	0	0.000000	0.000000
83	2026-09-13T03:49:37.844175269Z	83011	loop2	0.000000	0.000000	0.000000	0.000000	0.000000	0.000000	0.000000	0.000000	0.000000	0.000000	0.000000	0.000000	0.000000	0.000000	0.000000	0.000000	0.000000	0	0.000000	0.000000
83	2026-09-13T03:49:37.844175269Z	83011	loop3	0.000000	0.000000	0.000000	0.000000	0.000000	0.000000	0.000000	0.000000	0.000000	0.000000	0.000000	0.000000	0.000000	0.000000	0.000000	0.000000	0.000000	0	0.000000	0.000000
83	2026-09-13T03:49:37.844175269Z	83011	loop4	0.000000	0.000000	0.000000	0.000000	0.000000	0.000000	0.000000	0.000000	0.000000	0.000000	0.000000	0.000000	0.000000	0.000000	0.000000	0.000000	0.000000	0	0.000000	0.000000
83	2026-09-13T03:49:37.844175269Z	83011	loop5	0.000000	0.000000	0.000000	0.000000	0.000000	0.000000	0.000000	0.000000	0.000000	0.000000	0.000000	0.000000	0.000000	0.000000	0.000000	0.000000	0.000000	0	0.000000	0.000000
83	2026-09-13T03:49:37.844175269Z	83011	loop6	0.000000	0.000000	0.000000	0.000000	0.000000	0.000000	0.000000	0.000000	0.000000	0.000000	0.000000	0.000000	0.000000	0.000000	0.000000	0.000000	0.000000	0	0.000000	0.000000
83	2026-09-13T03:49:37.844175269Z	83011	loop7	0.000000	0.000000	0.000000	0.000000	0.000000	0.000000	0.000000	0.000000	0.000000	0.000000	0.000000	0.000000	0.000000	0.000000	0.000000	0.000000	0.000000	0	0.000000	0.000000
83	2026-09-13T03:49:37.844175269Z	83011	loop8	0.000000	0.000000	0.000000	0.000000	0.000000	0.000000	0.000000	0.000000	0.000000	0.000000	0.000000	0.000000	0.000000	0.000000	0.000000	0.000000	0.000000	0	0.000000	0.000000
83	2026-09-13T03:49:37.844175269Z	83011	loop9	0.000000	0.000000	0.000000	0.000000	0.000000	0.000000	0.000000	0.000000	0.000000	0.000000	0.000000	0.000000	0.000000	0.000000	0.000000	0.000000	0.000000	0	0.000000	0.000000
83	2026-09-13T03:49:37.844175269Z	83011	nvme0n1	0.000000	0.000000	0.000000	0.000000	0.000000	0.000000	0.000000	0.000000	0.000000	0.000000	0.000000	0.000000	0.000000	0.000000	0.000000	0.000000	0.000000	0	0.000000	0.000000
84	2026-09-13T03:49:38.844710352Z	84011	loop0	0.000000	0.000000	0.000000	0.000000	0.000000	0.000000	0.000000	0.000000	0.000000	0.000000	0.000000	0.000000	0.000000	0.000000	0.000000	0.000000	0.000000	0	0.000000	0.000000
84	2026-09-13T03:49:38.844710352Z	84011	loop1	0.000000	0.000000	0.000000	0.000000	0.000000	0.000000	0.000000	0.000000	0.000000	0.000000	0.000000	0.000000	0.000000	0.000000	0.000000	0.000000	0.000000	0	0.000000	0.000000
84	2026-09-13T03:49:38.844710352Z	84011	loop10	0.000000	0.000000	0.000000	0.000000	0.000000	0.000000	0.000000	0.000000	0.000000	0.000000	0.000000	0.000000	0.000000	0.000000	0.000000	0.000000	0.000000	0	0.000000	0.000000
84	2026-09-13T03:49:38.844710352Z	84011	loop11	0.000000	0.000000	0.000000	0.000000	0.000000	0.000000	0.000000	0.000000	0.000000	0.000000	0.000000	0.000000	0.000000	0.000000	0.000000	0.000000	0.000000	0	0.000000	0.000000
84	2026-09-13T03:49:38.844710352Z	84011	loop2	0.000000	0.000000	0.000000	0.000000	0.000000	0.000000	0.000000	0.000000	0.000000	0.000000	0.000000	0.000000	0.000000	0.000000	0.000000	0.000000	0.000000	0	0.000000	0.000000
84	2026-09-13T03:49:38.844710352Z	84011	loop3	0.000000	0.000000	0.000000	0.000000	0.000000	0.000000	0.000000	0.000000	0.000000	0.000000	0.000000	0.000000	0.000000	0.000000	0.000000	0.000000	0.000000	0	0.000000	0.000000
84	2026-09-13T03:49:38.844710352Z	84011	loop4	0.000000	0.000000	0.000000	0.000000	0.000000	0.000000	0.000000	0.000000	0.000000	0.000000	0.000000	0.000000	0.000000	0.000000	0.000000	0.000000	0.000000	0	0.000000	0.000000
84	2026-09-13T03:49:38.844710352Z	84011	loop5	0.000000	0.000000	0.000000	0.000000	0.000000	0.000000	0.000000	0.000000	0.000000	0.000000	0.000000	0.000000	0.000000	0.000000	0.000000	0.000000	0.000000	0	0.000000	0.000000
84	2026-09-13T03:49:38.844710352Z	84011	loop6	0.000000	0.000000	0.000000	0.000000	0.000000	0.000000	0.000000	0.000000	0.000000	0.000000	0.000000	0.000000	0.000000	0.000000	0.000000	0.000000	0.000000	0	0.000000	0.000000
84	2026-09-13T03:49:38.844710352Z	84011	loop7	0.000000	0.000000	0.000000	0.000000	0.000000	0.000000	0.000000	0.000000	0.000000	0.000000	0.000000	0.000000	0.000000	0.000000	0.000000	0.000000	0.000000	0	0.000000	0.000000
84	2026-09-13T03:49:38.844710352Z	84011	loop8	0.000000	0.000000	0.000000	0.000000	0.000000	0.000000	0.000000	0.000000	0.000000	0.000000	0.000000	0.000000	0.000000	0.000000	0.000000	0.000000	0.000000	0	0.000000	0.000000
84	2026-09-13T03:49:38.844710352Z	84011	loop9	0.000000	0.000000	0.000000	0.000000	0.000000	0.000000	0.000000	0.000000	0.000000	0.000000	0.000000	0.000000	0.000000	0.000000	0.000000	0.000000	0.000000	0	0.000000	0.000000
84	2026-09-13T03:49:38.844710352Z	84011	nvme0n1	0.000000	1.998930	0.000000	0.000000	0.000000	0.999465	0.000000	0.000000	12281.428294	0.000000	0.000000	1.000000	0.000000	0.000000	0.000000	6144.000000	0.000000	0	0.399786	0.000999
85	2026-09-13T03:49:39.844074314Z	85010	loop0	0.000000	0.000000	0.000000	0.000000	0.000000	0.000000	0.000000	0.000000	0.000000	0.000000	0.000000	0.000000	0.000000	0.000000	0.000000	0.000000	0.000000	0	0.000000	0.000000
85	2026-09-13T03:49:39.844074314Z	85010	loop1	0.000000	0.000000	0.000000	0.000000	0.000000	0.000000	0.000000	0.000000	0.000000	0.000000	0.000000	0.000000	0.000000	0.000000	0.000000	0.000000	0.000000	0	0.000000	0.000000
85	2026-09-13T03:49:39.844074314Z	85010	loop10	0.000000	0.000000	0.000000	0.000000	0.000000	0.000000	0.000000	0.000000	0.000000	0.000000	0.000000	0.000000	0.000000	0.000000	0.000000	0.000000	0.000000	0	0.000000	0.000000
85	2026-09-13T03:49:39.844074314Z	85010	loop11	0.000000	0.000000	0.000000	0.000000	0.000000	0.000000	0.000000	0.000000	0.000000	0.000000	0.000000	0.000000	0.000000	0.000000	0.000000	0.000000	0.000000	0	0.000000	0.000000
85	2026-09-13T03:49:39.844074314Z	85010	loop2	0.000000	0.000000	0.000000	0.000000	0.000000	0.000000	0.000000	0.000000	0.000000	0.000000	0.000000	0.000000	0.000000	0.000000	0.000000	0.000000	0.000000	0	0.000000	0.000000
85	2026-09-13T03:49:39.844074314Z	85010	loop3	0.000000	0.000000	0.000000	0.000000	0.000000	0.000000	0.000000	0.000000	0.000000	0.000000	0.000000	0.000000	0.000000	0.000000	0.000000	0.000000	0.000000	0	0.000000	0.000000
85	2026-09-13T03:49:39.844074314Z	85010	loop4	0.000000	0.000000	0.000000	0.000000	0.000000	0.000000	0.000000	0.000000	0.000000	0.000000	0.000000	0.000000	0.000000	0.000000	0.000000	0.000000	0.000000	0	0.000000	0.000000
85	2026-09-13T03:49:39.844074314Z	85010	loop5	0.000000	0.000000	0.000000	0.000000	0.000000	0.000000	0.000000	0.000000	0.000000	0.000000	0.000000	0.000000	0.000000	0.000000	0.000000	0.000000	0.000000	0	0.000000	0.000000
85	2026-09-13T03:49:39.844074314Z	85010	loop6	0.000000	0.000000	0.000000	0.000000	0.000000	0.000000	0.000000	0.000000	0.000000	0.000000	0.000000	0.000000	0.000000	0.000000	0.000000	0.000000	0.000000	0	0.000000	0.000000
85	2026-09-13T03:49:39.844074314Z	85010	loop7	0.000000	0.000000	0.000000	0.000000	0.000000	0.000000	0.000000	0.000000	0.000000	0.000000	0.000000	0.000000	0.000000	0.000000	0.000000	0.000000	0.000000	0	0.000000	0.000000
85	2026-09-13T03:49:39.844074314Z	85010	loop8	0.000000	0.000000	0.000000	0.000000	0.000000	0.000000	0.000000	0.000000	0.000000	0.000000	0.000000	0.000000	0.000000	0.000000	0.000000	0.000000	0.000000	0	0.000000	0.000000
85	2026-09-13T03:49:39.844074314Z	85010	loop9	0.000000	0.000000	0.000000	0.000000	0.000000	0.000000	0.000000	0.000000	0.000000	0.000000	0.000000	0.000000	0.000000	0.000000	0.000000	0.000000	0.000000	0	0.000000	0.000000
85	2026-09-13T03:49:39.844074314Z	85010	nvme0n1	0.000000	0.000000	0.000000	0.000000	0.000000	0.000000	0.000000	0.000000	0.000000	0.000000	0.000000	0.000000	0.000000	0.000000	0.000000	0.000000	0.000000	0	0.000000	0.000000
86	2026-09-13T03:49:40.844072815Z	86010	loop0	0.000000	0.000000	0.000000	0.000000	0.000000	0.000000	0.000000	0.000000	0.000000	0.000000	0.000000	0.000000	0.000000	0.000000	0.000000	0.000000	0.000000	0	0.000000	0.000000
86	2026-09-13T03:49:40.844072815Z	86010	loop1	0.000000	0.000000	0.000000	0.000000	0.000000	0.000000	0.000000	0.000000	0.000000	0.000000	0.000000	0.000000	0.000000	0.000000	0.000000	0.000000	0.000000	0	0.000000	0.000000
86	2026-09-13T03:49:40.844072815Z	86010	loop10	0.000000	0.000000	0.000000	0.000000	0.000000	0.000000	0.000000	0.000000	0.000000	0.000000	0.000000	0.000000	0.000000	0.000000	0.000000	0.000000	0.000000	0	0.000000	0.000000
86	2026-09-13T03:49:40.844072815Z	86010	loop11	0.000000	0.000000	0.000000	0.000000	0.000000	0.000000	0.000000	0.000000	0.000000	0.000000	0.000000	0.000000	0.000000	0.000000	0.000000	0.000000	0.000000	0	0.000000	0.000000
86	2026-09-13T03:49:40.844072815Z	86010	loop2	0.000000	0.000000	0.000000	0.000000	0.000000	0.000000	0.000000	0.000000	0.000000	0.000000	0.000000	0.000000	0.000000	0.000000	0.000000	0.000000	0.000000	0	0.000000	0.000000
86	2026-09-13T03:49:40.844072815Z	86010	loop3	0.000000	0.000000	0.000000	0.000000	0.000000	0.000000	0.000000	0.000000	0.000000	0.000000	0.000000	0.000000	0.000000	0.000000	0.000000	0.000000	0.000000	0	0.000000	0.000000
86	2026-09-13T03:49:40.844072815Z	86010	loop4	0.000000	0.000000	0.000000	0.000000	0.000000	0.000000	0.000000	0.000000	0.000000	0.000000	0.000000	0.000000	0.000000	0.000000	0.000000	0.000000	0.000000	0	0.000000	0.000000
86	2026-09-13T03:49:40.844072815Z	86010	loop5	0.000000	0.000000	0.000000	0.000000	0.000000	0.000000	0.000000	0.000000	0.000000	0.000000	0.000000	0.000000	0.000000	0.000000	0.000000	0.000000	0.000000	0	0.000000	0.000000
86	2026-09-13T03:49:40.844072815Z	86010	loop6	0.000000	0.000000	0.000000	0.000000	0.000000	0.000000	0.000000	0.000000	0.000000	0.000000	0.000000	0.000000	0.000000	0.000000	0.000000	0.000000	0.000000	0	0.000000	0.000000
86	2026-09-13T03:49:40.844072815Z	86010	loop7	0.000000	0.000000	0.000000	0.000000	0.000000	0.000000	0.000000	0.000000	0.000000	0.000000	0.000000	0.000000	0.000000	0.000000	0.000000	0.000000	0.000000	0	0.000000	0.000000
86	2026-09-13T03:49:40.844072815Z	86010	loop8	0.000000	0.000000	0.000000	0.000000	0.000000	0.000000	0.000000	0.000000	0.000000	0.000000	0.000000	0.000000	0.000000	0.000000	0.000000	0.000000	0.000000	0	0.000000	0.000000
86	2026-09-13T03:49:40.844072815Z	86010	loop9	0.000000	0.000000	0.000000	0.000000	0.000000	0.000000	0.000000	0.000000	0.000000	0.000000	0.000000	0.000000	0.000000	0.000000	0.000000	0.000000	0.000000	0	0.000000	0.000000
86	2026-09-13T03:49:40.844072815Z	86010	nvme0n1	0.000000	0.000000	0.000000	0.000000	0.000000	0.000000	0.000000	0.000000	0.000000	0.000000	0.000000	0.000000	0.000000	0.000000	0.000000	0.000000	0.000000	0	0.000000	0.000000
87	2026-09-13T03:49:41.844141824Z	87011	loop0	0.000000	0.000000	0.000000	0.000000	0.000000	0.000000	0.000000	0.000000	0.000000	0.000000	0.000000	0.000000	0.000000	0.000000	0.000000	0.000000	0.000000	0	0.000000	0.000000
87	2026-09-13T03:49:41.844141824Z	87011	loop1	0.000000	0.000000	0.000000	0.000000	0.000000	0.000000	0.000000	0.000000	0.000000	0.000000	0.000000	0.000000	0.000000	0.000000	0.000000	0.000000	0.000000	0	0.000000	0.000000
87	2026-09-13T03:49:41.844141824Z	87011	loop10	0.000000	0.000000	0.000000	0.000000	0.000000	0.000000	0.000000	0.000000	0.000000	0.000000	0.000000	0.000000	0.000000	0.000000	0.000000	0.000000	0.000000	0	0.000000	0.000000
87	2026-09-13T03:49:41.844141824Z	87011	loop11	0.000000	0.000000	0.000000	0.000000	0.000000	0.000000	0.000000	0.000000	0.000000	0.000000	0.000000	0.000000	0.000000	0.000000	0.000000	0.000000	0.000000	0	0.000000	0.000000
87	2026-09-13T03:49:41.844141824Z	87011	loop2	0.000000	0.000000	0.000000	0.000000	0.000000	0.000000	0.000000	0.000000	0.000000	0.000000	0.000000	0.000000	0.000000	0.000000	0.000000	0.000000	0.000000	0	0.000000	0.000000
87	2026-09-13T03:49:41.844141824Z	87011	loop3	0.000000	0.000000	0.000000	0.000000	0.000000	0.000000	0.000000	0.000000	0.000000	0.000000	0.000000	0.000000	0.000000	0.000000	0.000000	0.000000	0.000000	0	0.000000	0.000000
87	2026-09-13T03:49:41.844141824Z	87011	loop4	0.000000	0.000000	0.000000	0.000000	0.000000	0.000000	0.000000	0.000000	0.000000	0.000000	0.000000	0.000000	0.000000	0.000000	0.000000	0.000000	0.000000	0	0.000000	0.000000
87	2026-09-13T03:49:41.844141824Z	87011	loop5	0.000000	0.000000	0.000000	0.000000	0.000000	0.000000	0.000000	0.000000	0.000000	0.000000	0.000000	0.000000	0.000000	0.000000	0.000000	0.000000	0.000000	0	0.000000	0.000000
87	2026-09-13T03:49:41.844141824Z	87011	loop6	0.000000	0.000000	0.000000	0.000000	0.000000	0.000000	0.000000	0.000000	0.000000	0.000000	0.000000	0.000000	0.000000	0.000000	0.000000	0.000000	0.000000	0	0.000000	0.000000
87	2026-09-13T03:49:41.844141824Z	87011	loop7	0.000000	0.000000	0.000000	0.000000	0.000000	0.000000	0.000000	0.000000	0.000000	0.000000	0.000000	0.000000	0.000000	0.000000	0.000000	0.000000	0.000000	0	0.000000	0.000000
87	2026-09-13T03:49:41.844141824Z	87011	loop8	0.000000	0.000000	0.000000	0.000000	0.000000	0.000000	0.000000	0.000000	0.000000	0.000000	0.000000	0.000000	0.000000	0.000000	0.000000	0.000000	0.000000	0	0.000000	0.000000
87	2026-09-13T03:49:41.844141824Z	87011	loop9	0.000000	0.000000	0.000000	0.000000	0.000000	0.000000	0.000000	0.000000	0.000000	0.000000	0.000000	0.000000	0.000000	0.000000	0.000000	0.000000	0.000000	0	0.000000	0.000000
87	2026-09-13T03:49:41.844141824Z	87011	nvme0n1	0.000000	0.000000	0.000000	0.000000	0.000000	0.000000	0.000000	0.000000	0.000000	0.000000	0.000000	0.000000	0.000000	0.000000	0.000000	0.000000	0.000000	0	0.000000	0.000000
88	2026-09-13T03:49:42.844836946Z	88011	loop0	0.000000	0.000000	0.000000	0.000000	0.000000	0.000000	0.000000	0.000000	0.000000	0.000000	0.000000	0.000000	0.000000	0.000000	0.000000	0.000000	0.000000	0	0.000000	0.000000
88	2026-09-13T03:49:42.844836946Z	88011	loop1	0.000000	0.000000	0.000000	0.000000	0.000000	0.000000	0.000000	0.000000	0.000000	0.000000	0.000000	0.000000	0.000000	0.000000	0.000000	0.000000	0.000000	0	0.000000	0.000000
88	2026-09-13T03:49:42.844836946Z	88011	loop10	0.000000	0.000000	0.000000	0.000000	0.000000	0.000000	0.000000	0.000000	0.000000	0.000000	0.000000	0.000000	0.000000	0.000000	0.000000	0.000000	0.000000	0	0.000000	0.000000
88	2026-09-13T03:49:42.844836946Z	88011	loop11	0.000000	0.000000	0.000000	0.000000	0.000000	0.000000	0.000000	0.000000	0.000000	0.000000	0.000000	0.000000	0.000000	0.000000	0.000000	0.000000	0.000000	0	0.000000	0.000000
88	2026-09-13T03:49:42.844836946Z	88011	loop2	0.000000	0.000000	0.000000	0.000000	0.000000	0.000000	0.000000	0.000000	0.000000	0.000000	0.000000	0.000000	0.000000	0.000000	0.000000	0.000000	0.000000	0	0.000000	0.000000
88	2026-09-13T03:49:42.844836946Z	88011	loop3	0.000000	0.000000	0.000000	0.000000	0.000000	0.000000	0.000000	0.000000	0.000000	0.000000	0.000000	0.000000	0.000000	0.000000	0.000000	0.000000	0.000000	0	0.000000	0.000000
88	2026-09-13T03:49:42.844836946Z	88011	loop4	0.000000	0.000000	0.000000	0.000000	0.000000	0.000000	0.000000	0.000000	0.000000	0.000000	0.000000	0.000000	0.000000	0.000000	0.000000	0.000000	0.000000	0	0.000000	0.000000
88	2026-09-13T03:49:42.844836946Z	88011	loop5	0.000000	0.000000	0.000000	0.000000	0.000000	0.000000	0.000000	0.000000	0.000000	0.000000	0.000000	0.000000	0.000000	0.000000	0.000000	0.000000	0.000000	0	0.000000	0.000000
88	2026-09-13T03:49:42.844836946Z	88011	loop6	0.000000	0.000000	0.000000	0.000000	0.000000	0.000000	0.000000	0.000000	0.000000	0.000000	0.000000	0.000000	0.000000	0.000000	0.000000	0.000000	0.000000	0	0.000000	0.000000
88	2026-09-13T03:49:42.844836946Z	88011	loop7	0.000000	0.000000	0.000000	0.000000	0.000000	0.000000	0.000000	0.000000	0.000000	0.000000	0.000000	0.000000	0.000000	0.000000	0.000000	0.000000	0.000000	0	0.000000	0.000000
88	2026-09-13T03:49:42.844836946Z	88011	loop8	0.000000	0.000000	0.000000	0.000000	0.000000	0.000000	0.000000	0.000000	0.000000	0.000000	0.000000	0.000000	0.000000	0.000000	0.000000	0.000000	0.000000	0	0.000000	0.000000
88	2026-09-13T03:49:42.844836946Z	88011	loop9	0.000000	0.000000	0.000000	0.000000	0.000000	0.000000	0.000000	0.000000	0.000000	0.000000	0.000000	0.000000	0.000000	0.000000	0.000000	0.000000	0.000000	0	0.000000	0.000000
88	2026-09-13T03:49:42.844836946Z	88011	nvme0n1	0.000000	0.000000	0.000000	0.000000	0.000000	0.000000	0.000000	0.000000	0.000000	0.000000	0.000000	0.000000	0.000000	0.000000	0.000000	0.000000	0.000000	0	0.000000	0.000000
89	2026-09-13T03:49:43.844556233Z	89011	loop0	0.000000	0.000000	0.000000	0.000000	0.000000	0.000000	0.000000	0.000000	0.000000	0.000000	0.000000	0.000000	0.000000	0.000000	0.000000	0.000000	0.000000	0	0.000000	0.000000
89	2026-09-13T03:49:43.844556233Z	89011	loop1	0.000000	0.000000	0.000000	0.000000	0.000000	0.000000	0.000000	0.000000	0.000000	0.000000	0.000000	0.000000	0.000000	0.000000	0.000000	0.000000	0.000000	0	0.000000	0.000000
89	2026-09-13T03:49:43.844556233Z	89011	loop10	0.000000	0.000000	0.000000	0.000000	0.000000	0.000000	0.000000	0.000000	0.000000	0.000000	0.000000	0.000000	0.000000	0.000000	0.000000	0.000000	0.000000	0	0.000000	0.000000
89	2026-09-13T03:49:43.844556233Z	89011	loop11	0.000000	0.000000	0.000000	0.000000	0.000000	0.000000	0.000000	0.000000	0.000000	0.000000	0.000000	0.000000	0.000000	0.000000	0.000000	0.000000	0.000000	0	0.000000	0.000000
89	2026-09-13T03:49:43.844556233Z	89011	loop2	0.000000	0.000000	0.000000	0.000000	0.000000	0.000000	0.000000	0.000000	0.000000	0.000000	0.000000	0.000000	0.000000	0.000000	0.000000	0.000000	0.000000	0	0.000000	0.000000
89	2026-09-13T03:49:43.844556233Z	89011	loop3	0.000000	0.000000	0.000000	0.000000	0.000000	0.000000	0.000000	0.000000	0.000000	0.000000	0.000000	0.000000	0.000000	0.000000	0.000000	0.000000	0.000000	0	0.000000	0.000000
89	2026-09-13T03:49:43.844556233Z	89011	loop4	0.000000	0.000000	0.000000	0.000000	0.000000	0.000000	0.000000	0.000000	0.000000	0.000000	0.000000	0.000000	0.000000	0.000000	0.000000	0.000000	0.000000	0	0.000000	0.000000
89	2026-09-13T03:49:43.844556233Z	89011	loop5	0.000000	0.000000	0.000000	0.000000	0.000000	0.000000	0.000000	0.000000	0.000000	0.000000	0.000000	0.000000	0.000000	0.000000	0.000000	0.000000	0.000000	0	0.000000	0.000000
89	2026-09-13T03:49:43.844556233Z	89011	loop6	0.000000	0.000000	0.000000	0.000000	0.000000	0.000000	0.000000	0.000000	0.000000	0.000000	0.000000	0.000000	0.000000	0.000000	0.000000	0.000000	0.000000	0	0.000000	0.000000
89	2026-09-13T03:49:43.844556233Z	89011	loop7	0.000000	0.000000	0.000000	0.000000	0.000000	0.000000	0.000000	0.000000	0.000000	0.000000	0.000000	0.000000	0.000000	0.000000	0.000000	0.000000	0.000000	0	0.000000	0.000000
89	2026-09-13T03:49:43.844556233Z	89011	loop8	0.000000	0.000000	0.000000	0.000000	0.000000	0.000000	0.000000	0.000000	0.000000	0.000000	0.000000	0.000000	0.000000	0.000000	0.000000	0.000000	0.000000	0	0.000000	0.000000
89	2026-09-13T03:49:43.844556233Z	89011	loop9	0.000000	0.000000	0.000000	0.000000	0.000000	0.000000	0.000000	0.000000	0.000000	0.000000	0.000000	0.000000	0.000000	0.000000	0.000000	0.000000	0.000000	0	0.000000	0.000000
89	2026-09-13T03:49:43.844556233Z	89011	nvme0n1	0.000000	2.000562	0.000000	0.000000	0.000000	1.000281	0.000000	0.000000	12291.450370	0.000000	0.000000	1.000000	0.000000	0.000000	0.000000	6144.000000	0.000000	0	0.800225	0.002001
90	2026-09-13T03:49:44.844075465Z	90010	loop0	0.000000	0.000000	0.000000	0.000000	0.000000	0.000000	0.000000	0.000000	0.000000	0.000000	0.000000	0.000000	0.000000	0.000000	0.000000	0.000000	0.000000	0	0.000000	0.000000
90	2026-09-13T03:49:44.844075465Z	90010	loop1	0.000000	0.000000	0.000000	0.000000	0.000000	0.000000	0.000000	0.000000	0.000000	0.000000	0.000000	0.000000	0.000000	0.000000	0.000000	0.000000	0.000000	0	0.000000	0.000000
90	2026-09-13T03:49:44.844075465Z	90010	loop10	0.000000	0.000000	0.000000	0.000000	0.000000	0.000000	0.000000	0.000000	0.000000	0.000000	0.000000	0.000000	0.000000	0.000000	0.000000	0.000000	0.000000	0	0.000000	0.000000
90	2026-09-13T03:49:44.844075465Z	90010	loop11	0.000000	0.000000	0.000000	0.000000	0.000000	0.000000	0.000000	0.000000	0.000000	0.000000	0.000000	0.000000	0.000000	0.000000	0.000000	0.000000	0.000000	0	0.000000	0.000000
90	2026-09-13T03:49:44.844075465Z	90010	loop2	0.000000	0.000000	0.000000	0.000000	0.000000	0.000000	0.000000	0.000000	0.000000	0.000000	0.000000	0.000000	0.000000	0.000000	0.000000	0.000000	0.000000	0	0.000000	0.000000
90	2026-09-13T03:49:44.844075465Z	90010	loop3	0.000000	0.000000	0.000000	0.000000	0.000000	0.000000	0.000000	0.000000	0.000000	0.000000	0.000000	0.000000	0.000000	0.000000	0.000000	0.000000	0.000000	0	0.000000	0.000000
90	2026-09-13T03:49:44.844075465Z	90010	loop4	0.000000	0.000000	0.000000	0.000000	0.000000	0.000000	0.000000	0.000000	0.000000	0.000000	0.000000	0.000000	0.000000	0.000000	0.000000	0.000000	0.000000	0	0.000000	0.000000
90	2026-09-13T03:49:44.844075465Z	90010	loop5	0.000000	0.000000	0.000000	0.000000	0.000000	0.000000	0.000000	0.000000	0.000000	0.000000	0.000000	0.000000	0.000000	0.000000	0.000000	0.000000	0.000000	0	0.000000	0.000000
90	2026-09-13T03:49:44.844075465Z	90010	loop6	0.000000	0.000000	0.000000	0.000000	0.000000	0.000000	0.000000	0.000000	0.000000	0.000000	0.000000	0.000000	0.000000	0.000000	0.000000	0.000000	0.000000	0	0.000000	0.000000
90	2026-09-13T03:49:44.844075465Z	90010	loop7	0.000000	0.000000	0.000000	0.000000	0.000000	0.000000	0.000000	0.000000	0.000000	0.000000	0.000000	0.000000	0.000000	0.000000	0.000000	0.000000	0.000000	0	0.000000	0.000000
90	2026-09-13T03:49:44.844075465Z	90010	loop8	0.000000	0.000000	0.000000	0.000000	0.000000	0.000000	0.000000	0.000000	0.000000	0.000000	0.000000	0.000000	0.000000	0.000000	0.000000	0.000000	0.000000	0	0.000000	0.000000
90	2026-09-13T03:49:44.844075465Z	90010	loop9	0.000000	0.000000	0.000000	0.000000	0.000000	0.000000	0.000000	0.000000	0.000000	0.000000	0.000000	0.000000	0.000000	0.000000	0.000000	0.000000	0.000000	0	0.000000	0.000000
90	2026-09-13T03:49:44.844075465Z	90010	nvme0n1	0.000000	0.000000	0.000000	0.000000	0.000000	0.000000	0.000000	0.000000	0.000000	0.000000	0.000000	0.000000	0.000000	0.000000	0.000000	0.000000	0.000000	0	0.000000	0.000000
91	2026-09-13T03:49:45.844072393Z	91010	loop0	0.000000	0.000000	0.000000	0.000000	0.000000	0.000000	0.000000	0.000000	0.000000	0.000000	0.000000	0.000000	0.000000	0.000000	0.000000	0.000000	0.000000	0	0.000000	0.000000
91	2026-09-13T03:49:45.844072393Z	91010	loop1	0.000000	0.000000	0.000000	0.000000	0.000000	0.000000	0.000000	0.000000	0.000000	0.000000	0.000000	0.000000	0.000000	0.000000	0.000000	0.000000	0.000000	0	0.000000	0.000000
91	2026-09-13T03:49:45.844072393Z	91010	loop10	0.000000	0.000000	0.000000	0.000000	0.000000	0.000000	0.000000	0.000000	0.000000	0.000000	0.000000	0.000000	0.000000	0.000000	0.000000	0.000000	0.000000	0	0.000000	0.000000
91	2026-09-13T03:49:45.844072393Z	91010	loop11	0.000000	0.000000	0.000000	0.000000	0.000000	0.000000	0.000000	0.000000	0.000000	0.000000	0.000000	0.000000	0.000000	0.000000	0.000000	0.000000	0.000000	0	0.000000	0.000000
91	2026-09-13T03:49:45.844072393Z	91010	loop2	0.000000	0.000000	0.000000	0.000000	0.000000	0.000000	0.000000	0.000000	0.000000	0.000000	0.000000	0.000000	0.000000	0.000000	0.000000	0.000000	0.000000	0	0.000000	0.000000
91	2026-09-13T03:49:45.844072393Z	91010	loop3	0.000000	0.000000	0.000000	0.000000	0.000000	0.000000	0.000000	0.000000	0.000000	0.000000	0.000000	0.000000	0.000000	0.000000	0.000000	0.000000	0.000000	0	0.000000	0.000000
91	2026-09-13T03:49:45.844072393Z	91010	loop4	0.000000	0.000000	0.000000	0.000000	0.000000	0.000000	0.000000	0.000000	0.000000	0.000000	0.000000	0.000000	0.000000	0.000000	0.000000	0.000000	0.000000	0	0.000000	0.000000
91	2026-09-13T03:49:45.844072393Z	91010	loop5	0.000000	0.000000	0.000000	0.000000	0.000000	0.000000	0.000000	0.000000	0.000000	0.000000	0.000000	0.000000	0.000000	0.000000	0.000000	0.000000	0.000000	0	0.000000	0.000000
91	2026-09-13T03:49:45.844072393Z	91010	loop6	0.000000	0.000000	0.000000	0.000000	0.000000	0.000000	0.000000	0.000000	0.000000	0.000000	0.000000	0.000000	0.000000	0.000000	0.000000	0.000000	0.000000	0	0.000000	0.000000
91	2026-09-13T03:49:45.844072393Z	91010	loop7	0.000000	0.000000	0.000000	0.000000	0.000000	0.000000	0.000000	0.000000	0.000000	0.000000	0.000000	0.000000	0.000000	0.000000	0.000000	0.000000	0.000000	0	0.000000	0.000000
91	2026-09-13T03:49:45.844072393Z	91010	loop8	0.000000	0.000000	0.000000	0.000000	0.000000	0.000000	0.000000	0.000000	0.000000	0.000000	0.000000	0.000000	0.000000	0.000000	0.000000	0.000000	0.000000	0	0.000000	0.000000
91	2026-09-13T03:49:45.844072393Z	91010	loop9	0.000000	0.000000	0.000000	0.000000	0.000000	0.000000	0.000000	0.000000	0.000000	0.000000	0.000000	0.000000	0.000000	0.000000	0.000000	0.000000	0.000000	0	0.000000	0.000000
91	2026-09-13T03:49:45.844072393Z	91010	nvme0n1	0.000000	0.000000	0.000000	0.000000	0.000000	0.000000	0.000000	0.000000	0.000000	0.000000	0.000000	0.000000	0.000000	0.000000	0.000000	0.000000	0.000000	0	0.000000	0.000000
92	2026-09-13T03:49:46.844695759Z	92011	loop0	0.000000	0.000000	0.000000	0.000000	0.000000	0.000000	0.000000	0.000000	0.000000	0.000000	0.000000	0.000000	0.000000	0.000000	0.000000	0.000000	0.000000	0	0.000000	0.000000
92	2026-09-13T03:49:46.844695759Z	92011	loop1	0.000000	0.000000	0.000000	0.000000	0.000000	0.000000	0.000000	0.000000	0.000000	0.000000	0.000000	0.000000	0.000000	0.000000	0.000000	0.000000	0.000000	0	0.000000	0.000000
92	2026-09-13T03:49:46.844695759Z	92011	loop10	0.000000	0.000000	0.000000	0.000000	0.000000	0.000000	0.000000	0.000000	0.000000	0.000000	0.000000	0.000000	0.000000	0.000000	0.000000	0.000000	0.000000	0	0.000000	0.000000
92	2026-09-13T03:49:46.844695759Z	92011	loop11	0.000000	0.000000	0.000000	0.000000	0.000000	0.000000	0.000000	0.000000	0.000000	0.000000	0.000000	0.000000	0.000000	0.000000	0.000000	0.000000	0.000000	0	0.000000	0.000000
92	2026-09-13T03:49:46.844695759Z	92011	loop2	0.000000	0.000000	0.000000	0.000000	0.000000	0.000000	0.000000	0.000000	0.000000	0.000000	0.000000	0.000000	0.000000	0.000000	0.000000	0.000000	0.000000	0	0.000000	0.000000
92	2026-09-13T03:49:46.844695759Z	92011	loop3	0.000000	0.000000	0.000000	0.000000	0.000000	0.000000	0.000000	0.000000	0.000000	0.000000	0.000000	0.000000	0.000000	0.000000	0.000000	0.000000	0.000000	0	0.000000	0.000000
92	2026-09-13T03:49:46.844695759Z	92011	loop4	0.000000	0.000000	0.000000	0.000000	0.000000	0.000000	0.000000	0.000000	0.000000	0.000000	0.000000	0.000000	0.000000	0.000000	0.000000	0.000000	0.000000	0	0.000000	0.000000
92	2026-09-13T03:49:46.844695759Z	92011	loop5	0.000000	0.000000	0.000000	0.000000	0.000000	0.000000	0.000000	0.000000	0.000000	0.000000	0.000000	0.000000	0.000000	0.000000	0.000000	0.000000	0.000000	0	0.000000	0.000000
92	2026-09-13T03:49:46.844695759Z	92011	loop6	0.000000	0.000000	0.000000	0.000000	0.000000	0.000000	0.000000	0.000000	0.000000	0.000000	0.000000	0.000000	0.000000	0.000000	0.000000	0.000000	0.000000	0	0.000000	0.000000
92	2026-09-13T03:49:46.844695759Z	92011	loop7	0.000000	0.000000	0.000000	0.000000	0.000000	0.000000	0.000000	0.000000	0.000000	0.000000	0.000000	0.000000	0.000000	0.000000	0.000000	0.000000	0.000000	0	0.000000	0.000000
92	2026-09-13T03:49:46.844695759Z	92011	loop8	0.000000	0.000000	0.000000	0.000000	0.000000	0.000000	0.000000	0.000000	0.000000	0.000000	0.000000	0.000000	0.000000	0.000000	0.000000	0.000000	0.000000	0	0.000000	0.000000
92	2026-09-13T03:49:46.844695759Z	92011	loop9	0.000000	0.000000	0.000000	0.000000	0.000000	0.000000	0.000000	0.000000	0.000000	0.000000	0.000000	0.000000	0.000000	0.000000	0.000000	0.000000	0.000000	0	0.000000	0.000000
92	2026-09-13T03:49:46.844695759Z	92011	nvme0n1	0.000000	0.000000	0.000000	0.000000	0.000000	0.000000	0.000000	0.000000	0.000000	0.000000	0.000000	0.000000	0.000000	0.000000	0.000000	0.000000	0.000000	0	0.000000	0.000000
93	2026-09-13T03:49:47.84441785Z	93011	loop0	0.000000	0.000000	0.000000	0.000000	0.000000	0.000000	0.000000	0.000000	0.000000	0.000000	0.000000	0.000000	0.000000	0.000000	0.000000	0.000000	0.000000	0	0.000000	0.000000
93	2026-09-13T03:49:47.84441785Z	93011	loop1	0.000000	0.000000	0.000000	0.000000	0.000000	0.000000	0.000000	0.000000	0.000000	0.000000	0.000000	0.000000	0.000000	0.000000	0.000000	0.000000	0.000000	0	0.000000	0.000000
93	2026-09-13T03:49:47.84441785Z	93011	loop10	0.000000	0.000000	0.000000	0.000000	0.000000	0.000000	0.000000	0.000000	0.000000	0.000000	0.000000	0.000000	0.000000	0.000000	0.000000	0.000000	0.000000	0	0.000000	0.000000
93	2026-09-13T03:49:47.84441785Z	93011	loop11	0.000000	0.000000	0.000000	0.000000	0.000000	0.000000	0.000000	0.000000	0.000000	0.000000	0.000000	0.000000	0.000000	0.000000	0.000000	0.000000	0.000000	0	0.000000	0.000000
93	2026-09-13T03:49:47.84441785Z	93011	loop2	0.000000	0.000000	0.000000	0.000000	0.000000	0.000000	0.000000	0.000000	0.000000	0.000000	0.000000	0.000000	0.000000	0.000000	0.000000	0.000000	0.000000	0	0.000000	0.000000
93	2026-09-13T03:49:47.84441785Z	93011	loop3	0.000000	0.000000	0.000000	0.000000	0.000000	0.000000	0.000000	0.000000	0.000000	0.000000	0.000000	0.000000	0.000000	0.000000	0.000000	0.000000	0.000000	0	0.000000	0.000000
93	2026-09-13T03:49:47.84441785Z	93011	loop4	0.000000	0.000000	0.000000	0.000000	0.000000	0.000000	0.000000	0.000000	0.000000	0.000000	0.000000	0.000000	0.000000	0.000000	0.000000	0.000000	0.000000	0	0.000000	0.000000
93	2026-09-13T03:49:47.84441785Z	93011	loop5	0.000000	0.000000	0.000000	0.000000	0.000000	0.000000	0.000000	0.000000	0.000000	0.000000	0.000000	0.000000	0.000000	0.000000	0.000000	0.000000	0.000000	0	0.000000	0.000000
93	2026-09-13T03:49:47.84441785Z	93011	loop6	0.000000	0.000000	0.000000	0.000000	0.000000	0.000000	0.000000	0.000000	0.000000	0.000000	0.000000	0.000000	0.000000	0.000000	0.000000	0.000000	0.000000	0	0.000000	0.000000
93	2026-09-13T03:49:47.84441785Z	93011	loop7	0.000000	0.000000	0.000000	0.000000	0.000000	0.000000	0.000000	0.000000	0.000000	0.000000	0.000000	0.000000	0.000000	0.000000	0.000000	0.000000	0.000000	0	0.000000	0.000000
93	2026-09-13T03:49:47.84441785Z	93011	loop8	0.000000	0.000000	0.000000	0.000000	0.000000	0.000000	0.000000	0.000000	0.000000	0.000000	0.000000	0.000000	0.000000	0.000000	0.000000	0.000000	0.000000	0	0.000000	0.000000
93	2026-09-13T03:49:47.84441785Z	93011	loop9	0.000000	0.000000	0.000000	0.000000	0.000000	0.000000	0.000000	0.000000	0.000000	0.000000	0.000000	0.000000	0.000000	0.000000	0.000000	0.000000	0.000000	0	0.000000	0.000000
93	2026-09-13T03:49:47.84441785Z	93011	nvme0n1	0.000000	0.000000	0.000000	0.000000	0.000000	0.000000	0.000000	0.000000	0.000000	0.000000	0.000000	0.000000	0.000000	0.000000	0.000000	0.000000	0.000000	0	0.000000	0.000000
94	2026-09-13T03:49:48.844058565Z	94010	loop0	0.000000	0.000000	0.000000	0.000000	0.000000	0.000000	0.000000	0.000000	0.000000	0.000000	0.000000	0.000000	0.000000	0.000000	0.000000	0.000000	0.000000	0	0.000000	0.000000
94	2026-09-13T03:49:48.844058565Z	94010	loop1	0.000000	0.000000	0.000000	0.000000	0.000000	0.000000	0.000000	0.000000	0.000000	0.000000	0.000000	0.000000	0.000000	0.000000	0.000000	0.000000	0.000000	0	0.000000	0.000000
94	2026-09-13T03:49:48.844058565Z	94010	loop10	0.000000	0.000000	0.000000	0.000000	0.000000	0.000000	0.000000	0.000000	0.000000	0.000000	0.000000	0.000000	0.000000	0.000000	0.000000	0.000000	0.000000	0	0.000000	0.000000
94	2026-09-13T03:49:48.844058565Z	94010	loop11	0.000000	0.000000	0.000000	0.000000	0.000000	0.000000	0.000000	0.000000	0.000000	0.000000	0.000000	0.000000	0.000000	0.000000	0.000000	0.000000	0.000000	0	0.000000	0.000000
94	2026-09-13T03:49:48.844058565Z	94010	loop2	0.000000	0.000000	0.000000	0.000000	0.000000	0.000000	0.000000	0.000000	0.000000	0.000000	0.000000	0.000000	0.000000	0.000000	0.000000	0.000000	0.000000	0	0.000000	0.000000
94	2026-09-13T03:49:48.844058565Z	94010	loop3	0.000000	0.000000	0.000000	0.000000	0.000000	0.000000	0.000000	0.000000	0.000000	0.000000	0.000000	0.000000	0.000000	0.000000	0.000000	0.000000	0.000000	0	0.000000	0.000000
94	2026-09-13T03:49:48.844058565Z	94010	loop4	0.000000	0.000000	0.000000	0.000000	0.000000	0.000000	0.000000	0.000000	0.000000	0.000000	0.000000	0.000000	0.000000	0.000000	0.000000	0.000000	0.000000	0	0.000000	0.000000
94	2026-09-13T03:49:48.844058565Z	94010	loop5	0.000000	0.000000	0.000000	0.000000	0.000000	0.000000	0.000000	0.000000	0.000000	0.000000	0.000000	0.000000	0.000000	0.000000	0.000000	0.000000	0.000000	0	0.000000	0.000000
94	2026-09-13T03:49:48.844058565Z	94010	loop6	0.000000	0.000000	0.000000	0.000000	0.000000	0.000000	0.000000	0.000000	0.000000	0.000000	0.000000	0.000000	0.000000	0.000000	0.000000	0.000000	0.000000	0	0.000000	0.000000
94	2026-09-13T03:49:48.844058565Z	94010	loop7	0.000000	0.000000	0.000000	0.000000	0.000000	0.000000	0.000000	0.000000	0.000000	0.000000	0.000000	0.000000	0.000000	0.000000	0.000000	0.000000	0.000000	0	0.000000	0.000000
94	2026-09-13T03:49:48.844058565Z	94010	loop8	0.000000	0.000000	0.000000	0.000000	0.000000	0.000000	0.000000	0.000000	0.000000	0.000000	0.000000	0.000000	0.000000	0.000000	0.000000	0.000000	0.000000	0	0.000000	0.000000
94	2026-09-13T03:49:48.844058565Z	94010	loop9	0.000000	0.000000	0.000000	0.000000	0.000000	0.000000	0.000000	0.000000	0.000000	0.000000	0.000000	0.000000	0.000000	0.000000	0.000000	0.000000	0.000000	0	0.000000	0.000000
94	2026-09-13T03:49:48.844058565Z	94010	nvme0n1	0.000000	2.000718	0.000000	0.000000	0.000000	1.000359	0.000000	0.000000	12292.412878	0.000000	0.000000	1.000000	0.000000	0.000000	0.000000	6144.000000	0.000000	0	0.400144	0.002001
95	2026-09-13T03:49:49.844679288Z	95011	loop0	0.000000	0.000000	0.000000	0.000000	0.000000	0.000000	0.000000	0.000000	0.000000	0.000000	0.000000	0.000000	0.000000	0.000000	0.000000	0.000000	0.000000	0	0.000000	0.000000
95	2026-09-13T03:49:49.844679288Z	95011	loop1	0.000000	0.000000	0.000000	0.000000	0.000000	0.000000	0.000000	0.000000	0.000000	0.000000	0.000000	0.000000	0.000000	0.000000	0.000000	0.000000	0.000000	0	0.000000	0.000000
95	2026-09-13T03:49:49.844679288Z	95011	loop10	0.000000	0.000000	0.000000	0.000000	0.000000	0.000000	0.000000	0.000000	0.000000	0.000000	0.000000	0.000000	0.000000	0.000000	0.000000	0.000000	0.000000	0	0.000000	0.000000
95	2026-09-13T03:49:49.844679288Z	95011	loop11	0.000000	0.000000	0.000000	0.000000	0.000000	0.000000	0.000000	0.000000	0.000000	0.000000	0.000000	0.000000	0.000000	0.000000	0.000000	0.000000	0.000000	0	0.000000	0.000000
95	2026-09-13T03:49:49.844679288Z	95011	loop2	0.000000	0.000000	0.000000	0.000000	0.000000	0.000000	0.000000	0.000000	0.000000	0.000000	0.000000	0.000000	0.000000	0.000000	0.000000	0.000000	0.000000	0	0.000000	0.000000
95	2026-09-13T03:49:49.844679288Z	95011	loop3	0.000000	0.000000	0.000000	0.000000	0.000000	0.000000	0.000000	0.000000	0.000000	0.000000	0.000000	0.000000	0.000000	0.000000	0.000000	0.000000	0.000000	0	0.000000	0.000000
95	2026-09-13T03:49:49.844679288Z	95011	loop4	0.000000	0.000000	0.000000	0.000000	0.000000	0.000000	0.000000	0.000000	0.000000	0.000000	0.000000	0.000000	0.000000	0.000000	0.000000	0.000000	0.000000	0	0.000000	0.000000
95	2026-09-13T03:49:49.844679288Z	95011	loop5	0.000000	0.000000	0.000000	0.000000	0.000000	0.000000	0.000000	0.000000	0.000000	0.000000	0.000000	0.000000	0.000000	0.000000	0.000000	0.000000	0.000000	0	0.000000	0.000000
95	2026-09-13T03:49:49.844679288Z	95011	loop6	0.000000	0.000000	0.000000	0.000000	0.000000	0.000000	0.000000	0.000000	0.000000	0.000000	0.000000	0.000000	0.000000	0.000000	0.000000	0.000000	0.000000	0	0.000000	0.000000
95	2026-09-13T03:49:49.844679288Z	95011	loop7	0.000000	0.000000	0.000000	0.000000	0.000000	0.000000	0.000000	0.000000	0.000000	0.000000	0.000000	0.000000	0.000000	0.000000	0.000000	0.000000	0.000000	0	0.000000	0.000000
95	2026-09-13T03:49:49.844679288Z	95011	loop8	0.000000	0.000000	0.000000	0.000000	0.000000	0.000000	0.000000	0.000000	0.000000	0.000000	0.000000	0.000000	0.000000	0.000000	0.000000	0.000000	0.000000	0	0.000000	0.000000
95	2026-09-13T03:49:49.844679288Z	95011	loop9	0.000000	0.000000	0.000000	0.000000	0.000000	0.000000	0.000000	0.000000	0.000000	0.000000	0.000000	0.000000	0.000000	0.000000	0.000000	0.000000	0.000000	0	0.000000	0.000000
95	2026-09-13T03:49:49.844679288Z	95011	nvme0n1	0.000000	0.000000	0.000000	0.000000	0.000000	0.000000	0.000000	0.000000	0.000000	0.000000	0.000000	0.000000	0.000000	0.000000	0.000000	0.000000	0.000000	0	0.000000	0.000000
96	2026-09-13T03:49:50.844073987Z	96010	loop0	0.000000	0.000000	0.000000	0.000000	0.000000	0.000000	0.000000	0.000000	0.000000	0.000000	0.000000	0.000000	0.000000	0.000000	0.000000	0.000000	0.000000	0	0.000000	0.000000
96	2026-09-13T03:49:50.844073987Z	96010	loop1	0.000000	0.000000	0.000000	0.000000	0.000000	0.000000	0.000000	0.000000	0.000000	0.000000	0.000000	0.000000	0.000000	0.000000	0.000000	0.000000	0.000000	0	0.000000	0.000000
96	2026-09-13T03:49:50.844073987Z	96010	loop10	0.000000	0.000000	0.000000	0.000000	0.000000	0.000000	0.000000	0.000000	0.000000	0.000000	0.000000	0.000000	0.000000	0.000000	0.000000	0.000000	0.000000	0	0.000000	0.000000
96	2026-09-13T03:49:50.844073987Z	96010	loop11	0.000000	0.000000	0.000000	0.000000	0.000000	0.000000	0.000000	0.000000	0.000000	0.000000	0.000000	0.000000	0.000000	0.000000	0.000000	0.000000	0.000000	0	0.000000	0.000000
96	2026-09-13T03:49:50.844073987Z	96010	loop2	0.000000	0.000000	0.000000	0.000000	0.000000	0.000000	0.000000	0.000000	0.000000	0.000000	0.000000	0.000000	0.000000	0.000000	0.000000	0.000000	0.000000	0	0.000000	0.000000
96	2026-09-13T03:49:50.844073987Z	96010	loop3	0.000000	0.000000	0.000000	0.000000	0.000000	0.000000	0.000000	0.000000	0.000000	0.000000	0.000000	0.000000	0.000000	0.000000	0.000000	0.000000	0.000000	0	0.000000	0.000000
96	2026-09-13T03:49:50.844073987Z	96010	loop4	0.000000	0.000000	0.000000	0.000000	0.000000	0.000000	0.000000	0.000000	0.000000	0.000000	0.000000	0.000000	0.000000	0.000000	0.000000	0.000000	0.000000	0	0.000000	0.000000
96	2026-09-13T03:49:50.844073987Z	96010	loop5	0.000000	0.000000	0.000000	0.000000	0.000000	0.000000	0.000000	0.000000	0.000000	0.000000	0.000000	0.000000	0.000000	0.000000	0.000000	0.000000	0.000000	0	0.000000	0.000000
96	2026-09-13T03:49:50.844073987Z	96010	loop6	0.000000	0.000000	0.000000	0.000000	0.000000	0.000000	0.000000	0.000000	0.000000	0.000000	0.000000	0.000000	0.000000	0.000000	0.000000	0.000000	0.000000	0	0.000000	0.000000
96	2026-09-13T03:49:50.844073987Z	96010	loop7	0.000000	0.000000	0.000000	0.000000	0.000000	0.000000	0.000000	0.000000	0.000000	0.000000	0.000000	0.000000	0.000000	0.000000	0.000000	0.000000	0.000000	0	0.000000	0.000000
96	2026-09-13T03:49:50.844073987Z	96010	loop8	0.000000	0.000000	0.000000	0.000000	0.000000	0.000000	0.000000	0.000000	0.000000	0.000000	0.000000	0.000000	0.000000	0.000000	0.000000	0.000000	0.000000	0	0.000000	0.000000
96	2026-09-13T03:49:50.844073987Z	96010	loop9	0.000000	0.000000	0.000000	0.000000	0.000000	0.000000	0.000000	0.000000	0.000000	0.000000	0.000000	0.000000	0.000000	0.000000	0.000000	0.000000	0.000000	0	0.000000	0.000000
96	2026-09-13T03:49:50.844073987Z	96010	nvme0n1	0.000000	0.000000	0.000000	0.000000	0.000000	0.000000	0.000000	0.000000	0.000000	0.000000	0.000000	0.000000	0.000000	0.000000	0.000000	0.000000	0.000000	0	0.000000	0.000000
97	2026-09-13T03:49:51.844840902Z	97011	loop0	0.000000	0.000000	0.000000	0.000000	0.000000	0.000000	0.000000	0.000000	0.000000	0.000000	0.000000	0.000000	0.000000	0.000000	0.000000	0.000000	0.000000	0	0.000000	0.000000
97	2026-09-13T03:49:51.844840902Z	97011	loop1	0.000000	0.000000	0.000000	0.000000	0.000000	0.000000	0.000000	0.000000	0.000000	0.000000	0.000000	0.000000	0.000000	0.000000	0.000000	0.000000	0.000000	0	0.000000	0.000000
97	2026-09-13T03:49:51.844840902Z	97011	loop10	0.000000	0.000000	0.000000	0.000000	0.000000	0.000000	0.000000	0.000000	0.000000	0.000000	0.000000	0.000000	0.000000	0.000000	0.000000	0.000000	0.000000	0	0.000000	0.000000
97	2026-09-13T03:49:51.844840902Z	97011	loop11	0.000000	0.000000	0.000000	0.000000	0.000000	0.000000	0.000000	0.000000	0.000000	0.000000	0.000000	0.000000	0.000000	0.000000	0.000000	0.000000	0.000000	0	0.000000	0.000000
97	2026-09-13T03:49:51.844840902Z	97011	loop2	0.000000	0.000000	0.000000	0.000000	0.000000	0.000000	0.000000	0.000000	0.000000	0.000000	0.000000	0.000000	0.000000	0.000000	0.000000	0.000000	0.000000	0	0.000000	0.000000
97	2026-09-13T03:49:51.844840902Z	97011	loop3	0.000000	0.000000	0.000000	0.000000	0.000000	0.000000	0.000000	0.000000	0.000000	0.000000	0.000000	0.000000	0.000000	0.000000	0.000000	0.000000	0.000000	0	0.000000	0.000000
97	2026-09-13T03:49:51.844840902Z	97011	loop4	0.000000	0.000000	0.000000	0.000000	0.000000	0.000000	0.000000	0.000000	0.000000	0.000000	0.000000	0.000000	0.000000	0.000000	0.000000	0.000000	0.000000	0	0.000000	0.000000
97	2026-09-13T03:49:51.844840902Z	97011	loop5	0.000000	0.000000	0.000000	0.000000	0.000000	0.000000	0.000000	0.000000	0.000000	0.000000	0.000000	0.000000	0.000000	0.000000	0.000000	0.000000	0.000000	0	0.000000	0.000000
97	2026-09-13T03:49:51.844840902Z	97011	loop6	0.000000	0.000000	0.000000	0.000000	0.000000	0.000000	0.000000	0.000000	0.000000	0.000000	0.000000	0.000000	0.000000	0.000000	0.000000	0.000000	0.000000	0	0.000000	0.000000
97	2026-09-13T03:49:51.844840902Z	97011	loop7	0.000000	0.000000	0.000000	0.000000	0.000000	0.000000	0.000000	0.000000	0.000000	0.000000	0.000000	0.000000	0.000000	0.000000	0.000000	0.000000	0.000000	0	0.000000	0.000000
97	2026-09-13T03:49:51.844840902Z	97011	loop8	0.000000	0.000000	0.000000	0.000000	0.000000	0.000000	0.000000	0.000000	0.000000	0.000000	0.000000	0.000000	0.000000	0.000000	0.000000	0.000000	0.000000	0	0.000000	0.000000
97	2026-09-13T03:49:51.844840902Z	97011	loop9	0.000000	0.000000	0.000000	0.000000	0.000000	0.000000	0.000000	0.000000	0.000000	0.000000	0.000000	0.000000	0.000000	0.000000	0.000000	0.000000	0.000000	0	0.000000	0.000000
97	2026-09-13T03:49:51.844840902Z	97011	nvme0n1	0.000000	4.996168	0.000000	0.000000	0.000000	1.998467	0.000000	0.000000	126878.694953	0.000000	0.000000	1.000000	0.000000	0.000000	0.000000	25395.200000	0.000000	0	0.399693	0.005995
98	2026-09-13T03:49:52.844482165Z	98011	loop0	0.000000	0.000000	0.000000	0.000000	0.000000	0.000000	0.000000	0.000000	0.000000	0.000000	0.000000	0.000000	0.000000	0.000000	0.000000	0.000000	0.000000	0	0.000000	0.000000
98	2026-09-13T03:49:52.844482165Z	98011	loop1	0.000000	0.000000	0.000000	0.000000	0.000000	0.000000	0.000000	0.000000	0.000000	0.000000	0.000000	0.000000	0.000000	0.000000	0.000000	0.000000	0.000000	0	0.000000	0.000000
98	2026-09-13T03:49:52.844482165Z	98011	loop10	0.000000	0.000000	0.000000	0.000000	0.000000	0.000000	0.000000	0.000000	0.000000	0.000000	0.000000	0.000000	0.000000	0.000000	0.000000	0.000000	0.000000	0	0.000000	0.000000
98	2026-09-13T03:49:52.844482165Z	98011	loop11	0.000000	0.000000	0.000000	0.000000	0.000000	0.000000	0.000000	0.000000	0.000000	0.000000	0.000000	0.000000	0.000000	0.000000	0.000000	0.000000	0.000000	0	0.000000	0.000000
98	2026-09-13T03:49:52.844482165Z	98011	loop2	0.000000	0.000000	0.000000	0.000000	0.000000	0.000000	0.000000	0.000000	0.000000	0.000000	0.000000	0.000000	0.000000	0.000000	0.000000	0.000000	0.000000	0	0.000000	0.000000
98	2026-09-13T03:49:52.844482165Z	98011	loop3	0.000000	0.000000	0.000000	0.000000	0.000000	0.000000	0.000000	0.000000	0.000000	0.000000	0.000000	0.000000	0.000000	0.000000	0.000000	0.000000	0.000000	0	0.000000	0.000000
98	2026-09-13T03:49:52.844482165Z	98011	loop4	0.000000	0.000000	0.000000	0.000000	0.000000	0.000000	0.000000	0.000000	0.000000	0.000000	0.000000	0.000000	0.000000	0.000000	0.000000	0.000000	0.000000	0	0.000000	0.000000
98	2026-09-13T03:49:52.844482165Z	98011	loop5	0.000000	0.000000	0.000000	0.000000	0.000000	0.000000	0.000000	0.000000	0.000000	0.000000	0.000000	0.000000	0.000000	0.000000	0.000000	0.000000	0.000000	0	0.000000	0.000000
98	2026-09-13T03:49:52.844482165Z	98011	loop6	0.000000	0.000000	0.000000	0.000000	0.000000	0.000000	0.000000	0.000000	0.000000	0.000000	0.000000	0.000000	0.000000	0.000000	0.000000	0.000000	0.000000	0	0.000000	0.000000
98	2026-09-13T03:49:52.844482165Z	98011	loop7	0.000000	0.000000	0.000000	0.000000	0.000000	0.000000	0.000000	0.000000	0.000000	0.000000	0.000000	0.000000	0.000000	0.000000	0.000000	0.000000	0.000000	0	0.000000	0.000000
98	2026-09-13T03:49:52.844482165Z	98011	loop8	0.000000	0.000000	0.000000	0.000000	0.000000	0.000000	0.000000	0.000000	0.000000	0.000000	0.000000	0.000000	0.000000	0.000000	0.000000	0.000000	0.000000	0	0.000000	0.000000
98	2026-09-13T03:49:52.844482165Z	98011	loop9	0.000000	0.000000	0.000000	0.000000	0.000000	0.000000	0.000000	0.000000	0.000000	0.000000	0.000000	0.000000	0.000000	0.000000	0.000000	0.000000	0.000000	0	0.000000	0.000000
98	2026-09-13T03:49:52.844482165Z	98011	nvme0n1	0.000000	0.000000	0.000000	0.000000	0.000000	0.000000	0.000000	0.000000	0.000000	0.000000	0.000000	0.000000	0.000000	0.000000	0.000000	0.000000	0.000000	0	0.000000	0.000000
99	2026-09-13T03:49:53.844978865Z	99011	loop0	0.000000	0.000000	0.000000	0.000000	0.000000	0.000000	0.000000	0.000000	0.000000	0.000000	0.000000	0.000000	0.000000	0.000000	0.000000	0.000000	0.000000	0	0.000000	0.000000
99	2026-09-13T03:49:53.844978865Z	99011	loop1	0.000000	0.000000	0.000000	0.000000	0.000000	0.000000	0.000000	0.000000	0.000000	0.000000	0.000000	0.000000	0.000000	0.000000	0.000000	0.000000	0.000000	0	0.000000	0.000000
99	2026-09-13T03:49:53.844978865Z	99011	loop10	0.000000	0.000000	0.000000	0.000000	0.000000	0.000000	0.000000	0.000000	0.000000	0.000000	0.000000	0.000000	0.000000	0.000000	0.000000	0.000000	0.000000	0	0.000000	0.000000
99	2026-09-13T03:49:53.844978865Z	99011	loop11	0.000000	0.000000	0.000000	0.000000	0.000000	0.000000	0.000000	0.000000	0.000000	0.000000	0.000000	0.000000	0.000000	0.000000	0.000000	0.000000	0.000000	0	0.000000	0.000000
99	2026-09-13T03:49:53.844978865Z	99011	loop2	0.000000	0.000000	0.000000	0.000000	0.000000	0.000000	0.000000	0.000000	0.000000	0.000000	0.000000	0.000000	0.000000	0.000000	0.000000	0.000000	0.000000	0	0.000000	0.000000
99	2026-09-13T03:49:53.844978865Z	99011	loop3	0.000000	0.000000	0.000000	0.000000	0.000000	0.000000	0.000000	0.000000	0.000000	0.000000	0.000000	0.000000	0.000000	0.000000	0.000000	0.000000	0.000000	0	0.000000	0.000000
99	2026-09-13T03:49:53.844978865Z	99011	loop4	0.000000	0.000000	0.000000	0.000000	0.000000	0.000000	0.000000	0.000000	0.000000	0.000000	0.000000	0.000000	0.000000	0.000000	0.000000	0.000000	0.000000	0	0.000000	0.000000
99	2026-09-13T03:49:53.844978865Z	99011	loop5	0.000000	0.000000	0.000000	0.000000	0.000000	0.000000	0.000000	0.000000	0.000000	0.000000	0.000000	0.000000	0.000000	0.000000	0.000000	0.000000	0.000000	0	0.000000	0.000000
99	2026-09-13T03:49:53.844978865Z	99011	loop6	0.000000	0.000000	0.000000	0.000000	0.000000	0.000000	0.000000	0.000000	0.000000	0.000000	0.000000	0.000000	0.000000	0.000000	0.000000	0.000000	0.000000	0	0.000000	0.000000
99	2026-09-13T03:49:53.844978865Z	99011	loop7	0.000000	0.000000	0.000000	0.000000	0.000000	0.000000	0.000000	0.000000	0.000000	0.000000	0.000000	0.000000	0.000000	0.000000	0.000000	0.000000	0.000000	0	0.000000	0.000000
99	2026-09-13T03:49:53.844978865Z	99011	loop8	0.000000	0.000000	0.000000	0.000000	0.000000	0.000000	0.000000	0.000000	0.000000	0.000000	0.000000	0.000000	0.000000	0.000000	0.000000	0.000000	0.000000	0	0.000000	0.000000
99	2026-09-13T03:49:53.844978865Z	99011	loop9	0.000000	0.000000	0.000000	0.000000	0.000000	0.000000	0.000000	0.000000	0.000000	0.000000	0.000000	0.000000	0.000000	0.000000	0.000000	0.000000	0.000000	0	0.000000	0.000000
99	2026-09-13T03:49:53.844978865Z	99011	nvme0n1	0.000000	1.999007	0.000000	0.000000	0.000000	4.997518	0.000000	0.000000	28657.765688	0.000000	0.000000	1.000000	0.000000	0.000000	0.000000	14336.000000	0.000000	0	0.399801	0.001000
100	2026-09-13T03:49:54.844640791Z	100011	loop0	0.000000	0.000000	0.000000	0.000000	0.000000	0.000000	0.000000	0.000000	0.000000	0.000000	0.000000	0.000000	0.000000	0.000000	0.000000	0.000000	0.000000	0	0.000000	0.000000
100	2026-09-13T03:49:54.844640791Z	100011	loop1	0.000000	0.000000	0.000000	0.000000	0.000000	0.000000	0.000000	0.000000	0.000000	0.000000	0.000000	0.000000	0.000000	0.000000	0.000000	0.000000	0.000000	0	0.000000	0.000000
100	2026-09-13T03:49:54.844640791Z	100011	loop10	0.000000	0.000000	0.000000	0.000000	0.000000	0.000000	0.000000	0.000000	0.000000	0.000000	0.000000	0.000000	0.000000	0.000000	0.000000	0.000000	0.000000	0	0.000000	0.000000
100	2026-09-13T03:49:54.844640791Z	100011	loop11	0.000000	0.000000	0.000000	0.000000	0.000000	0.000000	0.000000	0.000000	0.000000	0.000000	0.000000	0.000000	0.000000	0.000000	0.000000	0.000000	0.000000	0	0.000000	0.000000
100	2026-09-13T03:49:54.844640791Z	100011	loop2	0.000000	0.000000	0.000000	0.000000	0.000000	0.000000	0.000000	0.000000	0.000000	0.000000	0.000000	0.000000	0.000000	0.000000	0.000000	0.000000	0.000000	0	0.000000	0.000000
100	2026-09-13T03:49:54.844640791Z	100011	loop3	0.000000	0.000000	0.000000	0.000000	0.000000	0.000000	0.000000	0.000000	0.000000	0.000000	0.000000	0.000000	0.000000	0.000000	0.000000	0.000000	0.000000	0	0.000000	0.000000
100	2026-09-13T03:49:54.844640791Z	100011	loop4	0.000000	0.000000	0.000000	0.000000	0.000000	0.000000	0.000000	0.000000	0.000000	0.000000	0.000000	0.000000	0.000000	0.000000	0.000000	0.000000	0.000000	0	0.000000	0.000000
100	2026-09-13T03:49:54.844640791Z	100011	loop5	0.000000	0.000000	0.000000	0.000000	0.000000	0.000000	0.000000	0.000000	0.000000	0.000000	0.000000	0.000000	0.000000	0.000000	0.000000	0.000000	0.000000	0	0.000000	0.000000
100	2026-09-13T03:49:54.844640791Z	100011	loop6	0.000000	0.000000	0.000000	0.000000	0.000000	0.000000	0.000000	0.000000	0.000000	0.000000	0.000000	0.000000	0.000000	0.000000	0.000000	0.000000	0.000000	0	0.000000	0.000000
100	2026-09-13T03:49:54.844640791Z	100011	loop7	0.000000	0.000000	0.000000	0.000000	0.000000	0.000000	0.000000	0.000000	0.000000	0.000000	0.000000	0.000000	0.000000	0.000000	0.000000	0.000000	0.000000	0	0.000000	0.000000
100	2026-09-13T03:49:54.844640791Z	100011	loop8	0.000000	0.000000	0.000000	0.000000	0.000000	0.000000	0.000000	0.000000	0.000000	0.000000	0.000000	0.000000	0.000000	0.000000	0.000000	0.000000	0.000000	0	0.000000	0.000000
100	2026-09-13T03:49:54.844640791Z	100011	loop9	0.000000	0.000000	0.000000	0.000000	0.000000	0.000000	0.000000	0.000000	0.000000	0.000000	0.000000	0.000000	0.000000	0.000000	0.000000	0.000000	0.000000	0	0.000000	0.000000
100	2026-09-13T03:49:54.844640791Z	100011	nvme0n1	0.000000	0.000000	0.000000	0.000000	0.000000	0.000000	0.000000	0.000000	0.000000	0.000000	0.000000	0.000000	0.000000	0.000000	0.000000	0.000000	0.000000	0	0.000000	0.000000
101	2026-09-13T03:49:55.844085085Z	101010	loop0	0.000000	0.000000	0.000000	0.000000	0.000000	0.000000	0.000000	0.000000	0.000000	0.000000	0.000000	0.000000	0.000000	0.000000	0.000000	0.000000	0.000000	0	0.000000	0.000000
101	2026-09-13T03:49:55.844085085Z	101010	loop1	0.000000	0.000000	0.000000	0.000000	0.000000	0.000000	0.000000	0.000000	0.000000	0.000000	0.000000	0.000000	0.000000	0.000000	0.000000	0.000000	0.000000	0	0.000000	0.000000
101	2026-09-13T03:49:55.844085085Z	101010	loop10	0.000000	0.000000	0.000000	0.000000	0.000000	0.000000	0.000000	0.000000	0.000000	0.000000	0.000000	0.000000	0.000000	0.000000	0.000000	0.000000	0.000000	0	0.000000	0.000000
101	2026-09-13T03:49:55.844085085Z	101010	loop11	0.000000	0.000000	0.000000	0.000000	0.000000	0.000000	0.000000	0.000000	0.000000	0.000000	0.000000	0.000000	0.000000	0.000000	0.000000	0.000000	0.000000	0	0.000000	0.000000
101	2026-09-13T03:49:55.844085085Z	101010	loop2	0.000000	0.000000	0.000000	0.000000	0.000000	0.000000	0.000000	0.000000	0.000000	0.000000	0.000000	0.000000	0.000000	0.000000	0.000000	0.000000	0.000000	0	0.000000	0.000000
101	2026-09-13T03:49:55.844085085Z	101010	loop3	0.000000	0.000000	0.000000	0.000000	0.000000	0.000000	0.000000	0.000000	0.000000	0.000000	0.000000	0.000000	0.000000	0.000000	0.000000	0.000000	0.000000	0	0.000000	0.000000
101	2026-09-13T03:49:55.844085085Z	101010	loop4	0.000000	0.000000	0.000000	0.000000	0.000000	0.000000	0.000000	0.000000	0.000000	0.000000	0.000000	0.000000	0.000000	0.000000	0.000000	0.000000	0.000000	0	0.000000	0.000000
101	2026-09-13T03:49:55.844085085Z	101010	loop5	0.000000	0.000000	0.000000	0.000000	0.000000	0.000000	0.000000	0.000000	0.000000	0.000000	0.000000	0.000000	0.000000	0.000000	0.000000	0.000000	0.000000	0	0.000000	0.000000
101	2026-09-13T03:49:55.844085085Z	101010	loop6	0.000000	0.000000	0.000000	0.000000	0.000000	0.000000	0.000000	0.000000	0.000000	0.000000	0.000000	0.000000	0.000000	0.000000	0.000000	0.000000	0.000000	0	0.000000	0.000000
101	2026-09-13T03:49:55.844085085Z	101010	loop7	0.000000	0.000000	0.000000	0.000000	0.000000	0.000000	0.000000	0.000000	0.000000	0.000000	0.000000	0.000000	0.000000	0.000000	0.000000	0.000000	0.000000	0	0.000000	0.000000
101	2026-09-13T03:49:55.844085085Z	101010	loop8	0.000000	0.000000	0.000000	0.000000	0.000000	0.000000	0.000000	0.000000	0.000000	0.000000	0.000000	0.000000	0.000000	0.000000	0.000000	0.000000	0.000000	0	0.000000	0.000000
101	2026-09-13T03:49:55.844085085Z	101010	loop9	0.000000	0.000000	0.000000	0.000000	0.000000	0.000000	0.000000	0.000000	0.000000	0.000000	0.000000	0.000000	0.000000	0.000000	0.000000	0.000000	0.000000	0	0.000000	0.000000
101	2026-09-13T03:49:55.844085085Z	101010	nvme0n1	0.000000	0.000000	0.000000	0.000000	0.000000	0.000000	0.000000	0.000000	0.000000	0.000000	0.000000	0.000000	0.000000	0.000000	0.000000	0.000000	0.000000	0	0.000000	0.000000
102	2026-09-13T03:49:56.844076449Z	102010	loop0	0.000000	0.000000	0.000000	0.000000	0.000000	0.000000	0.000000	0.000000	0.000000	0.000000	0.000000	0.000000	0.000000	0.000000	0.000000	0.000000	0.000000	0	0.000000	0.000000
102	2026-09-13T03:49:56.844076449Z	102010	loop1	0.000000	0.000000	0.000000	0.000000	0.000000	0.000000	0.000000	0.000000	0.000000	0.000000	0.000000	0.000000	0.000000	0.000000	0.000000	0.000000	0.000000	0	0.000000	0.000000
102	2026-09-13T03:49:56.844076449Z	102010	loop10	0.000000	0.000000	0.000000	0.000000	0.000000	0.000000	0.000000	0.000000	0.000000	0.000000	0.000000	0.000000	0.000000	0.000000	0.000000	0.000000	0.000000	0	0.000000	0.000000
102	2026-09-13T03:49:56.844076449Z	102010	loop11	0.000000	0.000000	0.000000	0.000000	0.000000	0.000000	0.000000	0.000000	0.000000	0.000000	0.000000	0.000000	0.000000	0.000000	0.000000	0.000000	0.000000	0	0.000000	0.000000
102	2026-09-13T03:49:56.844076449Z	102010	loop2	0.000000	0.000000	0.000000	0.000000	0.000000	0.000000	0.000000	0.000000	0.000000	0.000000	0.000000	0.000000	0.000000	0.000000	0.000000	0.000000	0.000000	0	0.000000	0.000000
102	2026-09-13T03:49:56.844076449Z	102010	loop3	0.000000	0.000000	0.000000	0.000000	0.000000	0.000000	0.000000	0.000000	0.000000	0.000000	0.000000	0.000000	0.000000	0.000000	0.000000	0.000000	0.000000	0	0.000000	0.000000
102	2026-09-13T03:49:56.844076449Z	102010	loop4	0.000000	0.000000	0.000000	0.000000	0.000000	0.000000	0.000000	0.000000	0.000000	0.000000	0.000000	0.000000	0.000000	0.000000	0.000000	0.000000	0.000000	0	0.000000	0.000000
102	2026-09-13T03:49:56.844076449Z	102010	loop5	0.000000	0.000000	0.000000	0.000000	0.000000	0.000000	0.000000	0.000000	0.000000	0.000000	0.000000	0.000000	0.000000	0.000000	0.000000	0.000000	0.000000	0	0.000000	0.000000
102	2026-09-13T03:49:56.844076449Z	102010	loop6	0.000000	0.000000	0.000000	0.000000	0.000000	0.000000	0.000000	0.000000	0.000000	0.000000	0.000000	0.000000	0.000000	0.000000	0.000000	0.000000	0.000000	0	0.000000	0.000000
102	2026-09-13T03:49:56.844076449Z	102010	loop7	0.000000	0.000000	0.000000	0.000000	0.000000	0.000000	0.000000	0.000000	0.000000	0.000000	0.000000	0.000000	0.000000	0.000000	0.000000	0.000000	0.000000	0	0.000000	0.000000
102	2026-09-13T03:49:56.844076449Z	102010	loop8	0.000000	0.000000	0.000000	0.000000	0.000000	0.000000	0.000000	0.000000	0.000000	0.000000	0.000000	0.000000	0.000000	0.000000	0.000000	0.000000	0.000000	0	0.000000	0.000000
102	2026-09-13T03:49:56.844076449Z	102010	loop9	0.000000	0.000000	0.000000	0.000000	0.000000	0.000000	0.000000	0.000000	0.000000	0.000000	0.000000	0.000000	0.000000	0.000000	0.000000	0.000000	0.000000	0	0.000000	0.000000
102	2026-09-13T03:49:56.844076449Z	102010	nvme0n1	0.000000	0.000000	0.000000	0.000000	0.000000	0.000000	0.000000	0.000000	0.000000	0.000000	0.000000	0.000000	0.000000	0.000000	0.000000	0.000000	0.000000	0	0.000000	0.000000
103	2026-09-13T03:49:57.844078079Z	103010	loop0	0.000000	0.000000	0.000000	0.000000	0.000000	0.000000	0.000000	0.000000	0.000000	0.000000	0.000000	0.000000	0.000000	0.000000	0.000000	0.000000	0.000000	0	0.000000	0.000000
103	2026-09-13T03:49:57.844078079Z	103010	loop1	0.000000	0.000000	0.000000	0.000000	0.000000	0.000000	0.000000	0.000000	0.000000	0.000000	0.000000	0.000000	0.000000	0.000000	0.000000	0.000000	0.000000	0	0.000000	0.000000
103	2026-09-13T03:49:57.844078079Z	103010	loop10	0.000000	0.000000	0.000000	0.000000	0.000000	0.000000	0.000000	0.000000	0.000000	0.000000	0.000000	0.000000	0.000000	0.000000	0.000000	0.000000	0.000000	0	0.000000	0.000000
103	2026-09-13T03:49:57.844078079Z	103010	loop11	0.000000	0.000000	0.000000	0.000000	0.000000	0.000000	0.000000	0.000000	0.000000	0.000000	0.000000	0.000000	0.000000	0.000000	0.000000	0.000000	0.000000	0	0.000000	0.000000
103	2026-09-13T03:49:57.844078079Z	103010	loop2	0.000000	0.000000	0.000000	0.000000	0.000000	0.000000	0.000000	0.000000	0.000000	0.000000	0.000000	0.000000	0.000000	0.000000	0.000000	0.000000	0.000000	0	0.000000	0.000000
103	2026-09-13T03:49:57.844078079Z	103010	loop3	0.000000	0.000000	0.000000	0.000000	0.000000	0.000000	0.000000	0.000000	0.000000	0.000000	0.000000	0.000000	0.000000	0.000000	0.000000	0.000000	0.000000	0	0.000000	0.000000
103	2026-09-13T03:49:57.844078079Z	103010	loop4	0.000000	0.000000	0.000000	0.000000	0.000000	0.000000	0.000000	0.000000	0.000000	0.000000	0.000000	0.000000	0.000000	0.000000	0.000000	0.000000	0.000000	0	0.000000	0.000000
103	2026-09-13T03:49:57.844078079Z	103010	loop5	0.000000	0.000000	0.000000	0.000000	0.000000	0.000000	0.000000	0.000000	0.000000	0.000000	0.000000	0.000000	0.000000	0.000000	0.000000	0.000000	0.000000	0	0.000000	0.000000
103	2026-09-13T03:49:57.844078079Z	103010	loop6	0.000000	0.000000	0.000000	0.000000	0.000000	0.000000	0.000000	0.000000	0.000000	0.000000	0.000000	0.000000	0.000000	0.000000	0.000000	0.000000	0.000000	0	0.000000	0.000000
103	2026-09-13T03:49:57.844078079Z	103010	loop7	0.000000	0.000000	0.000000	0.000000	0.000000	0.000000	0.000000	0.000000	0.000000	0.000000	0.000000	0.000000	0.000000	0.000000	0.000000	0.000000	0.000000	0	0.000000	0.000000
103	2026-09-13T03:49:57.844078079Z	103010	loop8	0.000000	0.000000	0.000000	0.000000	0.000000	0.000000	0.000000	0.000000	0.000000	0.000000	0.000000	0.000000	0.000000	0.000000	0.000000	0.000000	0.000000	0	0.000000	0.000000
103	2026-09-13T03:49:57.844078079Z	103010	loop9	0.000000	0.000000	0.000000	0.000000	0.000000	0.000000	0.000000	0.000000	0.000000	0.000000	0.000000	0.000000	0.000000	0.000000	0.000000	0.000000	0.000000	0	0.000000	0.000000
103	2026-09-13T03:49:57.844078079Z	103010	nvme0n1	0.000000	0.000000	0.000000	0.000000	0.000000	0.000000	0.000000	0.000000	0.000000	0.000000	0.000000	0.000000	0.000000	0.000000	0.000000	0.000000	0.000000	0	0.000000	0.000000
104	2026-09-13T03:49:58.844075045Z	104010	loop0	0.000000	0.000000	0.000000	0.000000	0.000000	0.000000	0.000000	0.000000	0.000000	0.000000	0.000000	0.000000	0.000000	0.000000	0.000000	0.000000	0.000000	0	0.000000	0.000000
104	2026-09-13T03:49:58.844075045Z	104010	loop1	0.000000	0.000000	0.000000	0.000000	0.000000	0.000000	0.000000	0.000000	0.000000	0.000000	0.000000	0.000000	0.000000	0.000000	0.000000	0.000000	0.000000	0	0.000000	0.000000
104	2026-09-13T03:49:58.844075045Z	104010	loop10	0.000000	0.000000	0.000000	0.000000	0.000000	0.000000	0.000000	0.000000	0.000000	0.000000	0.000000	0.000000	0.000000	0.000000	0.000000	0.000000	0.000000	0	0.000000	0.000000
104	2026-09-13T03:49:58.844075045Z	104010	loop11	0.000000	0.000000	0.000000	0.000000	0.000000	0.000000	0.000000	0.000000	0.000000	0.000000	0.000000	0.000000	0.000000	0.000000	0.000000	0.000000	0.000000	0	0.000000	0.000000
104	2026-09-13T03:49:58.844075045Z	104010	loop2	0.000000	0.000000	0.000000	0.000000	0.000000	0.000000	0.000000	0.000000	0.000000	0.000000	0.000000	0.000000	0.000000	0.000000	0.000000	0.000000	0.000000	0	0.000000	0.000000
104	2026-09-13T03:49:58.844075045Z	104010	loop3	0.000000	0.000000	0.000000	0.000000	0.000000	0.000000	0.000000	0.000000	0.000000	0.000000	0.000000	0.000000	0.000000	0.000000	0.000000	0.000000	0.000000	0	0.000000	0.000000
104	2026-09-13T03:49:58.844075045Z	104010	loop4	0.000000	0.000000	0.000000	0.000000	0.000000	0.000000	0.000000	0.000000	0.000000	0.000000	0.000000	0.000000	0.000000	0.000000	0.000000	0.000000	0.000000	0	0.000000	0.000000
104	2026-09-13T03:49:58.844075045Z	104010	loop5	0.000000	0.000000	0.000000	0.000000	0.000000	0.000000	0.000000	0.000000	0.000000	0.000000	0.000000	0.000000	0.000000	0.000000	0.000000	0.000000	0.000000	0	0.000000	0.000000
104	2026-09-13T03:49:58.844075045Z	104010	loop6	0.000000	0.000000	0.000000	0.000000	0.000000	0.000000	0.000000	0.000000	0.000000	0.000000	0.000000	0.000000	0.000000	0.000000	0.000000	0.000000	0.000000	0	0.000000	0.000000
104	2026-09-13T03:49:58.844075045Z	104010	loop7	0.000000	0.000000	0.000000	0.000000	0.000000	0.000000	0.000000	0.000000	0.000000	0.000000	0.000000	0.000000	0.000000	0.000000	0.000000	0.000000	0.000000	0	0.000000	0.000000
104	2026-09-13T03:49:58.844075045Z	104010	loop8	0.000000	0.000000	0.000000	0.000000	0.000000	0.000000	0.000000	0.000000	0.000000	0.000000	0.000000	0.000000	0.000000	0.000000	0.000000	0.000000	0.000000	0	0.000000	0.000000
104	2026-09-13T03:49:58.844075045Z	104010	loop9	0.000000	0.000000	0.000000	0.000000	0.000000	0.000000	0.000000	0.000000	0.000000	0.000000	0.000000	0.000000	0.000000	0.000000	0.000000	0.000000	0.000000	0	0.000000	0.000000
104	2026-09-13T03:49:58.844075045Z	104010	nvme0n1	0.000000	6.000018	0.000000	0.000000	0.000000	1.000003	0.000000	0.000000	28672.087020	0.000000	0.000000	0.833333	0.000000	0.000000	0.000000	4778.666667	0.000000	0	0.800002	0.006000
105	2026-09-13T03:49:59.844389193Z	105011	loop0	0.000000	0.000000	0.000000	0.000000	0.000000	0.000000	0.000000	0.000000	0.000000	0.000000	0.000000	0.000000	0.000000	0.000000	0.000000	0.000000	0.000000	0	0.000000	0.000000
105	2026-09-13T03:49:59.844389193Z	105011	loop1	0.000000	0.000000	0.000000	0.000000	0.000000	0.000000	0.000000	0.000000	0.000000	0.000000	0.000000	0.000000	0.000000	0.000000	0.000000	0.000000	0.000000	0	0.000000	0.000000
105	2026-09-13T03:49:59.844389193Z	105011	loop10	0.000000	0.000000	0.000000	0.000000	0.000000	0.000000	0.000000	0.000000	0.000000	0.000000	0.000000	0.000000	0.000000	0.000000	0.000000	0.000000	0.000000	0	0.000000	0.000000
105	2026-09-13T03:49:59.844389193Z	105011	loop11	0.000000	0.000000	0.000000	0.000000	0.000000	0.000000	0.000000	0.000000	0.000000	0.000000	0.000000	0.000000	0.000000	0.000000	0.000000	0.000000	0.000000	0	0.000000	0.000000
105	2026-09-13T03:49:59.844389193Z	105011	loop2	0.000000	0.000000	0.000000	0.000000	0.000000	0.000000	0.000000	0.000000	0.000000	0.000000	0.000000	0.000000	0.000000	0.000000	0.000000	0.000000	0.000000	0	0.000000	0.000000
105	2026-09-13T03:49:59.844389193Z	105011	loop3	0.000000	0.000000	0.000000	0.000000	0.000000	0.000000	0.000000	0.000000	0.000000	0.000000	0.000000	0.000000	0.000000	0.000000	0.000000	0.000000	0.000000	0	0.000000	0.000000
105	2026-09-13T03:49:59.844389193Z	105011	loop4	0.000000	0.000000	0.000000	0.000000	0.000000	0.000000	0.000000	0.000000	0.000000	0.000000	0.000000	0.000000	0.000000	0.000000	0.000000	0.000000	0.000000	0	0.000000	0.000000
105	2026-09-13T03:49:59.844389193Z	105011	loop5	0.000000	0.000000	0.000000	0.000000	0.000000	0.000000	0.000000	0.000000	0.000000	0.000000	0.000000	0.000000	0.000000	0.000000	0.000000	0.000000	0.000000	0	0.000000	0.000000
105	2026-09-13T03:49:59.844389193Z	105011	loop6	0.000000	0.000000	0.000000	0.000000	0.000000	0.000000	0.000000	0.000000	0.000000	0.000000	0.000000	0.000000	0.000000	0.000000	0.000000	0.000000	0.000000	0	0.000000	0.000000
105	2026-09-13T03:49:59.844389193Z	105011	loop7	0.000000	0.000000	0.000000	0.000000	0.000000	0.000000	0.000000	0.000000	0.000000	0.000000	0.000000	0.000000	0.000000	0.000000	0.000000	0.000000	0.000000	0	0.000000	0.000000
105	2026-09-13T03:49:59.844389193Z	105011	loop8	0.000000	0.000000	0.000000	0.000000	0.000000	0.000000	0.000000	0.000000	0.000000	0.000000	0.000000	0.000000	0.000000	0.000000	0.000000	0.000000	0.000000	0	0.000000	0.000000
105	2026-09-13T03:49:59.844389193Z	105011	loop9	0.000000	0.000000	0.000000	0.000000	0.000000	0.000000	0.000000	0.000000	0.000000	0.000000	0.000000	0.000000	0.000000	0.000000	0.000000	0.000000	0.000000	0	0.000000	0.000000
105	2026-09-13T03:49:59.844389193Z	105011	nvme0n1	0.000000	0.000000	0.000000	0.000000	0.000000	0.000000	0.000000	0.000000	0.000000	0.000000	0.000000	0.000000	0.000000	0.000000	0.000000	0.000000	0.000000	0	0.000000	0.000000
106	2026-09-13T03:50:00.84409282Z	106010	loop0	0.000000	0.000000	0.000000	0.000000	0.000000	0.000000	0.000000	0.000000	0.000000	0.000000	0.000000	0.000000	0.000000	0.000000	0.000000	0.000000	0.000000	0	0.000000	0.000000
106	2026-09-13T03:50:00.84409282Z	106010	loop1	0.000000	0.000000	0.000000	0.000000	0.000000	0.000000	0.000000	0.000000	0.000000	0.000000	0.000000	0.000000	0.000000	0.000000	0.000000	0.000000	0.000000	0	0.000000	0.000000
106	2026-09-13T03:50:00.84409282Z	106010	loop10	0.000000	0.000000	0.000000	0.000000	0.000000	0.000000	0.000000	0.000000	0.000000	0.000000	0.000000	0.000000	0.000000	0.000000	0.000000	0.000000	0.000000	0	0.000000	0.000000
106	2026-09-13T03:50:00.84409282Z	106010	loop11	0.000000	0.000000	0.000000	0.000000	0.000000	0.000000	0.000000	0.000000	0.000000	0.000000	0.000000	0.000000	0.000000	0.000000	0.000000	0.000000	0.000000	0	0.000000	0.000000
106	2026-09-13T03:50:00.84409282Z	106010	loop2	0.000000	0.000000	0.000000	0.000000	0.000000	0.000000	0.000000	0.000000	0.000000	0.000000	0.000000	0.000000	0.000000	0.000000	0.000000	0.000000	0.000000	0	0.000000	0.000000
106	2026-09-13T03:50:00.84409282Z	106010	loop3	0.000000	0.000000	0.000000	0.000000	0.000000	0.000000	0.000000	0.000000	0.000000	0.000000	0.000000	0.000000	0.000000	0.000000	0.000000	0.000000	0.000000	0	0.000000	0.000000
106	2026-09-13T03:50:00.84409282Z	106010	loop4	0.000000	0.000000	0.000000	0.000000	0.000000	0.000000	0.000000	0.000000	0.000000	0.000000	0.000000	0.000000	0.000000	0.000000	0.000000	0.000000	0.000000	0	0.000000	0.000000
106	2026-09-13T03:50:00.84409282Z	106010	loop5	0.000000	0.000000	0.000000	0.000000	0.000000	0.000000	0.000000	0.000000	0.000000	0.000000	0.000000	0.000000	0.000000	0.000000	0.000000	0.000000	0.000000	0	0.000000	0.000000
106	2026-09-13T03:50:00.84409282Z	106010	loop6	0.000000	0.000000	0.000000	0.000000	0.000000	0.000000	0.000000	0.000000	0.000000	0.000000	0.000000	0.000000	0.000000	0.000000	0.000000	0.000000	0.000000	0	0.000000	0.000000
106	2026-09-13T03:50:00.84409282Z	106010	loop7	0.000000	0.000000	0.000000	0.000000	0.000000	0.000000	0.000000	0.000000	0.000000	0.000000	0.000000	0.000000	0.000000	0.000000	0.000000	0.000000	0.000000	0	0.000000	0.000000
106	2026-09-13T03:50:00.84409282Z	106010	loop8	0.000000	0.000000	0.000000	0.000000	0.000000	0.000000	0.000000	0.000000	0.000000	0.000000	0.000000	0.000000	0.000000	0.000000	0.000000	0.000000	0.000000	0	0.000000	0.000000
106	2026-09-13T03:50:00.84409282Z	106010	loop9	0.000000	0.000000	0.000000	0.000000	0.000000	0.000000	0.000000	0.000000	0.000000	0.000000	0.000000	0.000000	0.000000	0.000000	0.000000	0.000000	0.000000	0	0.000000	0.000000
106	2026-09-13T03:50:00.84409282Z	106010	nvme0n1	0.000000	0.000000	0.000000	0.000000	0.000000	0.000000	0.000000	0.000000	0.000000	0.000000	0.000000	0.000000	0.000000	0.000000	0.000000	0.000000	0.000000	0	0.000000	0.000000
107	2026-09-13T03:50:01.844077947Z	107010	loop0	0.000000	0.000000	0.000000	0.000000	0.000000	0.000000	0.000000	0.000000	0.000000	0.000000	0.000000	0.000000	0.000000	0.000000	0.000000	0.000000	0.000000	0	0.000000	0.000000
107	2026-09-13T03:50:01.844077947Z	107010	loop1	0.000000	0.000000	0.000000	0.000000	0.000000	0.000000	0.000000	0.000000	0.000000	0.000000	0.000000	0.000000	0.000000	0.000000	0.000000	0.000000	0.000000	0	0.000000	0.000000
107	2026-09-13T03:50:01.844077947Z	107010	loop10	0.000000	0.000000	0.000000	0.000000	0.000000	0.000000	0.000000	0.000000	0.000000	0.000000	0.000000	0.000000	0.000000	0.000000	0.000000	0.000000	0.000000	0	0.000000	0.000000
107	2026-09-13T03:50:01.844077947Z	107010	loop11	0.000000	0.000000	0.000000	0.000000	0.000000	0.000000	0.000000	0.000000	0.000000	0.000000	0.000000	0.000000	0.000000	0.000000	0.000000	0.000000	0.000000	0	0.000000	0.000000
107	2026-09-13T03:50:01.844077947Z	107010	loop2	0.000000	0.000000	0.000000	0.000000	0.000000	0.000000	0.000000	0.000000	0.000000	0.000000	0.000000	0.000000	0.000000	0.000000	0.000000	0.000000	0.000000	0	0.000000	0.000000
107	2026-09-13T03:50:01.844077947Z	107010	loop3	0.000000	0.000000	0.000000	0.000000	0.000000	0.000000	0.000000	0.000000	0.000000	0.000000	0.000000	0.000000	0.000000	0.000000	0.000000	0.000000	0.000000	0	0.000000	0.000000
107	2026-09-13T03:50:01.844077947Z	107010	loop4	0.000000	0.000000	0.000000	0.000000	0.000000	0.000000	0.000000	0.000000	0.000000	0.000000	0.000000	0.000000	0.000000	0.000000	0.000000	0.000000	0.000000	0	0.000000	0.000000
107	2026-09-13T03:50:01.844077947Z	107010	loop5	0.000000	0.000000	0.000000	0.000000	0.000000	0.000000	0.000000	0.000000	0.000000	0.000000	0.000000	0.000000	0.000000	0.000000	0.000000	0.000000	0.000000	0	0.000000	0.000000
107	2026-09-13T03:50:01.844077947Z	107010	loop6	0.000000	0.000000	0.000000	0.000000	0.000000	0.000000	0.000000	0.000000	0.000000	0.000000	0.000000	0.000000	0.000000	0.000000	0.000000	0.000000	0.000000	0	0.000000	0.000000
107	2026-09-13T03:50:01.844077947Z	107010	loop7	0.000000	0.000000	0.000000	0.000000	0.000000	0.000000	0.000000	0.000000	0.000000	0.000000	0.000000	0.000000	0.000000	0.000000	0.000000	0.000000	0.000000	0	0.000000	0.000000
107	2026-09-13T03:50:01.844077947Z	107010	loop8	0.000000	0.000000	0.000000	0.000000	0.000000	0.000000	0.000000	0.000000	0.000000	0.000000	0.000000	0.000000	0.000000	0.000000	0.000000	0.000000	0.000000	0	0.000000	0.000000
107	2026-09-13T03:50:01.844077947Z	107010	loop9	0.000000	0.000000	0.000000	0.000000	0.000000	0.000000	0.000000	0.000000	0.000000	0.000000	0.000000	0.000000	0.000000	0.000000	0.000000	0.000000	0.000000	0	0.000000	0.000000
107	2026-09-13T03:50:01.844077947Z	107010	nvme0n1	0.000000	0.000000	0.000000	0.000000	0.000000	0.000000	0.000000	0.000000	0.000000	0.000000	0.000000	0.000000	0.000000	0.000000	0.000000	0.000000	0.000000	0	0.000000	0.000000
108	2026-09-13T03:50:02.844724682Z	108011	loop0	0.000000	0.000000	0.000000	0.000000	0.000000	0.000000	0.000000	0.000000	0.000000	0.000000	0.000000	0.000000	0.000000	0.000000	0.000000	0.000000	0.000000	0	0.000000	0.000000
108	2026-09-13T03:50:02.844724682Z	108011	loop1	0.000000	0.000000	0.000000	0.000000	0.000000	0.000000	0.000000	0.000000	0.000000	0.000000	0.000000	0.000000	0.000000	0.000000	0.000000	0.000000	0.000000	0	0.000000	0.000000
108	2026-09-13T03:50:02.844724682Z	108011	loop10	0.000000	0.000000	0.000000	0.000000	0.000000	0.000000	0.000000	0.000000	0.000000	0.000000	0.000000	0.000000	0.000000	0.000000	0.000000	0.000000	0.000000	0	0.000000	0.000000
108	2026-09-13T03:50:02.844724682Z	108011	loop11	0.000000	0.000000	0.000000	0.000000	0.000000	0.000000	0.000000	0.000000	0.000000	0.000000	0.000000	0.000000	0.000000	0.000000	0.000000	0.000000	0.000000	0	0.000000	0.000000
108	2026-09-13T03:50:02.844724682Z	108011	loop2	0.000000	0.000000	0.000000	0.000000	0.000000	0.000000	0.000000	0.000000	0.000000	0.000000	0.000000	0.000000	0.000000	0.000000	0.000000	0.000000	0.000000	0	0.000000	0.000000
108	2026-09-13T03:50:02.844724682Z	108011	loop3	0.000000	0.000000	0.000000	0.000000	0.000000	0.000000	0.000000	0.000000	0.000000	0.000000	0.000000	0.000000	0.000000	0.000000	0.000000	0.000000	0.000000	0	0.000000	0.000000
108	2026-09-13T03:50:02.844724682Z	108011	loop4	0.000000	0.000000	0.000000	0.000000	0.000000	0.000000	0.000000	0.000000	0.000000	0.000000	0.000000	0.000000	0.000000	0.000000	0.000000	0.000000	0.000000	0	0.000000	0.000000
108	2026-09-13T03:50:02.844724682Z	108011	loop5	0.000000	0.000000	0.000000	0.000000	0.000000	0.000000	0.000000	0.000000	0.000000	0.000000	0.000000	0.000000	0.000000	0.000000	0.000000	0.000000	0.000000	0	0.000000	0.000000
108	2026-09-13T03:50:02.844724682Z	108011	loop6	0.000000	0.000000	0.000000	0.000000	0.000000	0.000000	0.000000	0.000000	0.000000	0.000000	0.000000	0.000000	0.000000	0.000000	0.000000	0.000000	0.000000	0	0.000000	0.000000
108	2026-09-13T03:50:02.844724682Z	108011	loop7	0.000000	0.000000	0.000000	0.000000	0.000000	0.000000	0.000000	0.000000	0.000000	0.000000	0.000000	0.000000	0.000000	0.000000	0.000000	0.000000	0.000000	0	0.000000	0.000000
108	2026-09-13T03:50:02.844724682Z	108011	loop8	0.000000	0.000000	0.000000	0.000000	0.000000	0.000000	0.000000	0.000000	0.000000	0.000000	0.000000	0.000000	0.000000	0.000000	0.000000	0.000000	0.000000	0	0.000000	0.000000
108	2026-09-13T03:50:02.844724682Z	108011	loop9	0.000000	0.000000	0.000000	0.000000	0.000000	0.000000	0.000000	0.000000	0.000000	0.000000	0.000000	0.000000	0.000000	0.000000	0.000000	0.000000	0.000000	0	0.000000	0.000000
108	2026-09-13T03:50:02.844724682Z	108011	nvme0n1	0.000000	0.000000	0.000000	0.000000	0.000000	0.000000	0.000000	0.000000	0.000000	0.000000	0.000000	0.000000	0.000000	0.000000	0.000000	0.000000	0.000000	0	0.000000	0.000000
109	2026-09-13T03:50:03.844431534Z	109011	loop0	0.000000	0.000000	0.000000	0.000000	0.000000	0.000000	0.000000	0.000000	0.000000	0.000000	0.000000	0.000000	0.000000	0.000000	0.000000	0.000000	0.000000	0	0.000000	0.000000
109	2026-09-13T03:50:03.844431534Z	109011	loop1	0.000000	0.000000	0.000000	0.000000	0.000000	0.000000	0.000000	0.000000	0.000000	0.000000	0.000000	0.000000	0.000000	0.000000	0.000000	0.000000	0.000000	0	0.000000	0.000000
109	2026-09-13T03:50:03.844431534Z	109011	loop10	0.000000	0.000000	0.000000	0.000000	0.000000	0.000000	0.000000	0.000000	0.000000	0.000000	0.000000	0.000000	0.000000	0.000000	0.000000	0.000000	0.000000	0	0.000000	0.000000
109	2026-09-13T03:50:03.844431534Z	109011	loop11	0.000000	0.000000	0.000000	0.000000	0.000000	0.000000	0.000000	0.000000	0.000000	0.000000	0.000000	0.000000	0.000000	0.000000	0.000000	0.000000	0.000000	0	0.000000	0.000000
109	2026-09-13T03:50:03.844431534Z	109011	loop2	0.000000	0.000000	0.000000	0.000000	0.000000	0.000000	0.000000	0.000000	0.000000	0.000000	0.000000	0.000000	0.000000	0.000000	0.000000	0.000000	0.000000	0	0.000000	0.000000
109	2026-09-13T03:50:03.844431534Z	109011	loop3	0.000000	0.000000	0.000000	0.000000	0.000000	0.000000	0.000000	0.000000	0.000000	0.000000	0.000000	0.000000	0.000000	0.000000	0.000000	0.000000	0.000000	0	0.000000	0.000000
109	2026-09-13T03:50:03.844431534Z	109011	loop4	0.000000	0.000000	0.000000	0.000000	0.000000	0.000000	0.000000	0.000000	0.000000	0.000000	0.000000	0.000000	0.000000	0.000000	0.000000	0.000000	0.000000	0	0.000000	0.000000
109	2026-09-13T03:50:03.844431534Z	109011	loop5	0.000000	0.000000	0.000000	0.000000	0.000000	0.000000	0.000000	0.000000	0.000000	0.000000	0.000000	0.000000	0.000000	0.000000	0.000000	0.000000	0.000000	0	0.000000	0.000000
109	2026-09-13T03:50:03.844431534Z	109011	loop6	0.000000	0.000000	0.000000	0.000000	0.000000	0.000000	0.000000	0.000000	0.000000	0.000000	0.000000	0.000000	0.000000	0.000000	0.000000	0.000000	0.000000	0	0.000000	0.000000
109	2026-09-13T03:50:03.844431534Z	109011	loop7	0.000000	0.000000	0.000000	0.000000	0.000000	0.000000	0.000000	0.000000	0.000000	0.000000	0.000000	0.000000	0.000000	0.000000	0.000000	0.000000	0.000000	0	0.000000	0.000000
109	2026-09-13T03:50:03.844431534Z	109011	loop8	0.000000	0.000000	0.000000	0.000000	0.000000	0.000000	0.000000	0.000000	0.000000	0.000000	0.000000	0.000000	0.000000	0.000000	0.000000	0.000000	0.000000	0	0.000000	0.000000
109	2026-09-13T03:50:03.844431534Z	109011	loop9	0.000000	0.000000	0.000000	0.000000	0.000000	0.000000	0.000000	0.000000	0.000000	0.000000	0.000000	0.000000	0.000000	0.000000	0.000000	0.000000	0.000000	0	0.000000	0.000000
109	2026-09-13T03:50:03.844431534Z	109011	nvme0n1	0.000000	2.000586	0.000000	0.000000	0.000000	1.000293	0.000000	0.000000	12291.603259	0.000000	0.000000	1.000000	0.000000	0.000000	0.000000	6144.000000	0.000000	0	0.800235	0.002001
110	2026-09-13T03:50:04.844084492Z	110010	loop0	0.000000	0.000000	0.000000	0.000000	0.000000	0.000000	0.000000	0.000000	0.000000	0.000000	0.000000	0.000000	0.000000	0.000000	0.000000	0.000000	0.000000	0	0.000000	0.000000
110	2026-09-13T03:50:04.844084492Z	110010	loop1	0.000000	0.000000	0.000000	0.000000	0.000000	0.000000	0.000000	0.000000	0.000000	0.000000	0.000000	0.000000	0.000000	0.000000	0.000000	0.000000	0.000000	0	0.000000	0.000000
110	2026-09-13T03:50:04.844084492Z	110010	loop10	0.000000	0.000000	0.000000	0.000000	0.000000	0.000000	0.000000	0.000000	0.000000	0.000000	0.000000	0.000000	0.000000	0.000000	0.000000	0.000000	0.000000	0	0.000000	0.000000
110	2026-09-13T03:50:04.844084492Z	110010	loop11	0.000000	0.000000	0.000000	0.000000	0.000000	0.000000	0.000000	0.000000	0.000000	0.000000	0.000000	0.000000	0.000000	0.000000	0.000000	0.000000	0.000000	0	0.000000	0.000000
110	2026-09-13T03:50:04.844084492Z	110010	loop2	0.000000	0.000000	0.000000	0.000000	0.000000	0.000000	0.000000	0.000000	0.000000	0.000000	0.000000	0.000000	0.000000	0.000000	0.000000	0.000000	0.000000	0	0.000000	0.000000
110	2026-09-13T03:50:04.844084492Z	110010	loop3	0.000000	0.000000	0.000000	0.000000	0.000000	0.000000	0.000000	0.000000	0.000000	0.000000	0.000000	0.000000	0.000000	0.000000	0.000000	0.000000	0.000000	0	0.000000	0.000000
110	2026-09-13T03:50:04.844084492Z	110010	loop4	0.000000	0.000000	0.000000	0.000000	0.000000	0.000000	0.000000	0.000000	0.000000	0.000000	0.000000	0.000000	0.000000	0.000000	0.000000	0.000000	0.000000	0	0.000000	0.000000
110	2026-09-13T03:50:04.844084492Z	110010	loop5	0.000000	0.000000	0.000000	0.000000	0.000000	0.000000	0.000000	0.000000	0.000000	0.000000	0.000000	0.000000	0.000000	0.000000	0.000000	0.000000	0.000000	0	0.000000	0.000000
110	2026-09-13T03:50:04.844084492Z	110010	loop6	0.000000	0.000000	0.000000	0.000000	0.000000	0.000000	0.000000	0.000000	0.000000	0.000000	0.000000	0.000000	0.000000	0.000000	0.000000	0.000000	0.000000	0	0.000000	0.000000
110	2026-09-13T03:50:04.844084492Z	110010	loop7	0.000000	0.000000	0.000000	0.000000	0.000000	0.000000	0.000000	0.000000	0.000000	0.000000	0.000000	0.000000	0.000000	0.000000	0.000000	0.000000	0.000000	0	0.000000	0.000000
110	2026-09-13T03:50:04.844084492Z	110010	loop8	0.000000	0.000000	0.000000	0.000000	0.000000	0.000000	0.000000	0.000000	0.000000	0.000000	0.000000	0.000000	0.000000	0.000000	0.000000	0.000000	0.000000	0	0.000000	0.000000
110	2026-09-13T03:50:04.844084492Z	110010	loop9	0.000000	0.000000	0.000000	0.000000	0.000000	0.000000	0.000000	0.000000	0.000000	0.000000	0.000000	0.000000	0.000000	0.000000	0.000000	0.000000	0.000000	0	0.000000	0.000000
110	2026-09-13T03:50:04.844084492Z	110010	nvme0n1	0.000000	0.000000	0.000000	0.000000	0.000000	0.000000	0.000000	0.000000	0.000000	0.000000	0.000000	0.000000	0.000000	0.000000	0.000000	0.000000	0.000000	0	0.000000	0.000000
111	2026-09-13T03:50:05.84408435Z	111010	loop0	0.000000	0.000000	0.000000	0.000000	0.000000	0.000000	0.000000	0.000000	0.000000	0.000000	0.000000	0.000000	0.000000	0.000000	0.000000	0.000000	0.000000	0	0.000000	0.000000
111	2026-09-13T03:50:05.84408435Z	111010	loop1	0.000000	0.000000	0.000000	0.000000	0.000000	0.000000	0.000000	0.000000	0.000000	0.000000	0.000000	0.000000	0.000000	0.000000	0.000000	0.000000	0.000000	0	0.000000	0.000000
111	2026-09-13T03:50:05.84408435Z	111010	loop10	0.000000	0.000000	0.000000	0.000000	0.000000	0.000000	0.000000	0.000000	0.000000	0.000000	0.000000	0.000000	0.000000	0.000000	0.000000	0.000000	0.000000	0	0.000000	0.000000
111	2026-09-13T03:50:05.84408435Z	111010	loop11	0.000000	0.000000	0.000000	0.000000	0.000000	0.000000	0.000000	0.000000	0.000000	0.000000	0.000000	0.000000	0.000000	0.000000	0.000000	0.000000	0.000000	0	0.000000	0.000000
111	2026-09-13T03:50:05.84408435Z	111010	loop2	0.000000	0.000000	0.000000	0.000000	0.000000	0.000000	0.000000	0.000000	0.000000	0.000000	0.000000	0.000000	0.000000	0.000000	0.000000	0.000000	0.000000	0	0.000000	0.000000
111	2026-09-13T03:50:05.84408435Z	111010	loop3	0.000000	0.000000	0.000000	0.000000	0.000000	0.000000	0.000000	0.000000	0.000000	0.000000	0.000000	0.000000	0.000000	0.000000	0.000000	0.000000	0.000000	0	0.000000	0.000000
111	2026-09-13T03:50:05.84408435Z	111010	loop4	0.000000	0.000000	0.000000	0.000000	0.000000	0.000000	0.000000	0.000000	0.000000	0.000000	0.000000	0.000000	0.000000	0.000000	0.000000	0.000000	0.000000	0	0.000000	0.000000
111	2026-09-13T03:50:05.84408435Z	111010	loop5	0.000000	0.000000	0.000000	0.000000	0.000000	0.000000	0.000000	0.000000	0.000000	0.000000	0.000000	0.000000	0.000000	0.000000	0.000000	0.000000	0.000000	0	0.000000	0.000000
111	2026-09-13T03:50:05.84408435Z	111010	loop6	0.000000	0.000000	0.000000	0.000000	0.000000	0.000000	0.000000	0.000000	0.000000	0.000000	0.000000	0.000000	0.000000	0.000000	0.000000	0.000000	0.000000	0	0.000000	0.000000
111	2026-09-13T03:50:05.84408435Z	111010	loop7	0.000000	0.000000	0.000000	0.000000	0.000000	0.000000	0.000000	0.000000	0.000000	0.000000	0.000000	0.000000	0.000000	0.000000	0.000000	0.000000	0.000000	0	0.000000	0.000000
111	2026-09-13T03:50:05.84408435Z	111010	loop8	0.000000	0.000000	0.000000	0.000000	0.000000	0.000000	0.000000	0.000000	0.000000	0.000000	0.000000	0.000000	0.000000	0.000000	0.000000	0.000000	0.000000	0	0.000000	0.000000
111	2026-09-13T03:50:05.84408435Z	111010	loop9	0.000000	0.000000	0.000000	0.000000	0.000000	0.000000	0.000000	0.000000	0.000000	0.000000	0.000000	0.000000	0.000000	0.000000	0.000000	0.000000	0.000000	0	0.000000	0.000000
111	2026-09-13T03:50:05.84408435Z	111010	nvme0n1	0.000000	0.000000	0.000000	0.000000	0.000000	0.000000	0.000000	0.000000	0.000000	0.000000	0.000000	0.000000	0.000000	0.000000	0.000000	0.000000	0.000000	0	0.000000	0.000000
112	2026-09-13T03:50:06.844819239Z	112011	loop0	0.000000	0.000000	0.000000	0.000000	0.000000	0.000000	0.000000	0.000000	0.000000	0.000000	0.000000	0.000000	0.000000	0.000000	0.000000	0.000000	0.000000	0	0.000000	0.000000
112	2026-09-13T03:50:06.844819239Z	112011	loop1	0.000000	0.000000	0.000000	0.000000	0.000000	0.000000	0.000000	0.000000	0.000000	0.000000	0.000000	0.000000	0.000000	0.000000	0.000000	0.000000	0.000000	0	0.000000	0.000000
112	2026-09-13T03:50:06.844819239Z	112011	loop10	0.000000	0.000000	0.000000	0.000000	0.000000	0.000000	0.000000	0.000000	0.000000	0.000000	0.000000	0.000000	0.000000	0.000000	0.000000	0.000000	0.000000	0	0.000000	0.000000
112	2026-09-13T03:50:06.844819239Z	112011	loop11	0.000000	0.000000	0.000000	0.000000	0.000000	0.000000	0.000000	0.000000	0.000000	0.000000	0.000000	0.000000	0.000000	0.000000	0.000000	0.000000	0.000000	0	0.000000	0.000000
112	2026-09-13T03:50:06.844819239Z	112011	loop2	0.000000	0.000000	0.000000	0.000000	0.000000	0.000000	0.000000	0.000000	0.000000	0.000000	0.000000	0.000000	0.000000	0.000000	0.000000	0.000000	0.000000	0	0.000000	0.000000
112	2026-09-13T03:50:06.844819239Z	112011	loop3	0.000000	0.000000	0.000000	0.000000	0.000000	0.000000	0.000000	0.000000	0.000000	0.000000	0.000000	0.000000	0.000000	0.000000	0.000000	0.000000	0.000000	0	0.000000	0.000000
112	2026-09-13T03:50:06.844819239Z	112011	loop4	0.000000	0.000000	0.000000	0.000000	0.000000	0.000000	0.000000	0.000000	0.000000	0.000000	0.000000	0.000000	0.000000	0.000000	0.000000	0.000000	0.000000	0	0.000000	0.000000
112	2026-09-13T03:50:06.844819239Z	112011	loop5	0.000000	0.000000	0.000000	0.000000	0.000000	0.000000	0.000000	0.000000	0.000000	0.000000	0.000000	0.000000	0.000000	0.000000	0.000000	0.000000	0.000000	0	0.000000	0.000000
112	2026-09-13T03:50:06.844819239Z	112011	loop6	0.000000	0.000000	0.000000	0.000000	0.000000	0.000000	0.000000	0.000000	0.000000	0.000000	0.000000	0.000000	0.000000	0.000000	0.000000	0.000000	0.000000	0	0.000000	0.000000
112	2026-09-13T03:50:06.844819239Z	112011	loop7	0.000000	0.000000	0.000000	0.000000	0.000000	0.000000	0.000000	0.000000	0.000000	0.000000	0.000000	0.000000	0.000000	0.000000	0.000000	0.000000	0.000000	0	0.000000	0.000000
112	2026-09-13T03:50:06.844819239Z	112011	loop8	0.000000	0.000000	0.000000	0.000000	0.000000	0.000000	0.000000	0.000000	0.000000	0.000000	0.000000	0.000000	0.000000	0.000000	0.000000	0.000000	0.000000	0	0.000000	0.000000
112	2026-09-13T03:50:06.844819239Z	112011	loop9	0.000000	0.000000	0.000000	0.000000	0.000000	0.000000	0.000000	0.000000	0.000000	0.000000	0.000000	0.000000	0.000000	0.000000	0.000000	0.000000	0.000000	0	0.000000	0.000000
112	2026-09-13T03:50:06.844819239Z	112011	nvme0n1	0.000000	0.000000	0.000000	0.000000	0.000000	0.000000	0.000000	0.000000	0.000000	0.000000	0.000000	0.000000	0.000000	0.000000	0.000000	0.000000	0.000000	0	0.000000	0.000000
113	2026-09-13T03:50:07.844429481Z	113011	loop0	0.000000	0.000000	0.000000	0.000000	0.000000	0.000000	0.000000	0.000000	0.000000	0.000000	0.000000	0.000000	0.000000	0.000000	0.000000	0.000000	0.000000	0	0.000000	0.000000
113	2026-09-13T03:50:07.844429481Z	113011	loop1	0.000000	0.000000	0.000000	0.000000	0.000000	0.000000	0.000000	0.000000	0.000000	0.000000	0.000000	0.000000	0.000000	0.000000	0.000000	0.000000	0.000000	0	0.000000	0.000000
113	2026-09-13T03:50:07.844429481Z	113011	loop10	0.000000	0.000000	0.000000	0.000000	0.000000	0.000000	0.000000	0.000000	0.000000	0.000000	0.000000	0.000000	0.000000	0.000000	0.000000	0.000000	0.000000	0	0.000000	0.000000
113	2026-09-13T03:50:07.844429481Z	113011	loop11	0.000000	0.000000	0.000000	0.000000	0.000000	0.000000	0.000000	0.000000	0.000000	0.000000	0.000000	0.000000	0.000000	0.000000	0.000000	0.000000	0.000000	0	0.000000	0.000000
113	2026-09-13T03:50:07.844429481Z	113011	loop2	0.000000	0.000000	0.000000	0.000000	0.000000	0.000000	0.000000	0.000000	0.000000	0.000000	0.000000	0.000000	0.000000	0.000000	0.000000	0.000000	0.000000	0	0.000000	0.000000
113	2026-09-13T03:50:07.844429481Z	113011	loop3	0.000000	0.000000	0.000000	0.000000	0.000000	0.000000	0.000000	0.000000	0.000000	0.000000	0.000000	0.000000	0.000000	0.000000	0.000000	0.000000	0.000000	0	0.000000	0.000000
113	2026-09-13T03:50:07.844429481Z	113011	loop4	0.000000	0.000000	0.000000	0.000000	0.000000	0.000000	0.000000	0.000000	0.000000	0.000000	0.000000	0.000000	0.000000	0.000000	0.000000	0.000000	0.000000	0	0.000000	0.000000
113	2026-09-13T03:50:07.844429481Z	113011	loop5	0.000000	0.000000	0.000000	0.000000	0.000000	0.000000	0.000000	0.000000	0.000000	0.000000	0.000000	0.000000	0.000000	0.000000	0.000000	0.000000	0.000000	0	0.000000	0.000000
113	2026-09-13T03:50:07.844429481Z	113011	loop6	0.000000	0.000000	0.000000	0.000000	0.000000	0.000000	0.000000	0.000000	0.000000	0.000000	0.000000	0.000000	0.000000	0.000000	0.000000	0.000000	0.000000	0	0.000000	0.000000
113	2026-09-13T03:50:07.844429481Z	113011	loop7	0.000000	0.000000	0.000000	0.000000	0.000000	0.000000	0.000000	0.000000	0.000000	0.000000	0.000000	0.000000	0.000000	0.000000	0.000000	0.000000	0.000000	0	0.000000	0.000000
113	2026-09-13T03:50:07.844429481Z	113011	loop8	0.000000	0.000000	0.000000	0.000000	0.000000	0.000000	0.000000	0.000000	0.000000	0.000000	0.000000	0.000000	0.000000	0.000000	0.000000	0.000000	0.000000	0	0.000000	0.000000
113	2026-09-13T03:50:07.844429481Z	113011	loop9	0.000000	0.000000	0.000000	0.000000	0.000000	0.000000	0.000000	0.000000	0.000000	0.000000	0.000000	0.000000	0.000000	0.000000	0.000000	0.000000	0.000000	0	0.000000	0.000000
113	2026-09-13T03:50:07.844429481Z	113011	nvme0n1	0.000000	0.000000	0.000000	0.000000	0.000000	0.000000	0.000000	0.000000	0.000000	0.000000	0.000000	0.000000	0.000000	0.000000	0.000000	0.000000	0.000000	0	0.000000	0.000000
114	2026-09-13T03:50:08.844074598Z	114010	loop0	0.000000	0.000000	0.000000	0.000000	0.000000	0.000000	0.000000	0.000000	0.000000	0.000000	0.000000	0.000000	0.000000	0.000000	0.000000	0.000000	0.000000	0	0.000000	0.000000
114	2026-09-13T03:50:08.844074598Z	114010	loop1	0.000000	0.000000	0.000000	0.000000	0.000000	0.000000	0.000000	0.000000	0.000000	0.000000	0.000000	0.000000	0.000000	0.000000	0.000000	0.000000	0.000000	0	0.000000	0.000000
114	2026-09-13T03:50:08.844074598Z	114010	loop10	0.000000	0.000000	0.000000	0.000000	0.000000	0.000000	0.000000	0.000000	0.000000	0.000000	0.000000	0.000000	0.000000	0.000000	0.000000	0.000000	0.000000	0	0.000000	0.000000
114	2026-09-13T03:50:08.844074598Z	114010	loop11	0.000000	0.000000	0.000000	0.000000	0.000000	0.000000	0.000000	0.000000	0.000000	0.000000	0.000000	0.000000	0.000000	0.000000	0.000000	0.000000	0.000000	0	0.000000	0.000000
114	2026-09-13T03:50:08.844074598Z	114010	loop2	0.000000	0.000000	0.000000	0.000000	0.000000	0.000000	0.000000	0.000000	0.000000	0.000000	0.000000	0.000000	0.000000	0.000000	0.000000	0.000000	0.000000	0	0.000000	0.000000
114	2026-09-13T03:50:08.844074598Z	114010	loop3	0.000000	0.000000	0.000000	0.000000	0.000000	0.000000	0.000000	0.000000	0.000000	0.000000	0.000000	0.000000	0.000000	0.000000	0.000000	0.000000	0.000000	0	0.000000	0.000000
114	2026-09-13T03:50:08.844074598Z	114010	loop4	0.000000	0.000000	0.000000	0.000000	0.000000	0.000000	0.000000	0.000000	0.000000	0.000000	0.000000	0.000000	0.000000	0.000000	0.000000	0.000000	0.000000	0	0.000000	0.000000
114	2026-09-13T03:50:08.844074598Z	114010	loop5	0.000000	0.000000	0.000000	0.000000	0.000000	0.000000	0.000000	0.000000	0.000000	0.000000	0.000000	0.000000	0.000000	0.000000	0.000000	0.000000	0.000000	0	0.000000	0.000000
114	2026-09-13T03:50:08.844074598Z	114010	loop6	0.000000	0.000000	0.000000	0.000000	0.000000	0.000000	0.000000	0.000000	0.000000	0.000000	0.000000	0.000000	0.000000	0.000000	0.000000	0.000000	0.000000	0	0.000000	0.000000
114	2026-09-13T03:50:08.844074598Z	114010	loop7	0.000000	0.000000	0.000000	0.000000	0.000000	0.000000	0.000000	0.000000	0.000000	0.000000	0.000000	0.000000	0.000000	0.000000	0.000000	0.000000	0.000000	0	0.000000	0.000000
114	2026-09-13T03:50:08.844074598Z	114010	loop8	0.000000	0.000000	0.000000	0.000000	0.000000	0.000000	0.000000	0.000000	0.000000	0.000000	0.000000	0.000000	0.000000	0.000000	0.000000	0.000000	0.000000	0	0.000000	0.000000
114	2026-09-13T03:50:08.844074598Z	114010	loop9	0.000000	0.000000	0.000000	0.000000	0.000000	0.000000	0.000000	0.000000	0.000000	0.000000	0.000000	0.000000	0.000000	0.000000	0.000000	0.000000	0.000000	0	0.000000	0.000000
114	2026-09-13T03:50:08.844074598Z	114010	nvme0n1	0.000000	2.000710	0.000000	0.000000	0.000000	1.000355	0.000000	0.000000	12292.362338	0.000000	0.000000	1.000000	0.000000	0.000000	0.000000	6144.000000	0.000000	0	0.400142	0.002001
115	2026-09-13T03:50:09.844072655Z	115010	loop0	0.000000	0.000000	0.000000	0.000000	0.000000	0.000000	0.000000	0.000000	0.000000	0.000000	0.000000	0.000000	0.000000	0.000000	0.000000	0.000000	0.000000	0	0.000000	0.000000
115	2026-09-13T03:50:09.844072655Z	115010	loop1	0.000000	0.000000	0.000000	0.000000	0.000000	0.000000	0.000000	0.000000	0.000000	0.000000	0.000000	0.000000	0.000000	0.000000	0.000000	0.000000	0.000000	0	0.000000	0.000000
115	2026-09-13T03:50:09.844072655Z	115010	loop10	0.000000	0.000000	0.000000	0.000000	0.000000	0.000000	0.000000	0.000000	0.000000	0.000000	0.000000	0.000000	0.000000	0.000000	0.000000	0.000000	0.000000	0	0.000000	0.000000
115	2026-09-13T03:50:09.844072655Z	115010	loop11	0.000000	0.000000	0.000000	0.000000	0.000000	0.000000	0.000000	0.000000	0.000000	0.000000	0.000000	0.000000	0.000000	0.000000	0.000000	0.000000	0.000000	0	0.000000	0.000000
115	2026-09-13T03:50:09.844072655Z	115010	loop2	0.000000	0.000000	0.000000	0.000000	0.000000	0.000000	0.000000	0.000000	0.000000	0.000000	0.000000	0.000000	0.000000	0.000000	0.000000	0.000000	0.000000	0	0.000000	0.000000
115	2026-09-13T03:50:09.844072655Z	115010	loop3	0.000000	0.000000	0.000000	0.000000	0.000000	0.000000	0.000000	0.000000	0.000000	0.000000	0.000000	0.000000	0.000000	0.000000	0.000000	0.000000	0.000000	0	0.000000	0.000000
115	2026-09-13T03:50:09.844072655Z	115010	loop4	0.000000	0.000000	0.000000	0.000000	0.000000	0.000000	0.000000	0.000000	0.000000	0.000000	0.000000	0.000000	0.000000	0.000000	0.000000	0.000000	0.000000	0	0.000000	0.000000
115	2026-09-13T03:50:09.844072655Z	115010	loop5	0.000000	0.000000	0.000000	0.000000	0.000000	0.000000	0.000000	0.000000	0.000000	0.000000	0.000000	0.000000	0.000000	0.000000	0.000000	0.000000	0.000000	0	0.000000	0.000000
115	2026-09-13T03:50:09.844072655Z	115010	loop6	0.000000	0.000000	0.000000	0.000000	0.000000	0.000000	0.000000	0.000000	0.000000	0.000000	0.000000	0.000000	0.000000	0.000000	0.000000	0.000000	0.000000	0	0.000000	0.000000
115	2026-09-13T03:50:09.844072655Z	115010	loop7	0.000000	0.000000	0.000000	0.000000	0.000000	0.000000	0.000000	0.000000	0.000000	0.000000	0.000000	0.000000	0.000000	0.000000	0.000000	0.000000	0.000000	0	0.000000	0.000000
115	2026-09-13T03:50:09.844072655Z	115010	loop8	0.000000	0.000000	0.000000	0.000000	0.000000	0.000000	0.000000	0.000000	0.000000	0.000000	0.000000	0.000000	0.000000	0.000000	0.000000	0.000000	0.000000	0	0.000000	0.000000
115	2026-09-13T03:50:09.844072655Z	115010	loop9	0.000000	0.000000	0.000000	0.000000	0.000000	0.000000	0.000000	0.000000	0.000000	0.000000	0.000000	0.000000	0.000000	0.000000	0.000000	0.000000	0.000000	0	0.000000	0.000000
115	2026-09-13T03:50:09.844072655Z	115010	nvme0n1	0.000000	0.000000	0.000000	0.000000	0.000000	0.000000	0.000000	0.000000	0.000000	0.000000	0.000000	0.000000	0.000000	0.000000	0.000000	0.000000	0.000000	0	0.000000	0.000000
116	2026-09-13T03:50:10.844785243Z	116011	loop0	0.000000	0.000000	0.000000	0.000000	0.000000	0.000000	0.000000	0.000000	0.000000	0.000000	0.000000	0.000000	0.000000	0.000000	0.000000	0.000000	0.000000	0	0.000000	0.000000
116	2026-09-13T03:50:10.844785243Z	116011	loop1	0.000000	0.000000	0.000000	0.000000	0.000000	0.000000	0.000000	0.000000	0.000000	0.000000	0.000000	0.000000	0.000000	0.000000	0.000000	0.000000	0.000000	0	0.000000	0.000000
116	2026-09-13T03:50:10.844785243Z	116011	loop10	0.000000	0.000000	0.000000	0.000000	0.000000	0.000000	0.000000	0.000000	0.000000	0.000000	0.000000	0.000000	0.000000	0.000000	0.000000	0.000000	0.000000	0	0.000000	0.000000
116	2026-09-13T03:50:10.844785243Z	116011	loop11	0.000000	0.000000	0.000000	0.000000	0.000000	0.000000	0.000000	0.000000	0.000000	0.000000	0.000000	0.000000	0.000000	0.000000	0.000000	0.000000	0.000000	0	0.000000	0.000000
116	2026-09-13T03:50:10.844785243Z	116011	loop2	0.000000	0.000000	0.000000	0.000000	0.000000	0.000000	0.000000	0.000000	0.000000	0.000000	0.000000	0.000000	0.000000	0.000000	0.000000	0.000000	0.000000	0	0.000000	0.000000
116	2026-09-13T03:50:10.844785243Z	116011	loop3	0.000000	0.000000	0.000000	0.000000	0.000000	0.000000	0.000000	0.000000	0.000000	0.000000	0.000000	0.000000	0.000000	0.000000	0.000000	0.000000	0.000000	0	0.000000	0.000000
116	2026-09-13T03:50:10.844785243Z	116011	loop4	0.000000	0.000000	0.000000	0.000000	0.000000	0.000000	0.000000	0.000000	0.000000	0.000000	0.000000	0.000000	0.000000	0.000000	0.000000	0.000000	0.000000	0	0.000000	0.000000
116	2026-09-13T03:50:10.844785243Z	116011	loop5	0.000000	0.000000	0.000000	0.000000	0.000000	0.000000	0.000000	0.000000	0.000000	0.000000	0.000000	0.000000	0.000000	0.000000	0.000000	0.000000	0.000000	0	0.000000	0.000000
116	2026-09-13T03:50:10.844785243Z	116011	loop6	0.000000	0.000000	0.000000	0.000000	0.000000	0.000000	0.000000	0.000000	0.000000	0.000000	0.000000	0.000000	0.000000	0.000000	0.000000	0.000000	0.000000	0	0.000000	0.000000
116	2026-09-13T03:50:10.844785243Z	116011	loop7	0.000000	0.000000	0.000000	0.000000	0.000000	0.000000	0.000000	0.000000	0.000000	0.000000	0.000000	0.000000	0.000000	0.000000	0.000000	0.000000	0.000000	0	0.000000	0.000000
116	2026-09-13T03:50:10.844785243Z	116011	loop8	0.000000	0.000000	0.000000	0.000000	0.000000	0.000000	0.000000	0.000000	0.000000	0.000000	0.000000	0.000000	0.000000	0.000000	0.000000	0.000000	0.000000	0	0.000000	0.000000
116	2026-09-13T03:50:10.844785243Z	116011	loop9	0.000000	0.000000	0.000000	0.000000	0.000000	0.000000	0.000000	0.000000	0.000000	0.000000	0.000000	0.000000	0.000000	0.000000	0.000000	0.000000	0.000000	0	0.000000	0.000000
116	2026-09-13T03:50:10.844785243Z	116011	nvme0n1	0.000000	0.000000	0.000000	0.000000	0.000000	0.000000	0.000000	0.000000	0.000000	0.000000	0.000000	0.000000	0.000000	0.000000	0.000000	0.000000	0.000000	0	0.000000	0.000000
117	2026-09-13T03:50:11.844471457Z	117011	loop0	0.000000	0.000000	0.000000	0.000000	0.000000	0.000000	0.000000	0.000000	0.000000	0.000000	0.000000	0.000000	0.000000	0.000000	0.000000	0.000000	0.000000	0	0.000000	0.000000
117	2026-09-13T03:50:11.844471457Z	117011	loop1	0.000000	0.000000	0.000000	0.000000	0.000000	0.000000	0.000000	0.000000	0.000000	0.000000	0.000000	0.000000	0.000000	0.000000	0.000000	0.000000	0.000000	0	0.000000	0.000000
117	2026-09-13T03:50:11.844471457Z	117011	loop10	0.000000	0.000000	0.000000	0.000000	0.000000	0.000000	0.000000	0.000000	0.000000	0.000000	0.000000	0.000000	0.000000	0.000000	0.000000	0.000000	0.000000	0	0.000000	0.000000
117	2026-09-13T03:50:11.844471457Z	117011	loop11	0.000000	0.000000	0.000000	0.000000	0.000000	0.000000	0.000000	0.000000	0.000000	0.000000	0.000000	0.000000	0.000000	0.000000	0.000000	0.000000	0.000000	0	0.000000	0.000000
117	2026-09-13T03:50:11.844471457Z	117011	loop2	0.000000	0.000000	0.000000	0.000000	0.000000	0.000000	0.000000	0.000000	0.000000	0.000000	0.000000	0.000000	0.000000	0.000000	0.000000	0.000000	0.000000	0	0.000000	0.000000
117	2026-09-13T03:50:11.844471457Z	117011	loop3	0.000000	0.000000	0.000000	0.000000	0.000000	0.000000	0.000000	0.000000	0.000000	0.000000	0.000000	0.000000	0.000000	0.000000	0.000000	0.000000	0.000000	0	0.000000	0.000000
117	2026-09-13T03:50:11.844471457Z	117011	loop4	0.000000	0.000000	0.000000	0.000000	0.000000	0.000000	0.000000	0.000000	0.000000	0.000000	0.000000	0.000000	0.000000	0.000000	0.000000	0.000000	0.000000	0	0.000000	0.000000
117	2026-09-13T03:50:11.844471457Z	117011	loop5	0.000000	0.000000	0.000000	0.000000	0.000000	0.000000	0.000000	0.000000	0.000000	0.000000	0.000000	0.000000	0.000000	0.000000	0.000000	0.000000	0.000000	0	0.000000	0.000000
117	2026-09-13T03:50:11.844471457Z	117011	loop6	0.000000	0.000000	0.000000	0.000000	0.000000	0.000000	0.000000	0.000000	0.000000	0.000000	0.000000	0.000000	0.000000	0.000000	0.000000	0.000000	0.000000	0	0.000000	0.000000
117	2026-09-13T03:50:11.844471457Z	117011	loop7	0.000000	0.000000	0.000000	0.000000	0.000000	0.000000	0.000000	0.000000	0.000000	0.000000	0.000000	0.000000	0.000000	0.000000	0.000000	0.000000	0.000000	0	0.000000	0.000000
117	2026-09-13T03:50:11.844471457Z	117011	loop8	0.000000	0.000000	0.000000	0.000000	0.000000	0.000000	0.000000	0.000000	0.000000	0.000000	0.000000	0.000000	0.000000	0.000000	0.000000	0.000000	0.000000	0	0.000000	0.000000
117	2026-09-13T03:50:11.844471457Z	117011	loop9	0.000000	0.000000	0.000000	0.000000	0.000000	0.000000	0.000000	0.000000	0.000000	0.000000	0.000000	0.000000	0.000000	0.000000	0.000000	0.000000	0.000000	0	0.000000	0.000000
117	2026-09-13T03:50:11.844471457Z	117011	nvme0n1	0.000000	0.000000	0.000000	0.000000	0.000000	0.000000	0.000000	0.000000	0.000000	0.000000	0.000000	0.000000	0.000000	0.000000	0.000000	0.000000	0.000000	0	0.000000	0.000000
118	2026-09-13T03:50:12.844084225Z	118010	loop0	0.000000	0.000000	0.000000	0.000000	0.000000	0.000000	0.000000	0.000000	0.000000	0.000000	0.000000	0.000000	0.000000	0.000000	0.000000	0.000000	0.000000	0	0.000000	0.000000
118	2026-09-13T03:50:12.844084225Z	118010	loop1	0.000000	0.000000	0.000000	0.000000	0.000000	0.000000	0.000000	0.000000	0.000000	0.000000	0.000000	0.000000	0.000000	0.000000	0.000000	0.000000	0.000000	0	0.000000	0.000000
118	2026-09-13T03:50:12.844084225Z	118010	loop10	0.000000	0.000000	0.000000	0.000000	0.000000	0.000000	0.000000	0.000000	0.000000	0.000000	0.000000	0.000000	0.000000	0.000000	0.000000	0.000000	0.000000	0	0.000000	0.000000
118	2026-09-13T03:50:12.844084225Z	118010	loop11	0.000000	0.000000	0.000000	0.000000	0.000000	0.000000	0.000000	0.000000	0.000000	0.000000	0.000000	0.000000	0.000000	0.000000	0.000000	0.000000	0.000000	0	0.000000	0.000000
118	2026-09-13T03:50:12.844084225Z	118010	loop2	0.000000	0.000000	0.000000	0.000000	0.000000	0.000000	0.000000	0.000000	0.000000	0.000000	0.000000	0.000000	0.000000	0.000000	0.000000	0.000000	0.000000	0	0.000000	0.000000
118	2026-09-13T03:50:12.844084225Z	118010	loop3	0.000000	0.000000	0.000000	0.000000	0.000000	0.000000	0.000000	0.000000	0.000000	0.000000	0.000000	0.000000	0.000000	0.000000	0.000000	0.000000	0.000000	0	0.000000	0.000000
118	2026-09-13T03:50:12.844084225Z	118010	loop4	0.000000	0.000000	0.000000	0.000000	0.000000	0.000000	0.000000	0.000000	0.000000	0.000000	0.000000	0.000000	0.000000	0.000000	0.000000	0.000000	0.000000	0	0.000000	0.000000
118	2026-09-13T03:50:12.844084225Z	118010	loop5	0.000000	0.000000	0.000000	0.000000	0.000000	0.000000	0.000000	0.000000	0.000000	0.000000	0.000000	0.000000	0.000000	0.000000	0.000000	0.000000	0.000000	0	0.000000	0.000000
118	2026-09-13T03:50:12.844084225Z	118010	loop6	0.000000	0.000000	0.000000	0.000000	0.000000	0.000000	0.000000	0.000000	0.000000	0.000000	0.000000	0.000000	0.000000	0.000000	0.000000	0.000000	0.000000	0	0.000000	0.000000
118	2026-09-13T03:50:12.844084225Z	118010	loop7	0.000000	0.000000	0.000000	0.000000	0.000000	0.000000	0.000000	0.000000	0.000000	0.000000	0.000000	0.000000	0.000000	0.000000	0.000000	0.000000	0.000000	0	0.000000	0.000000
118	2026-09-13T03:50:12.844084225Z	118010	loop8	0.000000	0.000000	0.000000	0.000000	0.000000	0.000000	0.000000	0.000000	0.000000	0.000000	0.000000	0.000000	0.000000	0.000000	0.000000	0.000000	0.000000	0	0.000000	0.000000
118	2026-09-13T03:50:12.844084225Z	118010	loop9	0.000000	0.000000	0.000000	0.000000	0.000000	0.000000	0.000000	0.000000	0.000000	0.000000	0.000000	0.000000	0.000000	0.000000	0.000000	0.000000	0.000000	0	0.000000	0.000000
118	2026-09-13T03:50:12.844084225Z	118010	nvme0n1	0.000000	0.000000	0.000000	0.000000	0.000000	0.000000	0.000000	0.000000	0.000000	0.000000	0.000000	0.000000	0.000000	0.000000	0.000000	0.000000	0.000000	0	0.000000	0.000000
119	2026-09-13T03:50:13.844739136Z	119011	loop0	0.000000	0.000000	0.000000	0.000000	0.000000	0.000000	0.000000	0.000000	0.000000	0.000000	0.000000	0.000000	0.000000	0.000000	0.000000	0.000000	0.000000	0	0.000000	0.000000
119	2026-09-13T03:50:13.844739136Z	119011	loop1	0.000000	0.000000	0.000000	0.000000	0.000000	0.000000	0.000000	0.000000	0.000000	0.000000	0.000000	0.000000	0.000000	0.000000	0.000000	0.000000	0.000000	0	0.000000	0.000000
119	2026-09-13T03:50:13.844739136Z	119011	loop10	0.000000	0.000000	0.000000	0.000000	0.000000	0.000000	0.000000	0.000000	0.000000	0.000000	0.000000	0.000000	0.000000	0.000000	0.000000	0.000000	0.000000	0	0.000000	0.000000
119	2026-09-13T03:50:13.844739136Z	119011	loop11	0.000000	0.000000	0.000000	0.000000	0.000000	0.000000	0.000000	0.000000	0.000000	0.000000	0.000000	0.000000	0.000000	0.000000	0.000000	0.000000	0.000000	0	0.000000	0.000000
119	2026-09-13T03:50:13.844739136Z	119011	loop2	0.000000	0.000000	0.000000	0.000000	0.000000	0.000000	0.000000	0.000000	0.000000	0.000000	0.000000	0.000000	0.000000	0.000000	0.000000	0.000000	0.000000	0	0.000000	0.000000
119	2026-09-13T03:50:13.844739136Z	119011	loop3	0.000000	0.000000	0.000000	0.000000	0.000000	0.000000	0.000000	0.000000	0.000000	0.000000	0.000000	0.000000	0.000000	0.000000	0.000000	0.000000	0.000000	0	0.000000	0.000000
119	2026-09-13T03:50:13.844739136Z	119011	loop4	0.000000	0.000000	0.000000	0.000000	0.000000	0.000000	0.000000	0.000000	0.000000	0.000000	0.000000	0.000000	0.000000	0.000000	0.000000	0.000000	0.000000	0	0.000000	0.000000
119	2026-09-13T03:50:13.844739136Z	119011	loop5	0.000000	0.000000	0.000000	0.000000	0.000000	0.000000	0.000000	0.000000	0.000000	0.000000	0.000000	0.000000	0.000000	0.000000	0.000000	0.000000	0.000000	0	0.000000	0.000000
119	2026-09-13T03:50:13.844739136Z	119011	loop6	0.000000	0.000000	0.000000	0.000000	0.000000	0.000000	0.000000	0.000000	0.000000	0.000000	0.000000	0.000000	0.000000	0.000000	0.000000	0.000000	0.000000	0	0.000000	0.000000
119	2026-09-13T03:50:13.844739136Z	119011	loop7	0.000000	0.000000	0.000000	0.000000	0.000000	0.000000	0.000000	0.000000	0.000000	0.000000	0.000000	0.000000	0.000000	0.000000	0.000000	0.000000	0.000000	0	0.000000	0.000000
119	2026-09-13T03:50:13.844739136Z	119011	loop8	0.000000	0.000000	0.000000	0.000000	0.000000	0.000000	0.000000	0.000000	0.000000	0.000000	0.000000	0.000000	0.000000	0.000000	0.000000	0.000000	0.000000	0	0.000000	0.000000
119	2026-09-13T03:50:13.844739136Z	119011	loop9	0.000000	0.000000	0.000000	0.000000	0.000000	0.000000	0.000000	0.000000	0.000000	0.000000	0.000000	0.000000	0.000000	0.000000	0.000000	0.000000	0.000000	0	0.000000	0.000000
119	2026-09-13T03:50:13.844739136Z	119011	nvme0n1	0.000000	1.998691	0.000000	0.000000	0.000000	0.999346	0.000000	0.000000	12279.957721	0.000000	0.000000	1.000000	0.000000	0.000000	0.000000	6144.000000	0.000000	0	0.399738	0.000999
120	2026-09-13T03:50:14.844075222Z	120010	loop0	0.000000	0.000000	0.000000	0.000000	0.000000	0.000000	0.000000	0.000000	0.000000	0.000000	0.000000	0.000000	0.000000	0.000000	0.000000	0.000000	0.000000	0	0.000000	0.000000
120	2026-09-13T03:50:14.844075222Z	120010	loop1	0.000000	0.000000	0.000000	0.000000	0.000000	0.000000	0.000000	0.000000	0.000000	0.000000	0.000000	0.000000	0.000000	0.000000	0.000000	0.000000	0.000000	0	0.000000	0.000000
120	2026-09-13T03:50:14.844075222Z	120010	loop10	0.000000	0.000000	0.000000	0.000000	0.000000	0.000000	0.000000	0.000000	0.000000	0.000000	0.000000	0.000000	0.000000	0.000000	0.000000	0.000000	0.000000	0	0.000000	0.000000
120	2026-09-13T03:50:14.844075222Z	120010	loop11	0.000000	0.000000	0.000000	0.000000	0.000000	0.000000	0.000000	0.000000	0.000000	0.000000	0.000000	0.000000	0.000000	0.000000	0.000000	0.000000	0.000000	0	0.000000	0.000000
120	2026-09-13T03:50:14.844075222Z	120010	loop2	0.000000	0.000000	0.000000	0.000000	0.000000	0.000000	0.000000	0.000000	0.000000	0.000000	0.000000	0.000000	0.000000	0.000000	0.000000	0.000000	0.000000	0	0.000000	0.000000
120	2026-09-13T03:50:14.844075222Z	120010	loop3	0.000000	0.000000	0.000000	0.000000	0.000000	0.000000	0.000000	0.000000	0.000000	0.000000	0.000000	0.000000	0.000000	0.000000	0.000000	0.000000	0.000000	0	0.000000	0.000000
120	2026-09-13T03:50:14.844075222Z	120010	loop4	0.000000	0.000000	0.000000	0.000000	0.000000	0.000000	0.000000	0.000000	0.000000	0.000000	0.000000	0.000000	0.000000	0.000000	0.000000	0.000000	0.000000	0	0.000000	0.000000
120	2026-09-13T03:50:14.844075222Z	120010	loop5	0.000000	0.000000	0.000000	0.000000	0.000000	0.000000	0.000000	0.000000	0.000000	0.000000	0.000000	0.000000	0.000000	0.000000	0.000000	0.000000	0.000000	0	0.000000	0.000000
120	2026-09-13T03:50:14.844075222Z	120010	loop6	0.000000	0.000000	0.000000	0.000000	0.000000	0.000000	0.000000	0.000000	0.000000	0.000000	0.000000	0.000000	0.000000	0.000000	0.000000	0.000000	0.000000	0	0.000000	0.000000
120	2026-09-13T03:50:14.844075222Z	120010	loop7	0.000000	0.000000	0.000000	0.000000	0.000000	0.000000	0.000000	0.000000	0.000000	0.000000	0.000000	0.000000	0.000000	0.000000	0.000000	0.000000	0.000000	0	0.000000	0.000000
120	2026-09-13T03:50:14.844075222Z	120010	loop8	0.000000	0.000000	0.000000	0.000000	0.000000	0.000000	0.000000	0.000000	0.000000	0.000000	0.000000	0.000000	0.000000	0.000000	0.000000	0.000000	0.000000	0	0.000000	0.000000
120	2026-09-13T03:50:14.844075222Z	120010	loop9	0.000000	0.000000	0.000000	0.000000	0.000000	0.000000	0.000000	0.000000	0.000000	0.000000	0.000000	0.000000	0.000000	0.000000	0.000000	0.000000	0.000000	0	0.000000	0.000000
120	2026-09-13T03:50:14.844075222Z	120010	nvme0n1	0.000000	0.000000	0.000000	0.000000	0.000000	0.000000	0.000000	0.000000	0.000000	0.000000	0.000000	0.000000	0.000000	0.000000	0.000000	0.000000	0.000000	0	0.000000	0.000000
121	2026-09-13T03:50:15.844076214Z	121010	loop0	0.000000	0.000000	0.000000	0.000000	0.000000	0.000000	0.000000	0.000000	0.000000	0.000000	0.000000	0.000000	0.000000	0.000000	0.000000	0.000000	0.000000	0	0.000000	0.000000
121	2026-09-13T03:50:15.844076214Z	121010	loop1	0.000000	0.000000	0.000000	0.000000	0.000000	0.000000	0.000000	0.000000	0.000000	0.000000	0.000000	0.000000	0.000000	0.000000	0.000000	0.000000	0.000000	0	0.000000	0.000000
121	2026-09-13T03:50:15.844076214Z	121010	loop10	0.000000	0.000000	0.000000	0.000000	0.000000	0.000000	0.000000	0.000000	0.000000	0.000000	0.000000	0.000000	0.000000	0.000000	0.000000	0.000000	0.000000	0	0.000000	0.000000
121	2026-09-13T03:50:15.844076214Z	121010	loop11	0.000000	0.000000	0.000000	0.000000	0.000000	0.000000	0.000000	0.000000	0.000000	0.000000	0.000000	0.000000	0.000000	0.000000	0.000000	0.000000	0.000000	0	0.000000	0.000000
121	2026-09-13T03:50:15.844076214Z	121010	loop2	0.000000	0.000000	0.000000	0.000000	0.000000	0.000000	0.000000	0.000000	0.000000	0.000000	0.000000	0.000000	0.000000	0.000000	0.000000	0.000000	0.000000	0	0.000000	0.000000
121	2026-09-13T03:50:15.844076214Z	121010	loop3	0.000000	0.000000	0.000000	0.000000	0.000000	0.000000	0.000000	0.000000	0.000000	0.000000	0.000000	0.000000	0.000000	0.000000	0.000000	0.000000	0.000000	0	0.000000	0.000000
121	2026-09-13T03:50:15.844076214Z	121010	loop4	0.000000	0.000000	0.000000	0.000000	0.000000	0.000000	0.000000	0.000000	0.000000	0.000000	0.000000	0.000000	0.000000	0.000000	0.000000	0.000000	0.000000	0	0.000000	0.000000
121	2026-09-13T03:50:15.844076214Z	121010	loop5	0.000000	0.000000	0.000000	0.000000	0.000000	0.000000	0.000000	0.000000	0.000000	0.000000	0.000000	0.000000	0.000000	0.000000	0.000000	0.000000	0.000000	0	0.000000	0.000000
121	2026-09-13T03:50:15.844076214Z	121010	loop6	0.000000	0.000000	0.000000	0.000000	0.000000	0.000000	0.000000	0.000000	0.000000	0.000000	0.000000	0.000000	0.000000	0.000000	0.000000	0.000000	0.000000	0	0.000000	0.000000
121	2026-09-13T03:50:15.844076214Z	121010	loop7	0.000000	0.000000	0.000000	0.000000	0.000000	0.000000	0.000000	0.000000	0.000000	0.000000	0.000000	0.000000	0.000000	0.000000	0.000000	0.000000	0.000000	0	0.000000	0.000000
121	2026-09-13T03:50:15.844076214Z	121010	loop8	0.000000	0.000000	0.000000	0.000000	0.000000	0.000000	0.000000	0.000000	0.000000	0.000000	0.000000	0.000000	0.000000	0.000000	0.000000	0.000000	0.000000	0	0.000000	0.000000
121	2026-09-13T03:50:15.844076214Z	121010	loop9	0.000000	0.000000	0.000000	0.000000	0.000000	0.000000	0.000000	0.000000	0.000000	0.000000	0.000000	0.000000	0.000000	0.000000	0.000000	0.000000	0.000000	0	0.000000	0.000000
121	2026-09-13T03:50:15.844076214Z	121010	nvme0n1	0.000000	0.000000	0.000000	0.000000	0.000000	0.000000	0.000000	0.000000	0.000000	0.000000	0.000000	0.000000	0.000000	0.000000	0.000000	0.000000	0.000000	0	0.000000	0.000000
